#
# A fatal error has been detected by the Java Runtime Environment:
#
#  SIGSEGV (0xb) at pc=0x000079517d2530db, pid=36126, tid=40440
#
# JRE version: OpenJDK Runtime Environment (26.0.1+8) (build 26.0.1+8-34)
# Java VM: OpenJDK 64-Bit Server VM (26.0.1+8-34, mixed mode, sharing, tiered, compressed oops, compressed class ptrs, g1 gc, linux-amd64)
# Problematic frame:
# C  [libpipewire-0.3.so.0+0x470db]
#
# Core dump will be written. Default location: Determined by the following: "/usr/share/apport/apport -p%p -s%s -c%c -d%d -P%P -u%u -g%g -F%F -- %E" (alternatively, falling back to /home/alexender19/Documentos/Proyectos/Juego_2D/core.36126)
#
# If you would like to submit a bug report, please visit:
#   https://bugreport.java.com/bugreport/crash.jsp
#

---------------  S U M M A R Y ------------

Command Line: -javaagent:/snap/intellij-idea/104/lib/idea_rt.jar=36983 -Dfile.encoding=UTF-8 -Dsun.stdout.encoding=UTF-8 -Dsun.stderr.encoding=UTF-8 main.Main

Host: 11th Gen Intel(R) Core(TM) i7-1165G7 @ 2.80GHz, 8 cores, 15G, Ubuntu 24.04.4 LTS
Time: Tue Jul 21 14:43:49 2026 CST elapsed time: 78.919446 seconds (0d 0h 1m 18s)

---------------  T H R E A D  ---------------

Current thread is native thread

Stack: [0x0000794fd4fe5000,0x0000794fd57e5000],  sp=0x0000794fd57e3a40,  free space=8186k
Native frames: (J=compiled Java code, j=interpreted, Vv=VM code, C=native code)
C  [libpipewire-0.3.so.0+0x470db]
C  [libpipewire-module-protocol-native.so+0x1fd32]
C  [libpipewire-module-protocol-native.so+0x15ee1]
C  [libpipewire-module-protocol-native.so+0x166c8]
C  [libspa-support.so+0x8d16]
C  [libpipewire-0.3.so.0+0x91c67]
C  [libc.so.6+0x9caa4]

siginfo: si_signo: 11 (SIGSEGV), si_code: 1 (SEGV_MAPERR), si_addr: 0x0000000000000008

Registers:
RAX=0x0000000000000000, RBX=0x0000000000000003, RCX=0x00000000ffffffff, RDX=0x0000000000000000
RSP=0x0000794fd57e3a40, RBP=0x0000794fd57e3a70, RSI=0x0000000000000000, RDI=0x000079510bfd70f0
R8 =0x0000000000000003, R9 =0x000079517d253080, R10=0x0000000000000048, R11=0x0000000000000007
R12=0x000079510bfd6200, R13=0x0000000000000003, R14=0x00000000ffffffff, R15=0x0000000000000002
RIP=0x000079517d2530db, EFLAGS=0x0000000000010246, CSGSFS=0x002b000000000033, ERR=0x0000000000000004
  TRAPNO=0x000000000000000e

XMM[0]=0x0000000000000000 0x0000000000000000
XMM[1]=0x0000000000000000 0x000079510bfd7218
XMM[2]=0x000079510bfe89d8 0x0000000600000000
XMM[3]=0x000079510bfd724c 0x0000000000000048
XMM[4]=0x0000000000000000 0x0000795194000090
XMM[5]=0x0000000000000000 0x0000000000000000
XMM[6]=0x0000000000000000 0x0000000000000000
XMM[7]=0x000079517d1e6195 0x000079517d1e61f4
XMM[8]=0x000079510bfcd280 0x000079510bfcd280
XMM[9]=0x000079510bfcd270 0x000079510bfcd270
XMM[10]=0x000079510bfcd260 0x000079510bfcd260
XMM[11]=0x000079510bfcd250 0x000079510bfcd250
XMM[12]=0x000079510bfcd240 0x000079510bfcd240
XMM[13]=0x000079510bfcd230 0x000079510bfcd230
XMM[14]=0x000079510bfcd220 0x000079510bfcd220
XMM[15]=0x000079510bfcd210 0x000079510bfcd210
  MXCSR=0x00001fa2


Top of Stack: (sp=0x0000794fd57e3a40)
0x0000794fd57e3a40:   000079510bfd7150 00000000ffffffff   Pq..Qy..........
0x0000794fd57e3a50:   000079510bfd6258 0000000000000001   Xb..Qy..........
0x0000794fd57e3a60:   000079510bfd7150 0000000000000001   Pq..Qy..........
0x0000794fd57e3a70:   0000794fd57e3b20 000079517c5f1d32    ;~.Oy..2._|Qy..
0x0000794fd57e3a80:   000079510bfd7150 0000000300000001   Pq..Qy..........
0x0000794fd57e3a90:   0000000300000002 ffffffffffffffff   ................
0x0000794fd57e3aa0:   000079510bfe89d8 0000000000000048   ....Qy..H.......
0x0000794fd57e3ab0:   0000000000000048 0000000000000000   H...............
0x0000794fd57e3ac0:   000079510bf15cf8 000079510bfd62a0   .\..Qy...b..Qy..
0x0000794fd57e3ad0:   0000000000000000 0000000000000000   ................
0x0000794fd57e3ae0:   0000000000000000 0000000000000000   ................
0x0000794fd57e3af0:   0000000000000000 a38127c2fb5bcb00   ..........[..'..
0x0000794fd57e3b00:   000079510bfd7210 000079510bfd6200   .r..Qy...b..Qy..
0x0000794fd57e3b10:   000079510bfd7210 000079510bfd6200   .r..Qy...b..Qy..
0x0000794fd57e3b20:   0000794fd57e3b80 000079517c5e7ee1   .;~.Oy...~^|Qy..
0x0000794fd57e3b30:   0000000000000000 0000794fd57e3b40   ........@;~.Oy..
0x0000794fd57e3b40:   000079510bfe1358 a38127c2fb5bcb00   X...Qy....[..'..
0x0000794fd57e3b50:   000079510bfe1420 000079510bfd6200    ...Qy...b..Qy..
0x0000794fd57e3b60:   000079510bcc43b0 000079510bfd7150   .C..Qy..Pq..Qy..
0x0000794fd57e3b70:   0000000000000d54 0000000000000001   T...............
0x0000794fd57e3b80:   0000794fd57e3c20 000079517c5e86c8    <~.Oy....^|Qy..
0x0000794fd57e3b90:   0000000000000000 000079510bfd7210   .........r..Qy..
0x0000794fd57e3ba0:   0000000000000000 0000000000000008   ................
0x0000794fd57e3bb0:   0000794f00000004 0000000000000008   ....Oy..........
0x0000794fd57e3bc0:   0000794fd57e3bd0 000079510bfb4a70   .;~.Oy..pJ..Qy..
0x0000794fd57e3bd0:   0000794fd57e3c20 00007951ceca0157    <~.Oy..W...Qy..
0x0000794fd57e3be0:   0000000000000000 a38127c2fb5bcb00   ..........[..'..
0x0000794fd57e3bf0:   0000000000000001 0000794fd57e3c58   ........X<~.Oy..
0x0000794fd57e3c00:   0000794fd57e3c58 0000794fd57e3c68   X<~.Oy..h<~.Oy..
0x0000794fd57e3c10:   0000000000000001 000079510bfc3860   ........`8..Qy..
0x0000794fd57e3c20:   0000794fd57e3e90 000079517d1f2d16   .>~.Oy...-.}Qy..
0x0000794fd57e3c30:   0000000000000000 0000000000000000   ................

Instructions: (pc=0x000079517d2530db)
  0x000079517d252fdb:   49 8b 84 24 08 01 00 00 89 de 48 c1 e8 03 48 39
  0x000079517d252feb:   c6 73 32 49 8b 84 24 00 01 00 00 48 8b 3c f0 40
  0x000079517d252ffb:   f6 c7 01 75 20 48 85 ff 74 1b 48 8d 65 e8 44 89
  0x000079517d25300b:   ee 5b 41 5c 41 5d 5d e9 99 55 03 00 66 0f 1f 84
  0x000079517d25301b:   00 00 00 00 00 48 8d 65 e8 5b 41 5c 41 5d 5d c3
  0x000079517d25302b:   0f 1f 44 00 00 48 8b 05 81 6f 09 00 83 38 03 76
  0x000079517d25303b:   9f 48 83 ec 08 4c 8d 0d 7f 39 05 00 31 c0 b9 47
  0x000079517d25304b:   00 00 00 41 55 4c 8d 05 b9 fa 05 00 48 8d 15 26
  0x000079517d25305b:   39 05 00 bf 04 00 00 00 53 48 8d 35 e5 6f 09 00
  0x000079517d25306b:   41 54 e8 fe bf 01 00 48 83 c4 20 e9 60 ff ff ff
  0x000079517d25307b:   0f 1f 44 00 00 f3 0f 1e fa 55 48 89 e5 41 57 41
  0x000079517d25308b:   89 d7 41 56 41 89 ce 41 55 41 89 f5 41 54 49 89
  0x000079517d25309b:   fc 53 44 89 c3 48 83 ec 08 80 3d b9 6f 09 00 00
  0x000079517d2530ab:   0f 84 9f 00 00 00 31 c0 83 3d a6 6f 09 00 03 0f
  0x000079517d2530bb:   97 c0 48 85 c0 0f 85 b1 00 00 00 49 8b bc 24 98
  0x000079517d2530cb:   00 00 00 89 de 44 89 f1 44 89 fa e8 95 d9 01 00
=>0x000079517d2530db:   44 8b 40 08 48 89 c3 45 39 e8 74 59 80 3d 76 6f
  0x000079517d2530eb:   09 00 00 75 78 48 8b 05 c1 6e 09 00 8b 00 85 c0
  0x000079517d2530fb:   0f 95 c0 0f b6 c0 48 85 c0 0f 85 b0 00 00 00 31
  0x000079517d25310b:   c0 44 89 e9 48 8d 15 5a 9f 05 00 4c 89 e7 be ea
  0x000079517d25311b:   ff ff ff e8 6d 2b 03 00 83 6b 0c 01 75 17 48 8d
  0x000079517d25312b:   65 d8 48 89 df 5b 41 5c 41 5d 41 5e 41 5f 5d e9
  0x000079517d25313b:   21 de 01 00 90 48 8d 65 d8 5b 41 5c 41 5d 41 5e
  0x000079517d25314b:   41 5f 5d c3 90 48 8b 05 61 6e 09 00 83 38 03 0f
  0x000079517d25315b:   97 c0 0f b6 c0 e9 58 ff ff ff 0f 1f 00 8b 15 f2
  0x000079517d25316b:   6e 09 00 31 c0 85 d2 0f 95 c0 eb 8a 48 83 ec 08
  0x000079517d25317b:   4c 8d 0d 96 9e 05 00 31 c0 b9 51 00 00 00 53 4c
  0x000079517d25318b:   8d 05 5f f9 05 00 48 8d 15 ec 37 05 00 bf 04 00
  0x000079517d25319b:   00 00 41 56 48 8d 35 aa 6e 09 00 41 57 41 55 41
  0x000079517d2531ab:   54 e8 bf be 01 00 48 83 c4 30 e9 0c ff ff ff 41
  0x000079517d2531bb:   50 4c 8d 0d 7d 9e 05 00 b9 55 00 00 00 31 c0 41
  0x000079517d2531cb:   56 4c 8d 05 1d f9 05 00 48 8d 15 aa 37 05 00 bf



---------------  P R O C E S S  ---------------

VM state: not at safepoint (normal execution)

VM Mutex/Monitor currently owned by a thread: None

Heap address: 0x000000070ba00000, size: 3910 MB, Compressed Oops mode: Zero based, Oop shift amount: 3

CDS archive(s) mapped at: [0x000000009c000000-0x000000009cda6000-0x000000009cda6000), size 14311424, SharedBaseAddress: 0x000000009c000000, ArchiveRelocationMode: 1.
Compressed class space mapped at: 0x000000009d000000-0x00000000dd000000, reserved size: 1073741824
UseCompressedClassPointers 1, UseCompactObjectHeaders 0
Narrow klass pointer bits 32, Max shift 3
Narrow klass base: 0x000000009c000000, Narrow klass shift: 0
Encoding Range: [0x000000009c000000 - 0x000000019c000000), (4294967296 bytes)
Klass Range:    [0x000000009c000000 - 0x00000000dd000000), (1090519040 bytes)
Klass ID Range:  [8 - 1090519033) (1090519025)
Protection zone: [0x000000009c000000 - 0x000000009c001000), (4096 bytes)

GC Precious Log:
<Skipped>

Heap:
 garbage-first heap   total reserved 4003840K, committed 104448K, used 84503K [0x000000070ba00000, 0x0000000800000000)
  region size 2M, 7 eden (14M), 2 survivor (4M), 17 old (34M), 17 humongous (34M), 8 free (16M)

Heap Regions: E=young(eden), S=young(survivor), O=old, HS=humongous(starts), HC=humongous(continues), CS=collection set, F=free, TAMS=top-at-mark-start, PB=parsable bottom
|    0|0x000000070ba00000, 0x000000070bc00000, 0x000000070bc00000|100%| O|  |TAMS 0x000000070ba00000| PB 0x000000070ba00000| Untracked |  0
|    1|0x000000070bc00000, 0x000000070be00000, 0x000000070be00000|100%| O|  |TAMS 0x000000070bc00000| PB 0x000000070bc00000| Untracked |  0
|    2|0x000000070be00000, 0x000000070c000000, 0x000000070c000000|100%|HS|  |TAMS 0x000000070be00000| PB 0x000000070be00000| Complete  |  0
|    3|0x000000070c000000, 0x000000070c200000, 0x000000070c200000|100%|HC|  |TAMS 0x000000070c000000| PB 0x000000070c000000| Complete  |  0
|    4|0x000000070c200000, 0x000000070c400000, 0x000000070c400000|100%| O|  |TAMS 0x000000070c200000| PB 0x000000070c200000| Untracked |  0
|    5|0x000000070c400000, 0x000000070c400000, 0x000000070c600000|  0%| F|  |TAMS 0x000000070c400000| PB 0x000000070c400000| Untracked |  0
|    6|0x000000070c600000, 0x000000070c800000, 0x000000070c800000|100%|HS|  |TAMS 0x000000070c600000| PB 0x000000070c600000| Complete  |  0
|    7|0x000000070c800000, 0x000000070ca00000, 0x000000070ca00000|100%|HC|  |TAMS 0x000000070c800000| PB 0x000000070c800000| Complete  |  0
|    8|0x000000070ca00000, 0x000000070cc00000, 0x000000070cc00000|100%|HC|  |TAMS 0x000000070ca00000| PB 0x000000070ca00000| Complete  |  0
|    9|0x000000070cc00000, 0x000000070ce00000, 0x000000070ce00000|100%|HC|  |TAMS 0x000000070cc00000| PB 0x000000070cc00000| Complete  |  0
|   10|0x000000070ce00000, 0x000000070d000000, 0x000000070d000000|100%|HC|  |TAMS 0x000000070ce00000| PB 0x000000070ce00000| Complete  |  0
|   11|0x000000070d000000, 0x000000070d200000, 0x000000070d200000|100%| O|  |TAMS 0x000000070d000000| PB 0x000000070d000000| Untracked |  0
|   12|0x000000070d200000, 0x000000070d400000, 0x000000070d400000|100%| O|  |TAMS 0x000000070d200000| PB 0x000000070d200000| Untracked |  0
|   13|0x000000070d400000, 0x000000070d600000, 0x000000070d600000|100%|HS|  |TAMS 0x000000070d400000| PB 0x000000070d400000| Complete  |  0
|   14|0x000000070d600000, 0x000000070d800000, 0x000000070d800000|100%|HC|  |TAMS 0x000000070d600000| PB 0x000000070d600000| Complete  |  0
|   15|0x000000070d800000, 0x000000070da00000, 0x000000070da00000|100%|HC|  |TAMS 0x000000070d800000| PB 0x000000070d800000| Complete  |  0
|   16|0x000000070da00000, 0x000000070dc00000, 0x000000070dc00000|100%|HC|  |TAMS 0x000000070da00000| PB 0x000000070da00000| Complete  |  0
|   17|0x000000070dc00000, 0x000000070de00000, 0x000000070de00000|100%|HC|  |TAMS 0x000000070dc00000| PB 0x000000070dc00000| Complete  |  0
|   18|0x000000070de00000, 0x000000070de00000, 0x000000070e000000|  0%| F|  |TAMS 0x000000070de00000| PB 0x000000070de00000| Untracked |  0
|   19|0x000000070e000000, 0x000000070e000000, 0x000000070e200000|  0%| F|  |TAMS 0x000000070e000000| PB 0x000000070e000000| Untracked |  0
|   20|0x000000070e200000, 0x000000070e400000, 0x000000070e400000|100%| O|  |TAMS 0x000000070e200000| PB 0x000000070e200000| Untracked |  0
|   21|0x000000070e400000, 0x000000070e600000, 0x000000070e600000|100%| O|  |TAMS 0x000000070e400000| PB 0x000000070e400000| Untracked |  0
|   22|0x000000070e600000, 0x000000070e800000, 0x000000070e800000|100%|HS|  |TAMS 0x000000070e600000| PB 0x000000070e600000| Complete  |  0
|   23|0x000000070e800000, 0x000000070ea00000, 0x000000070ea00000|100%|HC|  |TAMS 0x000000070e800000| PB 0x000000070e800000| Complete  |  0
|   24|0x000000070ea00000, 0x000000070ec00000, 0x000000070ec00000|100%|HC|  |TAMS 0x000000070ea00000| PB 0x000000070ea00000| Complete  |  0
|   25|0x000000070ec00000, 0x000000070ee00000, 0x000000070ee00000|100%|HC|  |TAMS 0x000000070ec00000| PB 0x000000070ec00000| Complete  |  0
|   26|0x000000070ee00000, 0x000000070f000000, 0x000000070f000000|100%|HC|  |TAMS 0x000000070ee00000| PB 0x000000070ee00000| Complete  |  0
|   27|0x000000070f000000, 0x000000070f200000, 0x000000070f200000|100%| O|  |TAMS 0x000000070f000000| PB 0x000000070f000000| Untracked |  0
|   28|0x000000070f200000, 0x000000070f400000, 0x000000070f400000|100%| O|  |TAMS 0x000000070f200000| PB 0x000000070f200000| Untracked |  0
|   29|0x000000070f400000, 0x000000070f600000, 0x000000070f600000|100%| O|  |TAMS 0x000000070f400000| PB 0x000000070f400000| Untracked |  0
|   30|0x000000070f600000, 0x000000070f800000, 0x000000070f800000|100%| O|  |TAMS 0x000000070f600000| PB 0x000000070f600000| Untracked |  0
|   31|0x000000070f800000, 0x000000070fa00000, 0x000000070fa00000|100%| S|CS|TAMS 0x000000070f800000| PB 0x000000070f800000| Complete  |  0
|   32|0x000000070fa00000, 0x000000070fc00000, 0x000000070fc00000|100%| S|CS|TAMS 0x000000070fa00000| PB 0x000000070fa00000| Complete  |  0
|   33|0x000000070fc00000, 0x000000070fc00000, 0x000000070fe00000|  0%| F|  |TAMS 0x000000070fc00000| PB 0x000000070fc00000| Untracked |  0
|   34|0x000000070fe00000, 0x000000070fe00000, 0x0000000710000000|  0%| F|  |TAMS 0x000000070fe00000| PB 0x000000070fe00000| Untracked |  0
|   35|0x0000000710000000, 0x0000000710000000, 0x0000000710200000|  0%| F|  |TAMS 0x0000000710000000| PB 0x0000000710000000| Untracked |  0
|   36|0x0000000710200000, 0x0000000710200000, 0x0000000710400000|  0%| F|  |TAMS 0x0000000710200000| PB 0x0000000710200000| Untracked |  0
|   37|0x0000000710400000, 0x0000000710400000, 0x0000000710600000|  0%| F|  |TAMS 0x0000000710400000| PB 0x0000000710400000| Untracked |  0
|   38|0x0000000710600000, 0x00000007106add18, 0x0000000710800000| 33%| E|CS|TAMS 0x0000000710600000| PB 0x0000000710600000| Complete  |  0
|   39|0x0000000710800000, 0x0000000710a00000, 0x0000000710a00000|100%| E|CS|TAMS 0x0000000710800000| PB 0x0000000710800000| Complete  |  0
|   40|0x0000000710a00000, 0x0000000710c00000, 0x0000000710c00000|100%| E|CS|TAMS 0x0000000710a00000| PB 0x0000000710a00000| Complete  |  0
|   41|0x0000000710c00000, 0x0000000710e00000, 0x0000000710e00000|100%| E|CS|TAMS 0x0000000710c00000| PB 0x0000000710c00000| Complete  |  0
|   42|0x0000000710e00000, 0x0000000711000000, 0x0000000711000000|100%| E|CS|TAMS 0x0000000710e00000| PB 0x0000000710e00000| Complete  |  0
|   43|0x0000000711000000, 0x0000000711200000, 0x0000000711200000|100%| E|CS|TAMS 0x0000000711000000| PB 0x0000000711000000| Complete  |  0
|   44|0x0000000711200000, 0x0000000711400000, 0x0000000711400000|100%| E|CS|TAMS 0x0000000711200000| PB 0x0000000711200000| Complete  |  0
| 1949|0x00000007ff400000, 0x00000007ff561df0, 0x00000007ff600000| 69%| O|  |TAMS 0x00000007ff400000| PB 0x00000007ff400000| Untracked |  0
| 1950|0x00000007ff600000, 0x00000007ff800000, 0x00000007ff800000|100%| O|  |TAMS 0x00000007ff600000| PB 0x00000007ff600000| Untracked |  0
| 1951|0x00000007ff800000, 0x00000007ffa00000, 0x00000007ffa00000|100%| O|  |TAMS 0x00000007ff800000| PB 0x00000007ff800000| Untracked |  0
| 1952|0x00000007ffa00000, 0x00000007ffc00000, 0x00000007ffc00000|100%| O|  |TAMS 0x00000007ffa00000| PB 0x00000007ffa00000| Untracked |  0
| 1953|0x00000007ffc00000, 0x00000007ffe00000, 0x00000007ffe00000|100%| O|  |TAMS 0x00000007ffc00000| PB 0x00000007ffc00000| Untracked |  0
| 1954|0x00000007ffe00000, 0x00000007fff24178, 0x0000000800000000| 57%| O|  |TAMS 0x00000007ffe00000| PB 0x00000007ffe00000| Untracked |  0

Card table byte_map: [0x00007951afa5b000,0x00007951b01fe000] _byte_map_base: 0x00007951ac1fe000
Refinement table byte_map: [0x00007951af2b8000,0x00007951afa5b000] _byte_map_base: 0x00007951aba5b000

Marking Bits: (CMBitMap*) 0x00007951c807b650
 Bits: [0x00007951ab5a0000, 0x00007951af2b8000)

Polling page: 0x00007951cef48000

Metaspace:
Metaspace        used 18086K, committed 18560K, reserved 1114112K
 class space     used 1831K, committed 2048K, reserved 1048576K

Usage:
  Non-class:     15,87 MB used.
      Class:      1,79 MB used.
       Both:     17,66 MB used.

Virtual space:
  Non-class space:       64,00 MB reserved,      16,12 MB ( 25%) committed,  1 nodes.
      Class space:        1,00 GB reserved,       2,00 MB ( <1%) committed,  1 nodes.
             Both:        1,06 GB reserved,      18,12 MB (  2%) committed. 

Chunk freelists:
   Non-Class:  14,97 MB
       Class:  14,05 MB
        Both:  29,02 MB

MaxMetaspaceSize: unlimited
CompressedClassSpaceSize: 1,00 GB
Initial GC threshold: 21,00 MB
Current GC threshold: 29,62 MB
CDS: on
 - commit_granule_bytes: 65536.
 - commit_granule_words: 8192.
 - virtual_space_node_default_size: 8388608.
 - enlarge_chunks_in_place: 1.
UseCompressedClassPointers 1, UseCompactObjectHeaders 0
Narrow klass pointer bits 32, Max shift 3
Narrow klass base: 0x000000009c000000, Narrow klass shift: 0
Encoding Range: [0x000000009c000000 - 0x000000019c000000), (4294967296 bytes)
Klass Range:    [0x000000009c000000 - 0x00000000dd000000), (1090519040 bytes)
Klass ID Range:  [8 - 1090519033) (1090519025)
Protection zone: [0x000000009c000000 - 0x000000009c001000), (4096 bytes)


Internal statistics:

num_allocs_failed_limit: 0.
num_arena_births: 618.
num_arena_deaths: 0.
num_vsnodes_births: 2.
num_vsnodes_deaths: 0.
num_space_committed: 290.
num_space_uncommitted: 0.
num_chunks_returned_to_freelist: 0.
num_chunks_taken_from_freelist: 757.
num_chunk_merges: 0.
num_chunk_splits: 491.
num_chunks_enlarged: 272.
num_inconsistent_stats: 0.

CodeHeap 'non-profiled nmethods': size=120032Kb used=1988Kb max_used=1988Kb free=118043Kb
 bounds [0x00007951b7cc8000, 0x00007951b7f38000, 0x00007951bf200000]
CodeHeap 'profiled nmethods': size=120032Kb used=7016Kb max_used=7016Kb free=113015Kb
 bounds [0x00007951b01fe000, 0x00007951b08de000, 0x00007951b7736000]
CodeHeap 'non-nmethods': size=5704Kb used=2048Kb max_used=2143Kb free=3655Kb
 bounds [0x00007951b7736000, 0x00007951b79a6000, 0x00007951b7cc8000]
CodeCache: size=245768Kb, used=11052Kb, max_used=11147Kb, free=234713Kb
 total_blobs=5469, nmethods=4619, adapters=743, full_count=0
Compilation: enabled, stopped_count=0, restarted_count=0

Compilation events (20 events):
Event: 76,533 Thread 0x00007951c80fde00 4609       4       sun.java2d.pipe.Region::clipBoxToBounds (69 bytes)
Event: 76,533 Thread 0x00007951c80fde00 nmethod 4609 0x00007951b7eb8a88 code [0x00007951b7eb8b80, 0x00007951b7eb8c80]
Event: 76,799 Thread 0x00007951c80fde00 4610       4       java.awt.geom.AffineTransform::getScaleInstance (19 bytes)
Event: 76,800 Thread 0x00007951c80fde00 nmethod 4610 0x00007951b7eb8d88 code [0x00007951b7eb8ea0, 0x00007951b7eb9008]
Event: 77,072 Thread 0x00007951c81077c0 4611       3       java.io.ObjectInputStream$BlockDataInputStream::read (138 bytes)
Event: 77,072 Thread 0x00007951c81077c0 nmethod 4611 0x00007951b08d2688 code [0x00007951b08d2780, 0x00007951b08d2e48]
Event: 77,072 Thread 0x00007951c81077c0 4612       3       java.nio.channels.FileChannel::open (35 bytes)
Event: 77,072 Thread 0x00007951c81077c0 nmethod 4612 0x00007951b08d2e88 code [0x00007951b08d2f80, 0x00007951b08d3540]
Event: 77,072 Thread 0x00007951c81077c0 4613       3       java.nio.channels.FileChannel::open (18 bytes)
Event: 77,072 Thread 0x00007951c81077c0 nmethod 4613 0x00007951b08d3588 code [0x00007951b08d3680, 0x00007951b08d3988]
Event: 77,072 Thread 0x00007951c81077c0 4614       3       java.nio.file.NoSuchFileException::<init> (8 bytes)
Event: 77,072 Thread 0x00007951c81077c0 nmethod 4614 0x00007951b08d3a08 code [0x00007951b08d3b00, 0x00007951b08d3e30]
Event: 77,073 Thread 0x00007951c81077c0 4616       3       java.util.Collections::reverse (125 bytes)
Event: 77,073 Thread 0x00007951c81077c0 nmethod 4616 0x00007951b08d3e88 code [0x00007951b08d3f80, 0x00007951b08d49a0]
Event: 77,073 Thread 0x00007951c81077c0 4615       3       java.nio.file.FileSystemException::<init> (16 bytes)
Event: 77,073 Thread 0x00007951c81077c0 nmethod 4615 0x00007951b08d4a08 code [0x00007951b08d4b00, 0x00007951b08d4db8]
Event: 78,074 Thread 0x00007951c81077c0 4618   !   3       java.io.ObjectInputStream::readNonProxyDesc (297 bytes)
Event: 78,075 Thread 0x00007951c81077c0 nmethod 4618 0x00007951b08d4e08 code [0x00007951b08d4f00, 0x00007951b08d7098]
Event: 78,075 Thread 0x00007951c81077c0 4619       3       java.nio.file.Files::lines (64 bytes)
Event: 78,076 Thread 0x00007951c81077c0 nmethod 4619 0x00007951b08d7108 code [0x00007951b08d7200, 0x00007951b08d8100]

GC Heap Usage History (20 events):
Event: 0,197 {heap Before GC invocations=2 (full 0):
 garbage-first heap   total reserved 4003840K, committed 10240K, used 4272K [0x000000070ba00000, 0x0000000800000000)
  region size 2M, 1 eden (2M), 1 survivor (2M), 1 old (2M), 0 humongous (0M), 2 free (4M)
}
Event: 0,199 {heap After GC invocations=3 (full 0):
 garbage-first heap   total reserved 4003840K, committed 10240K, used 3089K [0x000000070ba00000, 0x0000000800000000)
  region size 2M, 0 eden (0M), 1 survivor (2M), 1 old (2M), 0 humongous (0M), 3 free (6M)
}
Event: 0,228 {heap Before GC invocations=3 (full 0):
 garbage-first heap   total reserved 4003840K, committed 10240K, used 5137K [0x000000070ba00000, 0x0000000800000000)
  region size 2M, 1 eden (2M), 1 survivor (2M), 1 old (2M), 0 humongous (0M), 2 free (4M)
}
Event: 0,231 {heap After GC invocations=4 (full 0):
 garbage-first heap   total reserved 4003840K, committed 30720K, used 3320K [0x000000070ba00000, 0x0000000800000000)
  region size 2M, 0 eden (0M), 1 survivor (2M), 2 old (4M), 0 humongous (0M), 12 free (24M)
}
Event: 0,284 {heap Before GC invocations=4 (full 0):
 garbage-first heap   total reserved 4003840K, committed 30720K, used 15608K [0x000000070ba00000, 0x0000000800000000)
  region size 2M, 7 eden (14M), 1 survivor (2M), 2 old (4M), 0 humongous (0M), 5 free (10M)
}
Event: 0,286 {heap After GC invocations=5 (full 0):
 garbage-first heap   total reserved 4003840K, committed 30720K, used 4073K [0x000000070ba00000, 0x0000000800000000)
  region size 2M, 0 eden (0M), 1 survivor (2M), 2 old (4M), 0 humongous (0M), 12 free (24M)
}
Event: 0,367 {heap Before GC invocations=5 (full 0):
 garbage-first heap   total reserved 4003840K, committed 30720K, used 18409K [0x000000070ba00000, 0x0000000800000000)
  region size 2M, 7 eden (14M), 1 survivor (2M), 2 old (4M), 0 humongous (0M), 5 free (10M)
}
Event: 0,371 {heap After GC invocations=6 (full 0):
 garbage-first heap   total reserved 4003840K, committed 30720K, used 5310K [0x000000070ba00000, 0x0000000800000000)
  region size 2M, 0 eden (0M), 1 survivor (2M), 3 old (6M), 0 humongous (0M), 11 free (22M)
}
Event: 0,558 {heap Before GC invocations=6 (full 0):
 garbage-first heap   total reserved 4003840K, committed 30720K, used 23742K [0x000000070ba00000, 0x0000000800000000)
  region size 2M, 7 eden (14M), 1 survivor (2M), 3 old (6M), 2 humongous (4M), 2 free (4M)
}
Event: 0,563 {heap After GC invocations=7 (full 0):
 garbage-first heap   total reserved 4003840K, committed 30720K, used 12960K [0x000000070ba00000, 0x0000000800000000)
  region size 2M, 0 eden (0M), 1 survivor (2M), 4 old (8M), 2 humongous (4M), 8 free (16M)
}
Event: 1,490 {heap Before GC invocations=7 (full 0):
 garbage-first heap   total reserved 4003840K, committed 30720K, used 12960K [0x000000070ba00000, 0x0000000800000000)
  region size 2M, 1 eden (2M), 1 survivor (2M), 4 old (8M), 2 humongous (4M), 7 free (14M)
}
Event: 1,492 {heap After GC invocations=8 (full 0):
 garbage-first heap   total reserved 4003840K, committed 92160K, used 13649K [0x000000070ba00000, 0x0000000800000000)
  region size 2M, 0 eden (0M), 1 survivor (2M), 5 old (10M), 2 humongous (4M), 37 free (74M)
}
Event: 18,900 {heap Before GC invocations=8 (full 0):
 garbage-first heap   total reserved 4003840K, committed 92160K, used 79185K [0x000000070ba00000, 0x0000000800000000)
  region size 2M, 23 eden (46M), 1 survivor (2M), 5 old (10M), 12 humongous (24M), 4 free (8M)
}
Event: 18,901 {heap After GC invocations=9 (full 0):
 garbage-first heap   total reserved 4003840K, committed 92160K, used 39808K [0x000000070ba00000, 0x0000000800000000)
  region size 2M, 0 eden (0M), 3 survivor (6M), 5 old (10M), 12 humongous (24M), 25 free (50M)
}
Event: 23,796 {heap Before GC invocations=9 (full 0):
 garbage-first heap   total reserved 4003840K, committed 92160K, used 58240K [0x000000070ba00000, 0x0000000800000000)
  region size 2M, 11 eden (22M), 3 survivor (6M), 5 old (10M), 12 humongous (24M), 14 free (28M)
}
Event: 23,798 {heap After GC invocations=10 (full 0):
 garbage-first heap   total reserved 4003840K, committed 92160K, used 43295K [0x000000070ba00000, 0x0000000800000000)
  region size 2M, 0 eden (0M), 3 survivor (6M), 8 old (16M), 12 humongous (24M), 22 free (44M)
}
Event: 47,850 {heap Before GC invocations=11 (full 0):
 garbage-first heap   total reserved 4003840K, committed 92160K, used 82207K [0x000000070ba00000, 0x0000000800000000)
  region size 2M, 15 eden (30M), 3 survivor (6M), 8 old (16M), 17 humongous (34M), 2 free (4M)
}
Event: 47,852 {heap After GC invocations=12 (full 0):
 garbage-first heap   total reserved 4003840K, committed 100352K, used 62113K [0x000000070ba00000, 0x0000000800000000)
  region size 2M, 0 eden (0M), 3 survivor (6M), 11 old (22M), 17 humongous (34M), 18 free (36M)
}
Event: 62,177 {heap Before GC invocations=12 (full 0):
 garbage-first heap   total reserved 4003840K, committed 100352K, used 82593K [0x000000070ba00000, 0x0000000800000000)
  region size 2M, 11 eden (22M), 3 survivor (6M), 11 old (22M), 17 humongous (34M), 7 free (14M)
}
Event: 62,180 {heap After GC invocations=13 (full 0):
 garbage-first heap   total reserved 4003840K, committed 104448K, used 72215K [0x000000070ba00000, 0x0000000800000000)
  region size 2M, 0 eden (0M), 2 survivor (4M), 17 old (34M), 17 humongous (34M), 15 free (30M)
}

Metaspace Usage History (20 events):
Event: 0,197 {metaspace Before GC invocations=2 (full 0):
 Metaspace       used 7392K, committed 7616K, reserved 1114112K
  class space    used 746K, committed 832K, reserved 1048576K
}
Event: 0,199 {metaspace After GC invocations=3 (full 0):
 Metaspace       used 7392K, committed 7616K, reserved 1114112K
  class space    used 746K, committed 832K, reserved 1048576K
}
Event: 0,228 {metaspace Before GC invocations=3 (full 0):
 Metaspace       used 8188K, committed 8448K, reserved 1114112K
  class space    used 832K, committed 960K, reserved 1048576K
}
Event: 0,231 {metaspace After GC invocations=4 (full 0):
 Metaspace       used 8188K, committed 8448K, reserved 1114112K
  class space    used 832K, committed 960K, reserved 1048576K
}
Event: 0,284 {metaspace Before GC invocations=4 (full 0):
 Metaspace       used 8776K, committed 8960K, reserved 1114112K
  class space    used 882K, committed 960K, reserved 1048576K
}
Event: 0,286 {metaspace After GC invocations=5 (full 0):
 Metaspace       used 8776K, committed 8960K, reserved 1114112K
  class space    used 882K, committed 960K, reserved 1048576K
}
Event: 0,367 {metaspace Before GC invocations=5 (full 0):
 Metaspace       used 11131K, committed 11392K, reserved 1114112K
  class space    used 1139K, committed 1280K, reserved 1048576K
}
Event: 0,371 {metaspace After GC invocations=6 (full 0):
 Metaspace       used 11131K, committed 11392K, reserved 1114112K
  class space    used 1139K, committed 1280K, reserved 1048576K
}
Event: 0,558 {metaspace Before GC invocations=6 (full 0):
 Metaspace       used 13571K, committed 13824K, reserved 1114112K
  class space    used 1410K, committed 1536K, reserved 1048576K
}
Event: 0,563 {metaspace After GC invocations=7 (full 0):
 Metaspace       used 13571K, committed 13824K, reserved 1114112K
  class space    used 1410K, committed 1536K, reserved 1048576K
}
Event: 1,490 {metaspace Before GC invocations=7 (full 0):
 Metaspace       used 14355K, committed 14656K, reserved 1114112K
  class space    used 1485K, committed 1600K, reserved 1048576K
}
Event: 1,492 {metaspace After GC invocations=8 (full 0):
 Metaspace       used 14355K, committed 14656K, reserved 1114112K
  class space    used 1485K, committed 1600K, reserved 1048576K
}
Event: 18,900 {metaspace Before GC invocations=8 (full 0):
 Metaspace       used 17638K, committed 18048K, reserved 1114112K
  class space    used 1820K, committed 1984K, reserved 1048576K
}
Event: 18,901 {metaspace After GC invocations=9 (full 0):
 Metaspace       used 17638K, committed 18048K, reserved 1114112K
  class space    used 1820K, committed 1984K, reserved 1048576K
}
Event: 23,796 {metaspace Before GC invocations=9 (full 0):
 Metaspace       used 17777K, committed 18176K, reserved 1114112K
  class space    used 1822K, committed 1984K, reserved 1048576K
}
Event: 23,798 {metaspace After GC invocations=10 (full 0):
 Metaspace       used 17777K, committed 18176K, reserved 1114112K
  class space    used 1822K, committed 1984K, reserved 1048576K
}
Event: 47,850 {metaspace Before GC invocations=11 (full 0):
 Metaspace       used 17930K, committed 18368K, reserved 1114112K
  class space    used 1824K, committed 1984K, reserved 1048576K
}
Event: 47,852 {metaspace After GC invocations=12 (full 0):
 Metaspace       used 17930K, committed 18368K, reserved 1114112K
  class space    used 1824K, committed 1984K, reserved 1048576K
}
Event: 62,177 {metaspace Before GC invocations=12 (full 0):
 Metaspace       used 18009K, committed 18432K, reserved 1114112K
  class space    used 1825K, committed 1984K, reserved 1048576K
}
Event: 62,180 {metaspace After GC invocations=13 (full 0):
 Metaspace       used 18009K, committed 18432K, reserved 1114112K
  class space    used 1825K, committed 1984K, reserved 1048576K
}

Dll operation events (20 events):
Event: 0,061 Attempting to load shared library /home/alexender19/.jdks/openjdk-26.0.1/lib/libnet.so
Event: 0,061 Loaded shared library /home/alexender19/.jdks/openjdk-26.0.1/lib/libnet.so
Event: 0,066 Attempting to load shared library /home/alexender19/.jdks/openjdk-26.0.1/lib/libextnet.so
Event: 0,066 Loaded shared library /home/alexender19/.jdks/openjdk-26.0.1/lib/libextnet.so
Event: 0,066 Attempting to load shared library /home/alexender19/.jdks/openjdk-26.0.1/lib/libjimage.so
Event: 0,066 Loaded shared library /home/alexender19/.jdks/openjdk-26.0.1/lib/libjimage.so
Event: 0,073 Attempting to load shared library /home/alexender19/.jdks/openjdk-26.0.1/lib/libawt.so
Event: 0,073 Loaded shared library /home/alexender19/.jdks/openjdk-26.0.1/lib/libawt.so
Event: 0,074 Attempting to load shared library /home/alexender19/.jdks/openjdk-26.0.1/lib/libawt_xawt.so
Event: 0,075 Loaded shared library /home/alexender19/.jdks/openjdk-26.0.1/lib/libawt_xawt.so
Event: 0,100 Attempting to load shared library /home/alexender19/.jdks/openjdk-26.0.1/lib/libfontmanager.so
Event: 0,100 Loaded shared library /home/alexender19/.jdks/openjdk-26.0.1/lib/libfontmanager.so
Event: 0,161 Attempting to load shared library /home/alexender19/.jdks/openjdk-26.0.1/lib/libmanagement.so
Event: 0,161 Loaded shared library /home/alexender19/.jdks/openjdk-26.0.1/lib/libmanagement.so
Event: 0,167 Attempting to load shared library /home/alexender19/.jdks/openjdk-26.0.1/lib/libmanagement_ext.so
Event: 0,167 Loaded shared library /home/alexender19/.jdks/openjdk-26.0.1/lib/libmanagement_ext.so
Event: 1,306 Attempting to load shared library /home/alexender19/.jdks/openjdk-26.0.1/lib/libjsound.so
Event: 1,307 Loaded shared library /home/alexender19/.jdks/openjdk-26.0.1/lib/libjsound.so
Event: 15,131 Attempting to load shared library /home/alexender19/.jdks/openjdk-26.0.1/lib/libsyslookup.so
Event: 15,131 Loaded shared library /home/alexender19/.jdks/openjdk-26.0.1/lib/libsyslookup.so

Deoptimization events (20 events):
Event: 56,481 Thread 0x00007951c836dd20 Uncommon trap: trap_request=0xffffffde fr.pc=0x00007951b7e8c740 relative=0x0000000000000140
Event: 56,481 Thread 0x00007951c836dd20 Uncommon trap: reason=class_check action=maybe_recompile pc=0x00007951b7e8c740 method=main.GamePanel.update()V @ 53 c2
Event: 56,481 Thread 0x00007951c836dd20 DEOPT PACKING pc=0x00007951b7e8c740 sp=0x000079517d7508c0
Event: 56,481 Thread 0x00007951c836dd20 DEOPT UNPACKING pc=0x00007951b786a779 sp=0x000079517d750890 mode 2
Event: 56,481 Thread 0x00007951c836dd20 Uncommon trap: trap_request=0xffffffc6 fr.pc=0x00007951b7e34ca4 relative=0x0000000000000aa4
Event: 56,481 Thread 0x00007951c836dd20 Uncommon trap: reason=bimorphic_or_optimized_type_check action=maybe_recompile pc=0x00007951b7e34ca4 method=entity.Entity.update()V @ 286 c2
Event: 56,481 Thread 0x00007951c836dd20 DEOPT PACKING pc=0x00007951b7e34ca4 sp=0x000079517d750850
Event: 56,481 Thread 0x00007951c836dd20 DEOPT UNPACKING pc=0x00007951b786a779 sp=0x000079517d750820 mode 2
Event: 56,498 Thread 0x00007951c836dd20 Uncommon trap: trap_request=0xffffffde fr.pc=0x00007951b7e8c740 relative=0x0000000000000140
Event: 56,498 Thread 0x00007951c836dd20 Uncommon trap: reason=class_check action=maybe_recompile pc=0x00007951b7e8c740 method=main.GamePanel.update()V @ 53 c2
Event: 56,498 Thread 0x00007951c836dd20 DEOPT PACKING pc=0x00007951b7e8c740 sp=0x000079517d7508c0
Event: 56,498 Thread 0x00007951c836dd20 DEOPT UNPACKING pc=0x00007951b786a779 sp=0x000079517d750890 mode 2
Event: 56,498 Thread 0x00007951c836dd20 Uncommon trap: trap_request=0xffffffc6 fr.pc=0x00007951b7e34ca4 relative=0x0000000000000aa4
Event: 56,498 Thread 0x00007951c836dd20 Uncommon trap: reason=bimorphic_or_optimized_type_check action=maybe_recompile pc=0x00007951b7e34ca4 method=entity.Entity.update()V @ 286 c2
Event: 56,498 Thread 0x00007951c836dd20 DEOPT PACKING pc=0x00007951b7e34ca4 sp=0x000079517d750850
Event: 56,498 Thread 0x00007951c836dd20 DEOPT UNPACKING pc=0x00007951b786a779 sp=0x000079517d750820 mode 2
Event: 66,386 Thread 0x00007951c836dd20 Uncommon trap: trap_request=0xffffff45 fr.pc=0x00007951b7e9c030 relative=0x0000000000001eb0
Event: 66,386 Thread 0x00007951c836dd20 Uncommon trap: reason=unstable_if action=reinterpret pc=0x00007951b7e9c030 method=java.lang.String.split(CIZ)[Ljava/lang/String; @ 137 c2
Event: 66,386 Thread 0x00007951c836dd20 DEOPT PACKING pc=0x00007951b7e9c030 sp=0x000079517d750480
Event: 66,386 Thread 0x00007951c836dd20 DEOPT UNPACKING pc=0x00007951b786a779 sp=0x000079517d750430 mode 2

Classes loaded (20 events):
Event: 15,222 Loading class sun/font/StandardGlyphVector
Event: 15,222 Loading class java/awt/font/GlyphVector
Event: 15,222 Loading class java/awt/font/GlyphVector done
Event: 15,222 Loading class sun/font/StandardGlyphVector done
Event: 15,223 Loading class java/awt/font/TextLine$TextLineMetrics
Event: 15,223 Loading class java/awt/font/TextLine$TextLineMetrics done
Event: 15,223 Loading class sun/font/StandardGlyphVector$GlyphStrike
Event: 15,223 Loading class sun/font/StandardGlyphVector$GlyphStrike done
Event: 15,223 Loading class java/awt/geom/Path2D$Float$CopyIterator
Event: 15,223 Loading class java/awt/geom/Path2D$Iterator
Event: 15,223 Loading class java/awt/geom/Path2D$Iterator done
Event: 15,223 Loading class java/awt/geom/Path2D$Float$CopyIterator done
Event: 15,224 Loading class sun/java2d/pipe/AAShapePipe$TileState
Event: 15,224 Loading class sun/java2d/pipe/AAShapePipe$TileState done
Event: 15,224 Loading class java/awt/geom/Rectangle2D$Double
Event: 15,224 Loading class java/awt/geom/Rectangle2D$Double done
Event: 15,224 Loading class sun/java2d/ReentrantContextProvider$HardReference
Event: 15,224 Loading class sun/java2d/ReentrantContextProvider$HardReference done
Event: 15,230 Loading class sun/java2d/marlin/ArrayCacheConst
Event: 15,230 Loading class sun/java2d/marlin/ArrayCacheConst done

Classes unloaded (0 events):
No events

Classes redefined (0 events):
No events

Internal exceptions (20 events):
Event: 75,067 Thread 0x00007951280028d0 Exception <a 'sun/nio/fs/UnixException'{0x0000000710ad82b0}> (0x0000000710ad82b0) 
thrown [open/src/hotspot/share/prims/jni.cpp, line 514]
Event: 75,068 Thread 0x00007951280028d0 Exception <a 'sun/nio/fs/UnixException'{0x0000000710ad8d78}> (0x0000000710ad8d78) 
thrown [open/src/hotspot/share/prims/jni.cpp, line 514]
Event: 75,068 Thread 0x00007951280028d0 Exception <a 'sun/nio/fs/UnixException'{0x0000000710ad9840}> (0x0000000710ad9840) 
thrown [open/src/hotspot/share/prims/jni.cpp, line 514]
Event: 75,068 Thread 0x00007951280028d0 Exception <a 'sun/nio/fs/UnixException'{0x0000000710ada310}> (0x0000000710ada310) 
thrown [open/src/hotspot/share/prims/jni.cpp, line 514]
Event: 75,068 Thread 0x00007951280028d0 Exception <a 'sun/nio/fs/UnixException'{0x0000000710adade0}> (0x0000000710adade0) 
thrown [open/src/hotspot/share/prims/jni.cpp, line 514]
Event: 76,070 Thread 0x00007951280028d0 Exception <a 'sun/nio/fs/UnixException'{0x00000007108fe4d0}> (0x00000007108fe4d0) 
thrown [open/src/hotspot/share/prims/jni.cpp, line 514]
Event: 76,070 Thread 0x00007951280028d0 Exception <a 'sun/nio/fs/UnixException'{0x00000007108fef98}> (0x00000007108fef98) 
thrown [open/src/hotspot/share/prims/jni.cpp, line 514]
Event: 76,070 Thread 0x00007951280028d0 Exception <a 'sun/nio/fs/UnixException'{0x00000007108ffa60}> (0x00000007108ffa60) 
thrown [open/src/hotspot/share/prims/jni.cpp, line 514]
Event: 76,070 Thread 0x00007951280028d0 Exception <a 'sun/nio/fs/UnixException'{0x0000000710900530}> (0x0000000710900530) 
thrown [open/src/hotspot/share/prims/jni.cpp, line 514]
Event: 76,070 Thread 0x00007951280028d0 Exception <a 'sun/nio/fs/UnixException'{0x0000000710901000}> (0x0000000710901000) 
thrown [open/src/hotspot/share/prims/jni.cpp, line 514]
Event: 77,072 Thread 0x00007951280028d0 Exception <a 'sun/nio/fs/UnixException'{0x0000000710907c10}> (0x0000000710907c10) 
thrown [open/src/hotspot/share/prims/jni.cpp, line 514]
Event: 77,072 Thread 0x00007951280028d0 Exception <a 'sun/nio/fs/UnixException'{0x00000007109fb1f8}> (0x00000007109fb1f8) 
thrown [open/src/hotspot/share/prims/jni.cpp, line 514]
Event: 77,072 Thread 0x00007951280028d0 Exception <a 'sun/nio/fs/UnixException'{0x00000007109fbcc0}> (0x00000007109fbcc0) 
thrown [open/src/hotspot/share/prims/jni.cpp, line 514]
Event: 77,072 Thread 0x00007951280028d0 Exception <a 'sun/nio/fs/UnixException'{0x00000007109fc790}> (0x00000007109fc790) 
thrown [open/src/hotspot/share/prims/jni.cpp, line 514]
Event: 77,072 Thread 0x00007951280028d0 Exception <a 'sun/nio/fs/UnixException'{0x00000007109fd260}> (0x00000007109fd260) 
thrown [open/src/hotspot/share/prims/jni.cpp, line 514]
Event: 78,074 Thread 0x00007951280028d0 Exception <a 'sun/nio/fs/UnixException'{0x0000000710603e88}> (0x0000000710603e88) 
thrown [open/src/hotspot/share/prims/jni.cpp, line 514]
Event: 78,074 Thread 0x00007951280028d0 Exception <a 'sun/nio/fs/UnixException'{0x0000000710604950}> (0x0000000710604950) 
thrown [open/src/hotspot/share/prims/jni.cpp, line 514]
Event: 78,074 Thread 0x00007951280028d0 Exception <a 'sun/nio/fs/UnixException'{0x0000000710605418}> (0x0000000710605418) 
thrown [open/src/hotspot/share/prims/jni.cpp, line 514]
Event: 78,074 Thread 0x00007951280028d0 Exception <a 'sun/nio/fs/UnixException'{0x0000000710606140}> (0x0000000710606140) 
thrown [open/src/hotspot/share/prims/jni.cpp, line 514]
Event: 78,074 Thread 0x00007951280028d0 Exception <a 'sun/nio/fs/UnixException'{0x0000000710606c10}> (0x0000000710606c10) 
thrown [open/src/hotspot/share/prims/jni.cpp, line 514]

VM Operations (20 events):
Event: 15,201 Executing non-safepoint VM operation: HandshakeAllThreads (Deoptimize)
Event: 15,201 Executing non-safepoint VM operation: HandshakeAllThreads (Deoptimize) done
Event: 15,224 Executing non-safepoint VM operation: HandshakeAllThreads (Deoptimize)
Event: 15,224 Executing non-safepoint VM operation: HandshakeAllThreads (Deoptimize) done
Event: 18,900 Executing safepoint VM operation: G1CollectForAllocation (G1 Evacuation Pause)
Event: 18,901 Executing safepoint VM operation: G1CollectForAllocation (G1 Evacuation Pause) done
Event: 23,796 Executing safepoint VM operation: G1TryInitiateConcMark (G1 Humongous Allocation)
Event: 23,798 Executing safepoint VM operation: G1TryInitiateConcMark (G1 Humongous Allocation) done
Event: 23,803 Executing safepoint VM operation: G1PauseRemark
Event: 23,806 Executing safepoint VM operation: G1PauseRemark done
Event: 23,807 Executing safepoint VM operation: G1PauseCleanup
Event: 23,808 Executing safepoint VM operation: G1PauseCleanup done
Event: 47,850 Executing safepoint VM operation: G1CollectForAllocation (G1 Evacuation Pause)
Event: 47,852 Executing safepoint VM operation: G1CollectForAllocation (G1 Evacuation Pause) done
Event: 60,032 Executing non-safepoint VM operation: HandshakeAllThreads (DeflationHandshakeClosure)
Event: 60,032 Executing non-safepoint VM operation: HandshakeAllThreads (DeflationHandshakeClosure) done
Event: 60,032 Executing non-safepoint VM operation: RendezvousGCThreads
Event: 60,032 Executing non-safepoint VM operation: RendezvousGCThreads done
Event: 62,177 Executing safepoint VM operation: G1CollectForAllocation (G1 Evacuation Pause)
Event: 62,180 Executing safepoint VM operation: G1CollectForAllocation (G1 Evacuation Pause) done

Memory protections (20 events):
Event: 60,059 Protecting memory [0x0000794ff44c2000,0x0000794ff44c6000] with protection modes 0
Event: 60,228 Protecting memory [0x0000794ff2ba9000,0x0000794ff2bad000] with protection modes 0
Event: 60,528 Protecting memory [0x0000794ff1290000,0x0000794ff1294000] with protection modes 0
Event: 60,716 Protecting memory [0x0000794fef977000,0x0000794fef97b000] with protection modes 0
Event: 60,982 Protecting memory [0x0000794fee05e000,0x0000794fee062000] with protection modes 0
Event: 61,200 Protecting memory [0x0000794fec745000,0x0000794fec749000] with protection modes 0
Event: 61,548 Protecting memory [0x0000794feae2c000,0x0000794feae30000] with protection modes 0
Event: 61,871 Protecting memory [0x0000794fe9513000,0x0000794fe9517000] with protection modes 0
Event: 62,042 Protecting memory [0x0000794fe7bfa000,0x0000794fe7bfe000] with protection modes 0
Event: 62,200 Protecting memory [0x0000794fe62e1000,0x0000794fe62e5000] with protection modes 0
Event: 67,868 Protecting memory [0x0000794fe49c8000,0x0000794fe49cc000] with protection modes 0
Event: 75,366 Protecting memory [0x0000794fe30af000,0x0000794fe30b3000] with protection modes 0
Event: 75,456 Protecting memory [0x0000794fe1796000,0x0000794fe179a000] with protection modes 0
Event: 75,802 Protecting memory [0x0000794fdfe7d000,0x0000794fdfe81000] with protection modes 0
Event: 75,888 Protecting memory [0x0000794fde564000,0x0000794fde568000] with protection modes 0
Event: 76,253 Protecting memory [0x0000794fdcc4b000,0x0000794fdcc4f000] with protection modes 0
Event: 76,341 Protecting memory [0x0000794fdb332000,0x0000794fdb336000] with protection modes 0
Event: 77,034 Protecting memory [0x0000794fd9a19000,0x0000794fd9a1d000] with protection modes 0
Event: 78,485 Protecting memory [0x0000794fd8100000,0x0000794fd8104000] with protection modes 0
Event: 78,568 Protecting memory [0x0000794fd67e7000,0x0000794fd67eb000] with protection modes 0

Nmethod flushes (0 events):
No events

Events (20 events):
Event: 60,059 Thread 0x00007951c8365090 Thread added: 0x0000795114f5b7a0
Event: 60,228 Thread 0x00007951c8365090 Thread added: 0x0000795114ff1830
Event: 60,528 Thread 0x00007951c8365090 Thread added: 0x0000795115087740
Event: 60,716 Thread 0x00007951c8365090 Thread added: 0x000079511511d5d0
Event: 60,982 Thread 0x00007951c8365090 Thread added: 0x00007951151b34a0
Event: 61,200 Thread 0x00007951c8365090 Thread added: 0x00007951152496b0
Event: 61,548 Thread 0x00007951c8365090 Thread added: 0x00007951152dfaf0
Event: 61,871 Thread 0x00007951c8365090 Thread added: 0x0000795115375ef0
Event: 62,042 Thread 0x00007951c8365090 Thread added: 0x000079511540c1e0
Event: 62,200 Thread 0x00007951c8365090 Thread added: 0x00007951154a2730
Event: 67,868 Thread 0x00007951c836dd20 Thread added: 0x000079510ba4cb60
Event: 75,366 Thread 0x00007951c836dd20 Thread added: 0x000079510baf89a0
Event: 75,455 Thread 0x00007951c836dd20 Thread added: 0x000079510bb8ed90
Event: 75,802 Thread 0x00007951c836dd20 Thread added: 0x000079510bc2ec50
Event: 75,888 Thread 0x00007951c836dd20 Thread added: 0x000079510bcc5340
Event: 76,253 Thread 0x00007951c836dd20 Thread added: 0x000079510bd586e0
Event: 76,341 Thread 0x00007951c836dd20 Thread added: 0x000079510bdee8f0
Event: 77,034 Thread 0x00007951c836dd20 Thread added: 0x000079510be82480
Event: 78,485 Thread 0x00007951c836dd20 Thread added: 0x000079510bf151f0
Event: 78,568 Thread 0x00007951c836dd20 Thread added: 0x000079510bfab2a0


Dynamic libraries:
9c000000-9c001000 ---p 00000000 00:00 0 
9c001000-9cda6000 rw-p 00001000 103:05 2767891                           /home/alexender19/.jdks/openjdk-26.0.1/lib/server/classes.jsa
9cda6000-9d000000 ---p 00000000 00:00 0 
9d000000-9d040000 rw-p 00000000 00:00 0 
9d040000-9d060000 rw-p 00000000 00:00 0 
9d060000-9d0c0000 rw-p 00000000 00:00 0 
9d0c0000-9d0e0000 rw-p 00000000 00:00 0 
9d0e0000-9d140000 rw-p 00000000 00:00 0 
9d140000-9d160000 rw-p 00000000 00:00 0 
9d160000-9d1c0000 rw-p 00000000 00:00 0 
9d1c0000-9d200000 rw-p 00000000 00:00 0 
9d200000-dd000000 ---p 00000000 00:00 0 
70ba00000-711400000 rw-p 00000000 00:00 0 
711400000-7ff400000 ---p 00000000 00:00 0 
7ff400000-7ffe00000 rw-p 00000000 00:00 0 
7ffe00000-7fff25000 rw-p 00ddb000 103:05 2767891                         /home/alexender19/.jdks/openjdk-26.0.1/lib/server/classes.jsa
7fff25000-800000000 rw-p 00000000 00:00 0 
641c188a5000-641c188a6000 r-xp 00000000 103:05 2767474                   /home/alexender19/.jdks/openjdk-26.0.1/bin/java
641c188a7000-641c188a8000 r--p 00001000 103:05 2767474                   /home/alexender19/.jdks/openjdk-26.0.1/bin/java
641c188a8000-641c188a9000 rw-p 00002000 103:05 2767474                   /home/alexender19/.jdks/openjdk-26.0.1/bin/java
641c23e01000-641c23f0a000 rw-p 00000000 00:00 0                          [heap]
794fd0000000-794fd004e000 rw-p 00000000 00:00 0 
794fd004e000-794fd4000000 ---p 00000000 00:00 0 
794fd4fd8000-794fd4fe1000 rw-s 00000000 00:01 9937                       /memfd:pipewire-memfd:flags=0x0000000f,type=2,size=32832 (deleted)
794fd4fe1000-794fd4fe2000 rw-s 00000000 00:01 1065                       /memfd:pipewire-memfd:flags=0x0000000f,type=2,size=2312 (deleted)
794fd4fe2000-794fd4fe3000 rw-s 00000000 00:01 13860                      /memfd:pipewire-memfd:flags=0x0000000f,type=2,size=2312 (deleted)
794fd4fe3000-794fd4fe4000 rw-s 00000000 00:01 11847                      /memfd:pipewire-memfd:flags=0x0000000f,type=2,size=2312 (deleted)
794fd4fe4000-794fd4fe5000 ---p 00000000 00:00 0 
794fd4fe5000-794fd57e5000 rw-p 00000000 00:00 0 
794fd57e5000-794fd57e6000 ---p 00000000 00:00 0 
794fd57e6000-794fd5fe6000 rw-p 00000000 00:00 0 
794fd5fe6000-794fd5fe7000 ---p 00000000 00:00 0 
794fd5fe7000-794fd67e7000 rw-p 00000000 00:00 0 
794fd67e7000-794fd67eb000 ---p 00000000 00:00 0 
794fd67eb000-794fd68e7000 rw-p 00000000 00:00 0 
794fd68e7000-794fd68e8000 rw-s 00000000 00:01 9934                       /memfd:pipewire-memfd:flags=0x0000000f,type=2,size=4096 (deleted)
794fd68e8000-794fd68f1000 rw-s 00000000 00:01 9936                       /memfd:pipewire-memfd:flags=0x0000000f,type=2,size=32832 (deleted)
794fd68f1000-794fd68fa000 rw-s 00000000 00:01 9935                       /memfd:pipewire-memfd:flags=0x0000000f,type=2,size=32832 (deleted)
794fd68fa000-794fd68fb000 rw-s 00000000 00:01 1065                       /memfd:pipewire-memfd:flags=0x0000000f,type=2,size=2312 (deleted)
794fd68fb000-794fd68fc000 rw-s 00000000 00:01 9933                       /memfd:pipewire-memfd:flags=0x0000000f,type=2,size=2312 (deleted)
794fd68fc000-794fd68fd000 rw-s 00000000 00:01 11846                      /memfd:pipewire-memfd:flags=0x0000000f,type=2,size=2312 (deleted)
794fd68fd000-794fd68fe000 ---p 00000000 00:00 0 
794fd68fe000-794fd70fe000 rw-p 00000000 00:00 0 
794fd70fe000-794fd70ff000 ---p 00000000 00:00 0 
794fd70ff000-794fd78ff000 rw-p 00000000 00:00 0 
794fd78ff000-794fd7900000 ---p 00000000 00:00 0 
794fd7900000-794fd8100000 rw-p 00000000 00:00 0 
794fd8100000-794fd8104000 ---p 00000000 00:00 0 
794fd8104000-794fd8200000 rw-p 00000000 00:00 0 
794fd8200000-794fd8201000 rw-s 00000000 00:01 8906                       /memfd:pipewire-memfd:flags=0x0000000f,type=2,size=4096 (deleted)
794fd8201000-794fd820a000 rw-s 00000000 00:01 8908                       /memfd:pipewire-memfd:flags=0x0000000f,type=2,size=32832 (deleted)
794fd820a000-794fd8213000 rw-s 00000000 00:01 8907                       /memfd:pipewire-memfd:flags=0x0000000f,type=2,size=32832 (deleted)
794fd8213000-794fd8214000 rw-s 00000000 00:01 1065                       /memfd:pipewire-memfd:flags=0x0000000f,type=2,size=2312 (deleted)
794fd8214000-794fd8215000 rw-s 00000000 00:01 8905                       /memfd:pipewire-memfd:flags=0x0000000f,type=2,size=2312 (deleted)
794fd8215000-794fd8216000 rw-s 00000000 00:01 15931                      /memfd:pipewire-memfd:flags=0x0000000f,type=2,size=2312 (deleted)
794fd8216000-794fd8217000 ---p 00000000 00:00 0 
794fd8217000-794fd8a17000 rw-p 00000000 00:00 0 
794fd8a17000-794fd8a18000 ---p 00000000 00:00 0 
794fd8a18000-794fd9218000 rw-p 00000000 00:00 0 
794fd9218000-794fd9219000 ---p 00000000 00:00 0 
794fd9219000-794fd9a19000 rw-p 00000000 00:00 0 
794fd9a19000-794fd9a1d000 ---p 00000000 00:00 0 
794fd9a1d000-794fd9b19000 rw-p 00000000 00:00 0 
794fd9b19000-794fd9b1a000 rw-s 00000000 00:01 12825                      /memfd:pipewire-memfd:flags=0x0000000f,type=2,size=4096 (deleted)
794fd9b1a000-794fd9b23000 rw-s 00000000 00:01 8904                       /memfd:pipewire-memfd:flags=0x0000000f,type=2,size=32832 (deleted)
794fd9b23000-794fd9b2c000 rw-s 00000000 00:01 8903                       /memfd:pipewire-memfd:flags=0x0000000f,type=2,size=32832 (deleted)
794fd9b2c000-794fd9b2d000 rw-s 00000000 00:01 1065                       /memfd:pipewire-memfd:flags=0x0000000f,type=2,size=2312 (deleted)
794fd9b2d000-794fd9b2e000 rw-s 00000000 00:01 12824                      /memfd:pipewire-memfd:flags=0x0000000f,type=2,size=2312 (deleted)
794fd9b2e000-794fd9b2f000 rw-s 00000000 00:01 10901                      /memfd:pipewire-memfd:flags=0x0000000f,type=2,size=2312 (deleted)
794fd9b2f000-794fd9b30000 ---p 00000000 00:00 0 
794fd9b30000-794fda330000 rw-p 00000000 00:00 0 
794fda330000-794fda331000 ---p 00000000 00:00 0 
794fda331000-794fdab31000 rw-p 00000000 00:00 0 
794fdab31000-794fdab32000 ---p 00000000 00:00 0 
794fdab32000-794fdb332000 rw-p 00000000 00:00 0 
794fdb332000-794fdb336000 ---p 00000000 00:00 0 
794fdb336000-794fdb432000 rw-p 00000000 00:00 0 
794fdb432000-794fdb433000 rw-s 00000000 00:01 8902                       /memfd:pipewire-memfd:flags=0x0000000f,type=2,size=4096 (deleted)
794fdb433000-794fdb43c000 rw-s 00000000 00:01 15930                      /memfd:pipewire-memfd:flags=0x0000000f,type=2,size=32832 (deleted)
794fdb43c000-794fdb445000 rw-s 00000000 00:01 15929                      /memfd:pipewire-memfd:flags=0x0000000f,type=2,size=32832 (deleted)
794fdb445000-794fdb446000 rw-s 00000000 00:01 1065                       /memfd:pipewire-memfd:flags=0x0000000f,type=2,size=2312 (deleted)
794fdb446000-794fdb447000 rw-s 00000000 00:01 8901                       /memfd:pipewire-memfd:flags=0x0000000f,type=2,size=2312 (deleted)
794fdb447000-794fdb448000 rw-s 00000000 00:01 9932                       /memfd:pipewire-memfd:flags=0x0000000f,type=2,size=2312 (deleted)
794fdb448000-794fdb449000 ---p 00000000 00:00 0 
794fdb449000-794fdbc49000 rw-p 00000000 00:00 0 
794fdbc49000-794fdbc4a000 ---p 00000000 00:00 0 
794fdbc4a000-794fdc44a000 rw-p 00000000 00:00 0 
794fdc44a000-794fdc44b000 ---p 00000000 00:00 0 
794fdc44b000-794fdcc4b000 rw-p 00000000 00:00 0 
794fdcc4b000-794fdcc4f000 ---p 00000000 00:00 0 
794fdcc4f000-794fdcd4b000 rw-p 00000000 00:00 0 
794fdcd4b000-794fdcd4c000 rw-s 00000000 00:01 11843                      /memfd:pipewire-memfd:flags=0x0000000f,type=2,size=4096 (deleted)
794fdcd4c000-794fdcd55000 rw-s 00000000 00:01 11845                      /memfd:pipewire-memfd:flags=0x0000000f,type=2,size=32832 (deleted)
794fdcd55000-794fdcd5e000 rw-s 00000000 00:01 11844                      /memfd:pipewire-memfd:flags=0x0000000f,type=2,size=32832 (deleted)
794fdcd5e000-794fdcd5f000 rw-s 00000000 00:01 1065                       /memfd:pipewire-memfd:flags=0x0000000f,type=2,size=2312 (deleted)
794fdcd5f000-794fdcd60000 rw-s 00000000 00:01 11842                      /memfd:pipewire-memfd:flags=0x0000000f,type=2,size=2312 (deleted)
794fdcd60000-794fdcd61000 rw-s 00000000 00:01 14881                      /memfd:pipewire-memfd:flags=0x0000000f,type=2,size=2312 (deleted)
794fdcd61000-794fdcd62000 ---p 00000000 00:00 0 
794fdcd62000-794fdd562000 rw-p 00000000 00:00 0 
794fdd562000-794fdd563000 ---p 00000000 00:00 0 
794fdd563000-794fddd63000 rw-p 00000000 00:00 0 
794fddd63000-794fddd64000 ---p 00000000 00:00 0 
794fddd64000-794fde564000 rw-p 00000000 00:00 0 
794fde564000-794fde568000 ---p 00000000 00:00 0 
794fde568000-794fde664000 rw-p 00000000 00:00 0 
794fde664000-794fde665000 rw-s 00000000 00:01 13859                      /memfd:pipewire-memfd:flags=0x0000000f,type=2,size=4096 (deleted)
794fde665000-794fde66e000 rw-s 00000000 00:01 11841                      /memfd:pipewire-memfd:flags=0x0000000f,type=2,size=32832 (deleted)
794fde66e000-794fde677000 rw-s 00000000 00:01 11840                      /memfd:pipewire-memfd:flags=0x0000000f,type=2,size=32832 (deleted)
794fde677000-794fde678000 rw-s 00000000 00:01 1065                       /memfd:pipewire-memfd:flags=0x0000000f,type=2,size=2312 (deleted)
794fde678000-794fde679000 rw-s 00000000 00:01 10900                      /memfd:pipewire-memfd:flags=0x0000000f,type=2,size=2312 (deleted)
794fde679000-794fde67a000 rw-s 00000000 00:01 9931                       /memfd:pipewire-memfd:flags=0x0000000f,type=2,size=2312 (deleted)
794fde67a000-794fde67b000 ---p 00000000 00:00 0 
794fde67b000-794fdee7b000 rw-p 00000000 00:00 0 
794fdee7b000-794fdee7c000 ---p 00000000 00:00 0 
794fdee7c000-794fdf67c000 rw-p 00000000 00:00 0 
794fdf67c000-794fdf67d000 ---p 00000000 00:00 0 
794fdf67d000-794fdfe7d000 rw-p 00000000 00:00 0 
794fdfe7d000-794fdfe81000 ---p 00000000 00:00 0 
794fdfe81000-794fdff7d000 rw-p 00000000 00:00 0 
794fdff7d000-794fdff7e000 rw-s 00000000 00:01 13858                      /memfd:pipewire-memfd:flags=0x0000000f,type=2,size=4096 (deleted)
794fdff7e000-794fdff87000 rw-s 00000000 00:01 14880                      /memfd:pipewire-memfd:flags=0x0000000f,type=2,size=32832 (deleted)
794fdff87000-794fdff90000 rw-s 00000000 00:01 14879                      /memfd:pipewire-memfd:flags=0x0000000f,type=2,size=32832 (deleted)
794fdff90000-794fdff91000 rw-s 00000000 00:01 1065                       /memfd:pipewire-memfd:flags=0x0000000f,type=2,size=2312 (deleted)
794fdff91000-794fdff92000 rw-s 00000000 00:01 13857                      /memfd:pipewire-memfd:flags=0x0000000f,type=2,size=2312 (deleted)
794fdff92000-794fdff93000 rw-s 00000000 00:01 8900                       /memfd:pipewire-memfd:flags=0x0000000f,type=2,size=2312 (deleted)
794fdff93000-794fdff94000 ---p 00000000 00:00 0 
794fdff94000-794fe0794000 rw-p 00000000 00:00 0 
794fe0794000-794fe0795000 ---p 00000000 00:00 0 
794fe0795000-794fe0f95000 rw-p 00000000 00:00 0 
794fe0f95000-794fe0f96000 ---p 00000000 00:00 0 
794fe0f96000-794fe1796000 rw-p 00000000 00:00 0 
794fe1796000-794fe179a000 ---p 00000000 00:00 0 
794fe179a000-794fe1896000 rw-p 00000000 00:00 0 
794fe1896000-794fe1897000 rw-s 00000000 00:01 14876                      /memfd:pipewire-memfd:flags=0x0000000f,type=2,size=4096 (deleted)
794fe1897000-794fe18a0000 rw-s 00000000 00:01 14878                      /memfd:pipewire-memfd:flags=0x0000000f,type=2,size=32832 (deleted)
794fe18a0000-794fe18a9000 rw-s 00000000 00:01 14877                      /memfd:pipewire-memfd:flags=0x0000000f,type=2,size=32832 (deleted)
794fe18a9000-794fe18aa000 rw-s 00000000 00:01 1065                       /memfd:pipewire-memfd:flags=0x0000000f,type=2,size=2312 (deleted)
794fe18aa000-794fe18ab000 rw-s 00000000 00:01 14875                      /memfd:pipewire-memfd:flags=0x0000000f,type=2,size=2312 (deleted)
794fe18ab000-794fe18ac000 rw-s 00000000 00:01 15928                      /memfd:pipewire-memfd:flags=0x0000000f,type=2,size=2312 (deleted)
794fe18ac000-794fe18ad000 ---p 00000000 00:00 0 
794fe18ad000-794fe20ad000 rw-p 00000000 00:00 0 
794fe20ad000-794fe20ae000 ---p 00000000 00:00 0 
794fe20ae000-794fe28ae000 rw-p 00000000 00:00 0 
794fe28ae000-794fe28af000 ---p 00000000 00:00 0 
794fe28af000-794fe30af000 rw-p 00000000 00:00 0 
794fe30af000-794fe30b3000 ---p 00000000 00:00 0 
794fe30b3000-794fe31af000 rw-p 00000000 00:00 0 
794fe31af000-794fe31b0000 rw-s 00000000 00:01 14872                      /memfd:pipewire-memfd:flags=0x0000000f,type=2,size=4096 (deleted)
794fe31b0000-794fe31b9000 rw-s 00000000 00:01 14874                      /memfd:pipewire-memfd:flags=0x0000000f,type=2,size=32832 (deleted)
794fe31b9000-794fe31c2000 rw-s 00000000 00:01 14873                      /memfd:pipewire-memfd:flags=0x0000000f,type=2,size=32832 (deleted)
794fe31c2000-794fe31c3000 rw-s 00000000 00:01 1065                       /memfd:pipewire-memfd:flags=0x0000000f,type=2,size=2312 (deleted)
794fe31c3000-794fe31c4000 rw-s 00000000 00:01 14871                      /memfd:pipewire-memfd:flags=0x0000000f,type=2,size=2312 (deleted)
794fe31c4000-794fe31c5000 rw-s 00000000 00:01 11839                      /memfd:pipewire-memfd:flags=0x0000000f,type=2,size=2312 (deleted)
794fe31c5000-794fe31c6000 ---p 00000000 00:00 0 
794fe31c6000-794fe39c6000 rw-p 00000000 00:00 0 
794fe39c6000-794fe39c7000 ---p 00000000 00:00 0 
794fe39c7000-794fe41c7000 rw-p 00000000 00:00 0 
794fe41c7000-794fe41c8000 ---p 00000000 00:00 0 
794fe41c8000-794fe49c8000 rw-p 00000000 00:00 0 
794fe49c8000-794fe49cc000 ---p 00000000 00:00 0 
794fe49cc000-794fe4ac8000 rw-p 00000000 00:00 0 
794fe4ac8000-794fe4ac9000 rw-s 00000000 00:01 11838                      /memfd:pipewire-memfd:flags=0x0000000f,type=2,size=4096 (deleted)
794fe4ac9000-794fe4ad2000 rw-s 00000000 00:01 8899                       /memfd:pipewire-memfd:flags=0x0000000f,type=2,size=32832 (deleted)
794fe4ad2000-794fe4adb000 rw-s 00000000 00:01 8898                       /memfd:pipewire-memfd:flags=0x0000000f,type=2,size=32832 (deleted)
794fe4adb000-794fe4adc000 rw-s 00000000 00:01 1065                       /memfd:pipewire-memfd:flags=0x0000000f,type=2,size=2312 (deleted)
794fe4adc000-794fe4add000 rw-s 00000000 00:01 8897                       /memfd:pipewire-memfd:flags=0x0000000f,type=2,size=2312 (deleted)
794fe4add000-794fe4ade000 rw-s 00000000 00:01 15927                      /memfd:pipewire-memfd:flags=0x0000000f,type=2,size=2312 (deleted)
794fe4ade000-794fe4adf000 ---p 00000000 00:00 0 
794fe4adf000-794fe52df000 rw-p 00000000 00:00 0 
794fe52df000-794fe52e0000 ---p 00000000 00:00 0 
794fe52e0000-794fe5ae0000 rw-p 00000000 00:00 0 
794fe5ae0000-794fe5ae1000 ---p 00000000 00:00 0 
794fe5ae1000-794fe62e1000 rw-p 00000000 00:00 0 
794fe62e1000-794fe62e5000 ---p 00000000 00:00 0 
794fe62e5000-794fe63e1000 rw-p 00000000 00:00 0 
794fe63e1000-794fe63e2000 rw-s 00000000 00:01 9930                       /memfd:pipewire-memfd:flags=0x0000000f,type=2,size=4096 (deleted)
794fe63e2000-794fe63eb000 rw-s 00000000 00:01 12823                      /memfd:pipewire-memfd:flags=0x0000000f,type=2,size=32832 (deleted)
794fe63eb000-794fe63f4000 rw-s 00000000 00:01 12822                      /memfd:pipewire-memfd:flags=0x0000000f,type=2,size=32832 (deleted)
794fe63f4000-794fe63f5000 rw-s 00000000 00:01 1065                       /memfd:pipewire-memfd:flags=0x0000000f,type=2,size=2312 (deleted)
794fe63f5000-794fe63f6000 rw-s 00000000 00:01 12821                      /memfd:pipewire-memfd:flags=0x0000000f,type=2,size=2312 (deleted)
794fe63f6000-794fe63f7000 rw-s 00000000 00:01 14870                      /memfd:pipewire-memfd:flags=0x0000000f,type=2,size=2312 (deleted)
794fe63f7000-794fe63f8000 ---p 00000000 00:00 0 
794fe63f8000-794fe6bf8000 rw-p 00000000 00:00 0 
794fe6bf8000-794fe6bf9000 ---p 00000000 00:00 0 
794fe6bf9000-794fe73f9000 rw-p 00000000 00:00 0 
794fe73f9000-794fe73fa000 ---p 00000000 00:00 0 
794fe73fa000-794fe7bfa000 rw-p 00000000 00:00 0 
794fe7bfa000-794fe7bfe000 ---p 00000000 00:00 0 
794fe7bfe000-794fe7cfa000 rw-p 00000000 00:00 0 
794fe7cfa000-794fe7cfb000 rw-s 00000000 00:01 14867                      /memfd:pipewire-memfd:flags=0x0000000f,type=2,size=4096 (deleted)
794fe7cfb000-794fe7d04000 rw-s 00000000 00:01 14869                      /memfd:pipewire-memfd:flags=0x0000000f,type=2,size=32832 (deleted)
794fe7d04000-794fe7d0d000 rw-s 00000000 00:01 14868                      /memfd:pipewire-memfd:flags=0x0000000f,type=2,size=32832 (deleted)
794fe7d0d000-794fe7d0e000 rw-s 00000000 00:01 1065                       /memfd:pipewire-memfd:flags=0x0000000f,type=2,size=2312 (deleted)
794fe7d0e000-794fe7d0f000 rw-s 00000000 00:01 14866                      /memfd:pipewire-memfd:flags=0x0000000f,type=2,size=2312 (deleted)
794fe7d0f000-794fe7d10000 rw-s 00000000 00:01 11837                      /memfd:pipewire-memfd:flags=0x0000000f,type=2,size=2312 (deleted)
794fe7d10000-794fe7d11000 ---p 00000000 00:00 0 
794fe7d11000-794fe8511000 rw-p 00000000 00:00 0 
794fe8511000-794fe8512000 ---p 00000000 00:00 0 
794fe8512000-794fe8d12000 rw-p 00000000 00:00 0 
794fe8d12000-794fe8d13000 ---p 00000000 00:00 0 
794fe8d13000-794fe9513000 rw-p 00000000 00:00 0 
794fe9513000-794fe9517000 ---p 00000000 00:00 0 
794fe9517000-794fe9613000 rw-p 00000000 00:00 0 
794fe9613000-794fe9614000 rw-s 00000000 00:01 8896                       /memfd:pipewire-memfd:flags=0x0000000f,type=2,size=4096 (deleted)
794fe9614000-794fe961d000 rw-s 00000000 00:01 14865                      /memfd:pipewire-memfd:flags=0x0000000f,type=2,size=32832 (deleted)
794fe961d000-794fe9626000 rw-s 00000000 00:01 14864                      /memfd:pipewire-memfd:flags=0x0000000f,type=2,size=32832 (deleted)
794fe9626000-794fe9627000 rw-s 00000000 00:01 1065                       /memfd:pipewire-memfd:flags=0x0000000f,type=2,size=2312 (deleted)
794fe9627000-794fe9628000 rw-s 00000000 00:01 8895                       /memfd:pipewire-memfd:flags=0x0000000f,type=2,size=2312 (deleted)
794fe9628000-794fe9629000 rw-s 00000000 00:01 10899                      /memfd:pipewire-memfd:flags=0x0000000f,type=2,size=2312 (deleted)
794fe9629000-794fe962a000 ---p 00000000 00:00 0 
794fe962a000-794fe9e2a000 rw-p 00000000 00:00 0 
794fe9e2a000-794fe9e2b000 ---p 00000000 00:00 0 
794fe9e2b000-794fea62b000 rw-p 00000000 00:00 0 
794fea62b000-794fea62c000 ---p 00000000 00:00 0 
794fea62c000-794feae2c000 rw-p 00000000 00:00 0 
794feae2c000-794feae30000 ---p 00000000 00:00 0 
794feae30000-794feaf2c000 rw-p 00000000 00:00 0 
794feaf2c000-794feaf2d000 rw-s 00000000 00:01 9929                       /memfd:pipewire-memfd:flags=0x0000000f,type=2,size=4096 (deleted)
794feaf2d000-794feaf36000 rw-s 00000000 00:01 10898                      /memfd:pipewire-memfd:flags=0x0000000f,type=2,size=32832 (deleted)
794feaf36000-794feaf3f000 rw-s 00000000 00:01 10897                      /memfd:pipewire-memfd:flags=0x0000000f,type=2,size=32832 (deleted)
794feaf3f000-794feaf40000 rw-s 00000000 00:01 1065                       /memfd:pipewire-memfd:flags=0x0000000f,type=2,size=2312 (deleted)
794feaf40000-794feaf41000 rw-s 00000000 00:01 9928                       /memfd:pipewire-memfd:flags=0x0000000f,type=2,size=2312 (deleted)
794feaf41000-794feaf42000 rw-s 00000000 00:01 8894                       /memfd:pipewire-memfd:flags=0x0000000f,type=2,size=2312 (deleted)
794feaf42000-794feaf43000 ---p 00000000 00:00 0 
794feaf43000-794feb743000 rw-p 00000000 00:00 0 
794feb743000-794feb744000 ---p 00000000 00:00 0 
794feb744000-794febf44000 rw-p 00000000 00:00 0 
794febf44000-794febf45000 ---p 00000000 00:00 0 
794febf45000-794fec745000 rw-p 00000000 00:00 0 
794fec745000-794fec749000 ---p 00000000 00:00 0 
794fec749000-794fec845000 rw-p 00000000 00:00 0 
794fec845000-794fec846000 rw-s 00000000 00:01 15926                      /memfd:pipewire-memfd:flags=0x0000000f,type=2,size=4096 (deleted)
794fec846000-794fec84f000 rw-s 00000000 00:01 13856                      /memfd:pipewire-memfd:flags=0x0000000f,type=2,size=32832 (deleted)
794fec84f000-794fec858000 rw-s 00000000 00:01 13855                      /memfd:pipewire-memfd:flags=0x0000000f,type=2,size=32832 (deleted)
794fec858000-794fec859000 rw-s 00000000 00:01 1065                       /memfd:pipewire-memfd:flags=0x0000000f,type=2,size=2312 (deleted)
794fec859000-794fec85a000 rw-s 00000000 00:01 15925                      /memfd:pipewire-memfd:flags=0x0000000f,type=2,size=2312 (deleted)
794fec85a000-794fec85b000 rw-s 00000000 00:01 10896                      /memfd:pipewire-memfd:flags=0x0000000f,type=2,size=2312 (deleted)
794fec85b000-794fec85c000 ---p 00000000 00:00 0 
794fec85c000-794fed05c000 rw-p 00000000 00:00 0 
794fed05c000-794fed05d000 ---p 00000000 00:00 0 
794fed05d000-794fed85d000 rw-p 00000000 00:00 0 
794fed85d000-794fed85e000 ---p 00000000 00:00 0 
794fed85e000-794fee05e000 rw-p 00000000 00:00 0 
794fee05e000-794fee062000 ---p 00000000 00:00 0 
794fee062000-794fee15e000 rw-p 00000000 00:00 0 
794fee15e000-794fee15f000 rw-s 00000000 00:01 13854                      /memfd:pipewire-memfd:flags=0x0000000f,type=2,size=4096 (deleted)
794fee15f000-794fee168000 rw-s 00000000 00:01 9927                       /memfd:pipewire-memfd:flags=0x0000000f,type=2,size=32832 (deleted)
794fee168000-794fee171000 rw-s 00000000 00:01 9926                       /memfd:pipewire-memfd:flags=0x0000000f,type=2,size=32832 (deleted)
794fee171000-794fee172000 rw-s 00000000 00:01 1065                       /memfd:pipewire-memfd:flags=0x0000000f,type=2,size=2312 (deleted)
794fee172000-794fee173000 rw-s 00000000 00:01 13853                      /memfd:pipewire-memfd:flags=0x0000000f,type=2,size=2312 (deleted)
794fee173000-794fee174000 rw-s 00000000 00:01 9925                       /memfd:pipewire-memfd:flags=0x0000000f,type=2,size=2312 (deleted)
794fee174000-794fee175000 ---p 00000000 00:00 0 
794fee175000-794fee975000 rw-p 00000000 00:00 0 
794fee975000-794fee976000 ---p 00000000 00:00 0 
794fee976000-794fef176000 rw-p 00000000 00:00 0 
794fef176000-794fef177000 ---p 00000000 00:00 0 
794fef177000-794fef977000 rw-p 00000000 00:00 0 
794fef977000-794fef97b000 ---p 00000000 00:00 0 
794fef97b000-794fefa77000 rw-p 00000000 00:00 0 
794fefa77000-794fefa78000 rw-s 00000000 00:01 9924                       /memfd:pipewire-memfd:flags=0x0000000f,type=2,size=4096 (deleted)
794fefa78000-794fefa81000 rw-s 00000000 00:01 8893                       /memfd:pipewire-memfd:flags=0x0000000f,type=2,size=32832 (deleted)
794fefa81000-794fefa8a000 rw-s 00000000 00:01 8892                       /memfd:pipewire-memfd:flags=0x0000000f,type=2,size=32832 (deleted)
794fefa8a000-794fefa8b000 rw-s 00000000 00:01 1065                       /memfd:pipewire-memfd:flags=0x0000000f,type=2,size=2312 (deleted)
794fefa8b000-794fefa8c000 rw-s 00000000 00:01 9923                       /memfd:pipewire-memfd:flags=0x0000000f,type=2,size=2312 (deleted)
794fefa8c000-794fefa8d000 rw-s 00000000 00:01 8891                       /memfd:pipewire-memfd:flags=0x0000000f,type=2,size=2312 (deleted)
794fefa8d000-794fefa8e000 ---p 00000000 00:00 0 
794fefa8e000-794ff028e000 rw-p 00000000 00:00 0 
794ff028e000-794ff028f000 ---p 00000000 00:00 0 
794ff028f000-794ff0a8f000 rw-p 00000000 00:00 0 
794ff0a8f000-794ff0a90000 ---p 00000000 00:00 0 
794ff0a90000-794ff1290000 rw-p 00000000 00:00 0 
794ff1290000-794ff1294000 ---p 00000000 00:00 0 
794ff1294000-794ff1390000 rw-p 00000000 00:00 0 
794ff1390000-794ff1391000 rw-s 00000000 00:01 9920                       /memfd:pipewire-memfd:flags=0x0000000f,type=2,size=4096 (deleted)
794ff1391000-794ff139a000 rw-s 00000000 00:01 9922                       /memfd:pipewire-memfd:flags=0x0000000f,type=2,size=32832 (deleted)
794ff139a000-794ff13a3000 rw-s 00000000 00:01 9921                       /memfd:pipewire-memfd:flags=0x0000000f,type=2,size=32832 (deleted)
794ff13a3000-794ff13a4000 rw-s 00000000 00:01 1065                       /memfd:pipewire-memfd:flags=0x0000000f,type=2,size=2312 (deleted)
794ff13a4000-794ff13a5000 rw-s 00000000 00:01 12820                      /memfd:pipewire-memfd:flags=0x0000000f,type=2,size=2312 (deleted)
794ff13a5000-794ff13a6000 rw-s 00000000 00:01 10895                      /memfd:pipewire-memfd:flags=0x0000000f,type=2,size=2312 (deleted)
794ff13a6000-794ff13a7000 ---p 00000000 00:00 0 
794ff13a7000-794ff1ba7000 rw-p 00000000 00:00 0 
794ff1ba7000-794ff1ba8000 ---p 00000000 00:00 0 
794ff1ba8000-794ff23a8000 rw-p 00000000 00:00 0 
794ff23a8000-794ff23a9000 ---p 00000000 00:00 0 
794ff23a9000-794ff2ba9000 rw-p 00000000 00:00 0 
794ff2ba9000-794ff2bad000 ---p 00000000 00:00 0 
794ff2bad000-794ff2ca9000 rw-p 00000000 00:00 0 
794ff2ca9000-794ff2caa000 rw-s 00000000 00:01 8890                       /memfd:pipewire-memfd:flags=0x0000000f,type=2,size=4096 (deleted)
794ff2caa000-794ff2cb3000 rw-s 00000000 00:01 13852                      /memfd:pipewire-memfd:flags=0x0000000f,type=2,size=32832 (deleted)
794ff2cb3000-794ff2cbc000 rw-s 00000000 00:01 13851                      /memfd:pipewire-memfd:flags=0x0000000f,type=2,size=32832 (deleted)
794ff2cbc000-794ff2cbd000 rw-s 00000000 00:01 1065                       /memfd:pipewire-memfd:flags=0x0000000f,type=2,size=2312 (deleted)
794ff2cbd000-794ff2cbe000 rw-s 00000000 00:01 8889                       /memfd:pipewire-memfd:flags=0x0000000f,type=2,size=2312 (deleted)
794ff2cbe000-794ff2cbf000 rw-s 00000000 00:01 10894                      /memfd:pipewire-memfd:flags=0x0000000f,type=2,size=2312 (deleted)
794ff2cbf000-794ff2cc0000 ---p 00000000 00:00 0 
794ff2cc0000-794ff34c0000 rw-p 00000000 00:00 0 
794ff34c0000-794ff34c1000 ---p 00000000 00:00 0 
794ff34c1000-794ff3cc1000 rw-p 00000000 00:00 0 
794ff3cc1000-794ff3cc2000 ---p 00000000 00:00 0 
794ff3cc2000-794ff44c2000 rw-p 00000000 00:00 0 
794ff44c2000-794ff44c6000 ---p 00000000 00:00 0 
794ff44c6000-794ff45c2000 rw-p 00000000 00:00 0 
794ff45c2000-794ff45c3000 rw-s 00000000 00:01 15924                      /memfd:pipewire-memfd:flags=0x0000000f,type=2,size=4096 (deleted)
794ff45c3000-794ff45cc000 rw-s 00000000 00:01 8888                       /memfd:pipewire-memfd:flags=0x0000000f,type=2,size=32832 (deleted)
794ff45cc000-794ff45d5000 rw-s 00000000 00:01 8887                       /memfd:pipewire-memfd:flags=0x0000000f,type=2,size=32832 (deleted)
794ff45d5000-794ff45d6000 rw-s 00000000 00:01 1065                       /memfd:pipewire-memfd:flags=0x0000000f,type=2,size=2312 (deleted)
794ff45d6000-794ff45d7000 rw-s 00000000 00:01 15923                      /memfd:pipewire-memfd:flags=0x0000000f,type=2,size=2312 (deleted)
794ff45d7000-794ff45d8000 rw-s 00000000 00:01 10893                      /memfd:pipewire-memfd:flags=0x0000000f,type=2,size=2312 (deleted)
794ff45d8000-794ff45d9000 ---p 00000000 00:00 0 
794ff45d9000-794ff4dd9000 rw-p 00000000 00:00 0 
794ff4dd9000-794ff4dda000 ---p 00000000 00:00 0 
794ff4dda000-794ff55da000 rw-p 00000000 00:00 0 
794ff55da000-794ff55db000 ---p 00000000 00:00 0 
794ff55db000-794ff5ddb000 rw-p 00000000 00:00 0 
794ff5ddb000-794ff5ddf000 ---p 00000000 00:00 0 
794ff5ddf000-794ff5edb000 rw-p 00000000 00:00 0 
794ff5edb000-794ff5edc000 rw-s 00000000 00:01 13850                      /memfd:pipewire-memfd:flags=0x0000000f,type=2,size=4096 (deleted)
794ff5edc000-794ff5ee5000 rw-s 00000000 00:01 15922                      /memfd:pipewire-memfd:flags=0x0000000f,type=2,size=32832 (deleted)
794ff5ee5000-794ff5eee000 rw-s 00000000 00:01 15921                      /memfd:pipewire-memfd:flags=0x0000000f,type=2,size=32832 (deleted)
794ff5eee000-794ff5eef000 rw-s 00000000 00:01 1065                       /memfd:pipewire-memfd:flags=0x0000000f,type=2,size=2312 (deleted)
794ff5eef000-794ff5ef0000 rw-s 00000000 00:01 13849                      /memfd:pipewire-memfd:flags=0x0000000f,type=2,size=2312 (deleted)
794ff5ef0000-794ff5ef1000 rw-s 00000000 00:01 15920                      /memfd:pipewire-memfd:flags=0x0000000f,type=2,size=2312 (deleted)
794ff5ef1000-794ff5ef2000 ---p 00000000 00:00 0 
794ff5ef2000-794ff66f2000 rw-p 00000000 00:00 0 
794ff66f2000-794ff66f3000 ---p 00000000 00:00 0 
794ff66f3000-794ff6ef3000 rw-p 00000000 00:00 0 
794ff6ef3000-794ff6ef4000 ---p 00000000 00:00 0 
794ff6ef4000-794ff76f4000 rw-p 00000000 00:00 0 
794ff76f4000-794ff76f8000 ---p 00000000 00:00 0 
794ff76f8000-794ff77f4000 rw-p 00000000 00:00 0 
794ff77f4000-794ff77f5000 rw-s 00000000 00:01 10892                      /memfd:pipewire-memfd:flags=0x0000000f,type=2,size=4096 (deleted)
794ff77f5000-794ff77fe000 rw-s 00000000 00:01 11836                      /memfd:pipewire-memfd:flags=0x0000000f,type=2,size=32832 (deleted)
794ff77fe000-794ff7807000 rw-s 00000000 00:01 11835                      /memfd:pipewire-memfd:flags=0x0000000f,type=2,size=32832 (deleted)
794ff7807000-794ff7808000 rw-s 00000000 00:01 1065                       /memfd:pipewire-memfd:flags=0x0000000f,type=2,size=2312 (deleted)
794ff7808000-794ff7809000 rw-s 00000000 00:01 10891                      /memfd:pipewire-memfd:flags=0x0000000f,type=2,size=2312 (deleted)
794ff7809000-794ff780a000 rw-s 00000000 00:01 8886                       /memfd:pipewire-memfd:flags=0x0000000f,type=2,size=2312 (deleted)
794ff780a000-794ff780b000 ---p 00000000 00:00 0 
794ff780b000-794ff800b000 rw-p 00000000 00:00 0 
794ff800b000-794ff800c000 ---p 00000000 00:00 0 
794ff800c000-794ff880c000 rw-p 00000000 00:00 0 
794ff880c000-794ff880d000 ---p 00000000 00:00 0 
794ff880d000-794ff900d000 rw-p 00000000 00:00 0 
794ff900d000-794ff9011000 ---p 00000000 00:00 0 
794ff9011000-794ff910d000 rw-p 00000000 00:00 0 
794ff910d000-794ff910e000 rw-s 00000000 00:01 15917                      /memfd:pipewire-memfd:flags=0x0000000f,type=2,size=4096 (deleted)
794ff910e000-794ff9117000 rw-s 00000000 00:01 15919                      /memfd:pipewire-memfd:flags=0x0000000f,type=2,size=32832 (deleted)
794ff9117000-794ff9120000 rw-s 00000000 00:01 15918                      /memfd:pipewire-memfd:flags=0x0000000f,type=2,size=32832 (deleted)
794ff9120000-794ff9121000 rw-s 00000000 00:01 1065                       /memfd:pipewire-memfd:flags=0x0000000f,type=2,size=2312 (deleted)
794ff9121000-794ff9122000 rw-s 00000000 00:01 15916                      /memfd:pipewire-memfd:flags=0x0000000f,type=2,size=2312 (deleted)
794ff9122000-794ff9123000 rw-s 00000000 00:01 9919                       /memfd:pipewire-memfd:flags=0x0000000f,type=2,size=2312 (deleted)
794ff9123000-794ff9124000 ---p 00000000 00:00 0 
794ff9124000-794ff9924000 rw-p 00000000 00:00 0 
794ff9924000-794ff9925000 ---p 00000000 00:00 0 
794ff9925000-794ffa125000 rw-p 00000000 00:00 0 
794ffa125000-794ffa126000 ---p 00000000 00:00 0 
794ffa126000-794ffa926000 rw-p 00000000 00:00 0 
794ffa926000-794ffa92a000 ---p 00000000 00:00 0 
794ffa92a000-794ffaa26000 rw-p 00000000 00:00 0 
794ffaa26000-794ffaa27000 rw-s 00000000 00:01 12817                      /memfd:pipewire-memfd:flags=0x0000000f,type=2,size=4096 (deleted)
794ffaa27000-794ffaa30000 rw-s 00000000 00:01 12819                      /memfd:pipewire-memfd:flags=0x0000000f,type=2,size=32832 (deleted)
794ffaa30000-794ffaa39000 rw-s 00000000 00:01 12818                      /memfd:pipewire-memfd:flags=0x0000000f,type=2,size=32832 (deleted)
794ffaa39000-794ffaa3a000 rw-s 00000000 00:01 1065                       /memfd:pipewire-memfd:flags=0x0000000f,type=2,size=2312 (deleted)
794ffaa3a000-794ffaa3b000 rw-s 00000000 00:01 12816                      /memfd:pipewire-memfd:flags=0x0000000f,type=2,size=2312 (deleted)
794ffaa3b000-794ffaa3c000 rw-s 00000000 00:01 14863                      /memfd:pipewire-memfd:flags=0x0000000f,type=2,size=2312 (deleted)
794ffaa3c000-794ffaa3d000 ---p 00000000 00:00 0 
794ffaa3d000-794ffb23d000 rw-p 00000000 00:00 0 
794ffb23d000-794ffb23e000 ---p 00000000 00:00 0 
794ffb23e000-794ffba3e000 rw-p 00000000 00:00 0 
794ffba3e000-794ffba3f000 ---p 00000000 00:00 0 
794ffba3f000-794ffc23f000 rw-p 00000000 00:00 0 
794ffc23f000-794ffc243000 ---p 00000000 00:00 0 
794ffc243000-794ffc33f000 rw-p 00000000 00:00 0 
794ffc33f000-794ffc340000 rw-s 00000000 00:01 14862                      /memfd:pipewire-memfd:flags=0x0000000f,type=2,size=4096 (deleted)
794ffc340000-794ffc349000 rw-s 00000000 00:01 15915                      /memfd:pipewire-memfd:flags=0x0000000f,type=2,size=32832 (deleted)
794ffc349000-794ffc352000 rw-s 00000000 00:01 15914                      /memfd:pipewire-memfd:flags=0x0000000f,type=2,size=32832 (deleted)
794ffc352000-794ffc353000 rw-s 00000000 00:01 1065                       /memfd:pipewire-memfd:flags=0x0000000f,type=2,size=2312 (deleted)
794ffc353000-794ffc354000 rw-s 00000000 00:01 14861                      /memfd:pipewire-memfd:flags=0x0000000f,type=2,size=2312 (deleted)
794ffc354000-794ffc355000 rw-s 00000000 00:01 15913                      /memfd:pipewire-memfd:flags=0x0000000f,type=2,size=2312 (deleted)
794ffc355000-794ffc356000 ---p 00000000 00:00 0 
794ffc356000-794ffcb56000 rw-p 00000000 00:00 0 
794ffcb56000-794ffcb57000 ---p 00000000 00:00 0 
794ffcb57000-794ffd357000 rw-p 00000000 00:00 0 
794ffd357000-794ffd358000 ---p 00000000 00:00 0 
794ffd358000-794ffdb58000 rw-p 00000000 00:00 0 
794ffdb58000-794ffdb5c000 ---p 00000000 00:00 0 
794ffdb5c000-794ffdc58000 rw-p 00000000 00:00 0 
794ffdc58000-794ffdc59000 rw-s 00000000 00:01 15912                      /memfd:pipewire-memfd:flags=0x0000000f,type=2,size=4096 (deleted)
794ffdc59000-794ffdc62000 rw-s 00000000 00:01 12815                      /memfd:pipewire-memfd:flags=0x0000000f,type=2,size=32832 (deleted)
794ffdc62000-794ffdc6b000 rw-s 00000000 00:01 12814                      /memfd:pipewire-memfd:flags=0x0000000f,type=2,size=32832 (deleted)
794ffdc6b000-794ffdc6c000 rw-s 00000000 00:01 1065                       /memfd:pipewire-memfd:flags=0x0000000f,type=2,size=2312 (deleted)
794ffdc6c000-794ffdc6d000 rw-s 00000000 00:01 15911                      /memfd:pipewire-memfd:flags=0x0000000f,type=2,size=2312 (deleted)
794ffdc6d000-794ffdc6e000 rw-s 00000000 00:01 8885                       /memfd:pipewire-memfd:flags=0x0000000f,type=2,size=2312 (deleted)
794ffdc6e000-794ffdc6f000 ---p 00000000 00:00 0 
794ffdc6f000-794ffe46f000 rw-p 00000000 00:00 0 
794ffe46f000-794ffe470000 ---p 00000000 00:00 0 
794ffe470000-794ffec70000 rw-p 00000000 00:00 0 
794ffec70000-794ffec71000 ---p 00000000 00:00 0 
794ffec71000-794fff471000 rw-p 00000000 00:00 0 
794fff471000-794fff475000 ---p 00000000 00:00 0 
794fff475000-794fff571000 rw-p 00000000 00:00 0 
794fff571000-794fff572000 rw-s 00000000 00:01 9918                       /memfd:pipewire-memfd:flags=0x0000000f,type=2,size=4096 (deleted)
794fff572000-794fff57b000 rw-s 00000000 00:01 15910                      /memfd:pipewire-memfd:flags=0x0000000f,type=2,size=32832 (deleted)
794fff57b000-794fff584000 rw-s 00000000 00:01 15909                      /memfd:pipewire-memfd:flags=0x0000000f,type=2,size=32832 (deleted)
794fff584000-794fff585000 rw-s 00000000 00:01 1065                       /memfd:pipewire-memfd:flags=0x0000000f,type=2,size=2312 (deleted)
794fff585000-794fff586000 rw-s 00000000 00:01 9917                       /memfd:pipewire-memfd:flags=0x0000000f,type=2,size=2312 (deleted)
794fff586000-794fff587000 rw-s 00000000 00:01 11834                      /memfd:pipewire-memfd:flags=0x0000000f,type=2,size=2312 (deleted)
794fff587000-794fff588000 ---p 00000000 00:00 0 
794fff588000-794fffd88000 rw-p 00000000 00:00 0 
794fffd88000-794fffd89000 ---p 00000000 00:00 0 
794fffd89000-795000589000 rw-p 00000000 00:00 0 
795000589000-79500058a000 ---p 00000000 00:00 0 
79500058a000-795000d8a000 rw-p 00000000 00:00 0 
795000d8a000-795000d8e000 ---p 00000000 00:00 0 
795000d8e000-795000e8a000 rw-p 00000000 00:00 0 
795000e8a000-795000e8b000 rw-s 00000000 00:01 10890                      /memfd:pipewire-memfd:flags=0x0000000f,type=2,size=4096 (deleted)
795000e8b000-795000e94000 rw-s 00000000 00:01 12813                      /memfd:pipewire-memfd:flags=0x0000000f,type=2,size=32832 (deleted)
795000e94000-795000e9d000 rw-s 00000000 00:01 12812                      /memfd:pipewire-memfd:flags=0x0000000f,type=2,size=32832 (deleted)
795000e9d000-795000e9e000 rw-s 00000000 00:01 1065                       /memfd:pipewire-memfd:flags=0x0000000f,type=2,size=2312 (deleted)
795000e9e000-795000e9f000 rw-s 00000000 00:01 10889                      /memfd:pipewire-memfd:flags=0x0000000f,type=2,size=2312 (deleted)
795000e9f000-795000ea0000 rw-s 00000000 00:01 13848                      /memfd:pipewire-memfd:flags=0x0000000f,type=2,size=2312 (deleted)
795000ea0000-795000ea1000 ---p 00000000 00:00 0 
795000ea1000-7950016a1000 rw-p 00000000 00:00 0 
7950016a1000-7950016a2000 ---p 00000000 00:00 0 
7950016a2000-795001ea2000 rw-p 00000000 00:00 0 
795001ea2000-795001ea3000 ---p 00000000 00:00 0 
795001ea3000-7950026a3000 rw-p 00000000 00:00 0 
7950026a3000-7950026a7000 ---p 00000000 00:00 0 
7950026a7000-7950027a3000 rw-p 00000000 00:00 0 
7950027a3000-7950027a4000 rw-s 00000000 00:01 12811                      /memfd:pipewire-memfd:flags=0x0000000f,type=2,size=4096 (deleted)
7950027a4000-7950027ad000 rw-s 00000000 00:01 8884                       /memfd:pipewire-memfd:flags=0x0000000f,type=2,size=32832 (deleted)
7950027ad000-7950027b6000 rw-s 00000000 00:01 8883                       /memfd:pipewire-memfd:flags=0x0000000f,type=2,size=32832 (deleted)
7950027b6000-7950027b7000 rw-s 00000000 00:01 1065                       /memfd:pipewire-memfd:flags=0x0000000f,type=2,size=2312 (deleted)
7950027b7000-7950027b8000 rw-s 00000000 00:01 12810                      /memfd:pipewire-memfd:flags=0x0000000f,type=2,size=2312 (deleted)
7950027b8000-7950027b9000 rw-s 00000000 00:01 10888                      /memfd:pipewire-memfd:flags=0x0000000f,type=2,size=2312 (deleted)
7950027b9000-7950027ba000 ---p 00000000 00:00 0 
7950027ba000-795002fba000 rw-p 00000000 00:00 0 
795002fba000-795002fbb000 ---p 00000000 00:00 0 
795002fbb000-7950037bb000 rw-p 00000000 00:00 0 
7950037bb000-7950037bc000 ---p 00000000 00:00 0 
7950037bc000-795003fbc000 rw-p 00000000 00:00 0 
795003fbc000-795003fc0000 ---p 00000000 00:00 0 
795003fc0000-7950040bc000 rw-p 00000000 00:00 0 
7950040bc000-7950040bd000 rw-s 00000000 00:01 12809                      /memfd:pipewire-memfd:flags=0x0000000f,type=2,size=4096 (deleted)
7950040bd000-7950040c6000 rw-s 00000000 00:01 8882                       /memfd:pipewire-memfd:flags=0x0000000f,type=2,size=32832 (deleted)
7950040c6000-7950040cf000 rw-s 00000000 00:01 8881                       /memfd:pipewire-memfd:flags=0x0000000f,type=2,size=32832 (deleted)
7950040cf000-7950040d0000 rw-s 00000000 00:01 1065                       /memfd:pipewire-memfd:flags=0x0000000f,type=2,size=2312 (deleted)
7950040d0000-7950040d1000 rw-s 00000000 00:01 12808                      /memfd:pipewire-memfd:flags=0x0000000f,type=2,size=2312 (deleted)
7950040d1000-7950040d2000 rw-s 00000000 00:01 14860                      /memfd:pipewire-memfd:flags=0x0000000f,type=2,size=2312 (deleted)
7950040d2000-7950040d3000 ---p 00000000 00:00 0 
7950040d3000-7950048d3000 rw-p 00000000 00:00 0 
7950048d3000-7950048d4000 ---p 00000000 00:00 0 
7950048d4000-7950050d4000 rw-p 00000000 00:00 0 
7950050d4000-7950050d5000 ---p 00000000 00:00 0 
7950050d5000-7950058d5000 rw-p 00000000 00:00 0 
7950058d5000-7950058d9000 ---p 00000000 00:00 0 
7950058d9000-7950059d5000 rw-p 00000000 00:00 0 
7950059d5000-7950059d6000 rw-s 00000000 00:01 10887                      /memfd:pipewire-memfd:flags=0x0000000f,type=2,size=4096 (deleted)
7950059d6000-7950059df000 rw-s 00000000 00:01 14859                      /memfd:pipewire-memfd:flags=0x0000000f,type=2,size=32832 (deleted)
7950059df000-7950059e8000 rw-s 00000000 00:01 14858                      /memfd:pipewire-memfd:flags=0x0000000f,type=2,size=32832 (deleted)
7950059e8000-7950059e9000 rw-s 00000000 00:01 1065                       /memfd:pipewire-memfd:flags=0x0000000f,type=2,size=2312 (deleted)
7950059e9000-7950059ea000 rw-s 00000000 00:01 10886                      /memfd:pipewire-memfd:flags=0x0000000f,type=2,size=2312 (deleted)
7950059ea000-7950059eb000 rw-s 00000000 00:01 9916                       /memfd:pipewire-memfd:flags=0x0000000f,type=2,size=2312 (deleted)
7950059eb000-7950059ec000 ---p 00000000 00:00 0 
7950059ec000-7950061ec000 rw-p 00000000 00:00 0 
7950061ec000-7950061ed000 ---p 00000000 00:00 0 
7950061ed000-7950069ed000 rw-p 00000000 00:00 0 
7950069ed000-7950069ee000 ---p 00000000 00:00 0 
7950069ee000-7950071ee000 rw-p 00000000 00:00 0 
7950071ee000-7950071f2000 ---p 00000000 00:00 0 
7950071f2000-7950072ee000 rw-p 00000000 00:00 0 
7950072ee000-7950072ef000 rw-s 00000000 00:01 9913                       /memfd:pipewire-memfd:flags=0x0000000f,type=2,size=4096 (deleted)
7950072ef000-7950072f8000 rw-s 00000000 00:01 9915                       /memfd:pipewire-memfd:flags=0x0000000f,type=2,size=32832 (deleted)
7950072f8000-795007301000 rw-s 00000000 00:01 9914                       /memfd:pipewire-memfd:flags=0x0000000f,type=2,size=32832 (deleted)
795007301000-795007302000 rw-s 00000000 00:01 1065                       /memfd:pipewire-memfd:flags=0x0000000f,type=2,size=2312 (deleted)
795007302000-795007303000 rw-s 00000000 00:01 12807                      /memfd:pipewire-memfd:flags=0x0000000f,type=2,size=2312 (deleted)
795007303000-795007304000 rw-s 00000000 00:01 8880                       /memfd:pipewire-memfd:flags=0x0000000f,type=2,size=2312 (deleted)
795007304000-795007305000 ---p 00000000 00:00 0 
795007305000-795007b05000 rw-p 00000000 00:00 0 
795007b05000-795007b06000 ---p 00000000 00:00 0 
795007b06000-795008306000 rw-p 00000000 00:00 0 
795008306000-795008307000 ---p 00000000 00:00 0 
795008307000-795008b07000 rw-p 00000000 00:00 0 
795008b07000-795008b0b000 ---p 00000000 00:00 0 
795008b0b000-795008c07000 rw-p 00000000 00:00 0 
795008c07000-795008c08000 rw-s 00000000 00:01 9912                       /memfd:pipewire-memfd:flags=0x0000000f,type=2,size=4096 (deleted)
795008c08000-795008c11000 rw-s 00000000 00:01 8879                       /memfd:pipewire-memfd:flags=0x0000000f,type=2,size=32832 (deleted)
795008c11000-795008c1a000 rw-s 00000000 00:01 8878                       /memfd:pipewire-memfd:flags=0x0000000f,type=2,size=32832 (deleted)
795008c1a000-795008c1b000 rw-s 00000000 00:01 1065                       /memfd:pipewire-memfd:flags=0x0000000f,type=2,size=2312 (deleted)
795008c1b000-795008c1c000 rw-s 00000000 00:01 9911                       /memfd:pipewire-memfd:flags=0x0000000f,type=2,size=2312 (deleted)
795008c1c000-795008c1d000 rw-s 00000000 00:01 13847                      /memfd:pipewire-memfd:flags=0x0000000f,type=2,size=2312 (deleted)
795008c1d000-795008c1e000 ---p 00000000 00:00 0 
795008c1e000-79500941e000 rw-p 00000000 00:00 0 
79500941e000-79500941f000 ---p 00000000 00:00 0 
79500941f000-795009c1f000 rw-p 00000000 00:00 0 
795009c1f000-795009c20000 ---p 00000000 00:00 0 
795009c20000-79500a420000 rw-p 00000000 00:00 0 
79500a420000-79500a424000 ---p 00000000 00:00 0 
79500a424000-79500a520000 rw-p 00000000 00:00 0 
79500a520000-79500a521000 rw-s 00000000 00:01 10885                      /memfd:pipewire-memfd:flags=0x0000000f,type=2,size=4096 (deleted)
79500a521000-79500a52a000 rw-s 00000000 00:01 9910                       /memfd:pipewire-memfd:flags=0x0000000f,type=2,size=32832 (deleted)
79500a52a000-79500a533000 rw-s 00000000 00:01 9909                       /memfd:pipewire-memfd:flags=0x0000000f,type=2,size=32832 (deleted)
79500a533000-79500a534000 rw-s 00000000 00:01 1065                       /memfd:pipewire-memfd:flags=0x0000000f,type=2,size=2312 (deleted)
79500a534000-79500a535000 rw-s 00000000 00:01 10884                      /memfd:pipewire-memfd:flags=0x0000000f,type=2,size=2312 (deleted)
79500a535000-79500a536000 rw-s 00000000 00:01 11833                      /memfd:pipewire-memfd:flags=0x0000000f,type=2,size=2312 (deleted)
79500a536000-79500a537000 ---p 00000000 00:00 0 
79500a537000-79500ad37000 rw-p 00000000 00:00 0 
79500ad37000-79500ad38000 ---p 00000000 00:00 0 
79500ad38000-79500b538000 rw-p 00000000 00:00 0 
79500b538000-79500b539000 ---p 00000000 00:00 0 
79500b539000-79500bd39000 rw-p 00000000 00:00 0 
79500bd39000-79500bd3d000 ---p 00000000 00:00 0 
79500bd3d000-79500be39000 rw-p 00000000 00:00 0 
79500be39000-79500be3a000 rw-s 00000000 00:01 13846                      /memfd:pipewire-memfd:flags=0x0000000f,type=2,size=4096 (deleted)
79500be3a000-79500be43000 rw-s 00000000 00:01 8877                       /memfd:pipewire-memfd:flags=0x0000000f,type=2,size=32832 (deleted)
79500be43000-79500be4c000 rw-s 00000000 00:01 8876                       /memfd:pipewire-memfd:flags=0x0000000f,type=2,size=32832 (deleted)
79500be4c000-79500be4d000 rw-s 00000000 00:01 1065                       /memfd:pipewire-memfd:flags=0x0000000f,type=2,size=2312 (deleted)
79500be4d000-79500be4e000 rw-s 00000000 00:01 13845                      /memfd:pipewire-memfd:flags=0x0000000f,type=2,size=2312 (deleted)
79500be4e000-79500be4f000 rw-s 00000000 00:01 15908                      /memfd:pipewire-memfd:flags=0x0000000f,type=2,size=2312 (deleted)
79500be4f000-79500be50000 ---p 00000000 00:00 0 
79500be50000-79500c650000 rw-p 00000000 00:00 0 
79500c650000-79500c651000 ---p 00000000 00:00 0 
79500c651000-79500ce51000 rw-p 00000000 00:00 0 
79500ce51000-79500ce52000 ---p 00000000 00:00 0 
79500ce52000-79500d652000 rw-p 00000000 00:00 0 
79500d652000-79500d656000 ---p 00000000 00:00 0 
79500d656000-79500d752000 rw-p 00000000 00:00 0 
79500d752000-79500d753000 rw-s 00000000 00:01 9908                       /memfd:pipewire-memfd:flags=0x0000000f,type=2,size=4096 (deleted)
79500d753000-79500d75c000 rw-s 00000000 00:01 14857                      /memfd:pipewire-memfd:flags=0x0000000f,type=2,size=32832 (deleted)
79500d75c000-79500d765000 rw-s 00000000 00:01 14856                      /memfd:pipewire-memfd:flags=0x0000000f,type=2,size=32832 (deleted)
79500d765000-79500d766000 rw-s 00000000 00:01 1065                       /memfd:pipewire-memfd:flags=0x0000000f,type=2,size=2312 (deleted)
79500d766000-79500d767000 rw-s 00000000 00:01 9907                       /memfd:pipewire-memfd:flags=0x0000000f,type=2,size=2312 (deleted)
79500d767000-79500d768000 rw-s 00000000 00:01 11832                      /memfd:pipewire-memfd:flags=0x0000000f,type=2,size=2312 (deleted)
79500d768000-79500d769000 ---p 00000000 00:00 0 
79500d769000-79500df69000 rw-p 00000000 00:00 0 
79500df69000-79500df6a000 ---p 00000000 00:00 0 
79500df6a000-79500e76a000 rw-p 00000000 00:00 0 
79500e76a000-79500e76b000 ---p 00000000 00:00 0 
79500e76b000-79500ef6b000 rw-p 00000000 00:00 0 
79500ef6b000-79500ef6f000 ---p 00000000 00:00 0 
79500ef6f000-79500f06b000 rw-p 00000000 00:00 0 
79500f06b000-79500f06c000 rw-s 00000000 00:01 11831                      /memfd:pipewire-memfd:flags=0x0000000f,type=2,size=4096 (deleted)
79500f06c000-79500f075000 rw-s 00000000 00:01 9906                       /memfd:pipewire-memfd:flags=0x0000000f,type=2,size=32832 (deleted)
79500f075000-79500f07e000 rw-s 00000000 00:01 9905                       /memfd:pipewire-memfd:flags=0x0000000f,type=2,size=32832 (deleted)
79500f07e000-79500f07f000 rw-s 00000000 00:01 1065                       /memfd:pipewire-memfd:flags=0x0000000f,type=2,size=2312 (deleted)
79500f07f000-79500f080000 rw-s 00000000 00:01 11830                      /memfd:pipewire-memfd:flags=0x0000000f,type=2,size=2312 (deleted)
79500f080000-79500f081000 rw-s 00000000 00:01 9904                       /memfd:pipewire-memfd:flags=0x0000000f,type=2,size=2312 (deleted)
79500f081000-79500f082000 ---p 00000000 00:00 0 
79500f082000-79500f882000 rw-p 00000000 00:00 0 
79500f882000-79500f883000 ---p 00000000 00:00 0 
79500f883000-795010083000 rw-p 00000000 00:00 0 
795010083000-795010084000 ---p 00000000 00:00 0 
795010084000-795010884000 rw-p 00000000 00:00 0 
795010884000-795010888000 ---p 00000000 00:00 0 
795010888000-795010984000 rw-p 00000000 00:00 0 
795010984000-795010985000 rw-s 00000000 00:01 11827                      /memfd:pipewire-memfd:flags=0x0000000f,type=2,size=4096 (deleted)
795010985000-79501098e000 rw-s 00000000 00:01 11829                      /memfd:pipewire-memfd:flags=0x0000000f,type=2,size=32832 (deleted)
79501098e000-795010997000 rw-s 00000000 00:01 11828                      /memfd:pipewire-memfd:flags=0x0000000f,type=2,size=32832 (deleted)
795010997000-795010998000 rw-s 00000000 00:01 1065                       /memfd:pipewire-memfd:flags=0x0000000f,type=2,size=2312 (deleted)
795010998000-795010999000 rw-s 00000000 00:01 11826                      /memfd:pipewire-memfd:flags=0x0000000f,type=2,size=2312 (deleted)
795010999000-79501099a000 rw-s 00000000 00:01 8875                       /memfd:pipewire-memfd:flags=0x0000000f,type=2,size=2312 (deleted)
79501099a000-79501099b000 ---p 00000000 00:00 0 
79501099b000-79501119b000 rw-p 00000000 00:00 0 
79501119b000-79501119c000 ---p 00000000 00:00 0 
79501119c000-79501199c000 rw-p 00000000 00:00 0 
79501199c000-79501199d000 ---p 00000000 00:00 0 
79501199d000-79501219d000 rw-p 00000000 00:00 0 
79501219d000-7950121a1000 ---p 00000000 00:00 0 
7950121a1000-79501229d000 rw-p 00000000 00:00 0 
79501229d000-79501229e000 rw-s 00000000 00:01 8872                       /memfd:pipewire-memfd:flags=0x0000000f,type=2,size=4096 (deleted)
79501229e000-7950122a7000 rw-s 00000000 00:01 8874                       /memfd:pipewire-memfd:flags=0x0000000f,type=2,size=32832 (deleted)
7950122a7000-7950122b0000 rw-s 00000000 00:01 8873                       /memfd:pipewire-memfd:flags=0x0000000f,type=2,size=32832 (deleted)
7950122b0000-7950122b1000 rw-s 00000000 00:01 1065                       /memfd:pipewire-memfd:flags=0x0000000f,type=2,size=2312 (deleted)
7950122b1000-7950122b2000 rw-s 00000000 00:01 8871                       /memfd:pipewire-memfd:flags=0x0000000f,type=2,size=2312 (deleted)
7950122b2000-7950122b3000 rw-s 00000000 00:01 11825                      /memfd:pipewire-memfd:flags=0x0000000f,type=2,size=2312 (deleted)
7950122b3000-7950122b4000 ---p 00000000 00:00 0 
7950122b4000-795012ab4000 rw-p 00000000 00:00 0 
795012ab4000-795012ab5000 ---p 00000000 00:00 0 
795012ab5000-7950132b5000 rw-p 00000000 00:00 0 
7950132b5000-7950132b6000 ---p 00000000 00:00 0 
7950132b6000-795013ab6000 rw-p 00000000 00:00 0 
795013ab6000-795013aba000 ---p 00000000 00:00 0 
795013aba000-795013bb6000 rw-p 00000000 00:00 0 
795013bb6000-795013bb7000 rw-s 00000000 00:01 8868                       /memfd:pipewire-memfd:flags=0x0000000f,type=2,size=4096 (deleted)
795013bb7000-795013bc0000 rw-s 00000000 00:01 8870                       /memfd:pipewire-memfd:flags=0x0000000f,type=2,size=32832 (deleted)
795013bc0000-795013bc9000 rw-s 00000000 00:01 8869                       /memfd:pipewire-memfd:flags=0x0000000f,type=2,size=32832 (deleted)
795013bc9000-795013bca000 rw-s 00000000 00:01 1065                       /memfd:pipewire-memfd:flags=0x0000000f,type=2,size=2312 (deleted)
795013bca000-795013bcb000 rw-s 00000000 00:01 8867                       /memfd:pipewire-memfd:flags=0x0000000f,type=2,size=2312 (deleted)
795013bcb000-795013bcc000 rw-s 00000000 00:01 10883                      /memfd:pipewire-memfd:flags=0x0000000f,type=2,size=2312 (deleted)
795013bcc000-795013bcd000 ---p 00000000 00:00 0 
795013bcd000-7950143cd000 rw-p 00000000 00:00 0 
7950143cd000-7950143ce000 ---p 00000000 00:00 0 
7950143ce000-795014bce000 rw-p 00000000 00:00 0 
795014bce000-795014bcf000 ---p 00000000 00:00 0 
795014bcf000-7950153cf000 rw-p 00000000 00:00 0 
7950153cf000-7950153d3000 ---p 00000000 00:00 0 
7950153d3000-7950154cf000 rw-p 00000000 00:00 0 
7950154cf000-7950154d0000 rw-s 00000000 00:01 14855                      /memfd:pipewire-memfd:flags=0x0000000f,type=2,size=4096 (deleted)
7950154d0000-7950154d9000 rw-s 00000000 00:01 11824                      /memfd:pipewire-memfd:flags=0x0000000f,type=2,size=32832 (deleted)
7950154d9000-7950154e2000 rw-s 00000000 00:01 11823                      /memfd:pipewire-memfd:flags=0x0000000f,type=2,size=32832 (deleted)
7950154e2000-7950154e3000 rw-s 00000000 00:01 1065                       /memfd:pipewire-memfd:flags=0x0000000f,type=2,size=2312 (deleted)
7950154e3000-7950154e4000 rw-s 00000000 00:01 14854                      /memfd:pipewire-memfd:flags=0x0000000f,type=2,size=2312 (deleted)
7950154e4000-7950154e5000 rw-s 00000000 00:01 9903                       /memfd:pipewire-memfd:flags=0x0000000f,type=2,size=2312 (deleted)
7950154e5000-7950154e6000 ---p 00000000 00:00 0 
7950154e6000-795015ce6000 rw-p 00000000 00:00 0 
795015ce6000-795015ce7000 ---p 00000000 00:00 0 
795015ce7000-7950164e7000 rw-p 00000000 00:00 0 
7950164e7000-7950164e8000 ---p 00000000 00:00 0 
7950164e8000-795016ce8000 rw-p 00000000 00:00 0 
795016ce8000-795016cec000 ---p 00000000 00:00 0 
795016cec000-795016de8000 rw-p 00000000 00:00 0 
795016de8000-795016de9000 rw-s 00000000 00:01 9900                       /memfd:pipewire-memfd:flags=0x0000000f,type=2,size=4096 (deleted)
795016de9000-795016df2000 rw-s 00000000 00:01 9902                       /memfd:pipewire-memfd:flags=0x0000000f,type=2,size=32832 (deleted)
795016df2000-795016dfb000 rw-s 00000000 00:01 9901                       /memfd:pipewire-memfd:flags=0x0000000f,type=2,size=32832 (deleted)
795016dfb000-795016dfc000 rw-s 00000000 00:01 1065                       /memfd:pipewire-memfd:flags=0x0000000f,type=2,size=2312 (deleted)
795016dfc000-795016dfd000 rw-s 00000000 00:01 12806                      /memfd:pipewire-memfd:flags=0x0000000f,type=2,size=2312 (deleted)
795016dfd000-795016dfe000 rw-s 00000000 00:01 8866                       /memfd:pipewire-memfd:flags=0x0000000f,type=2,size=2312 (deleted)
795016dfe000-795016dff000 ---p 00000000 00:00 0 
795016dff000-7950175ff000 rw-p 00000000 00:00 0 
7950175ff000-795017600000 ---p 00000000 00:00 0 
795017600000-795017e00000 rw-p 00000000 00:00 0 
795017e00000-795017e01000 ---p 00000000 00:00 0 
795017e01000-795018601000 rw-p 00000000 00:00 0 
795018601000-795018605000 ---p 00000000 00:00 0 
795018605000-795018701000 rw-p 00000000 00:00 0 
795018701000-795018702000 rw-s 00000000 00:01 8863                       /memfd:pipewire-memfd:flags=0x0000000f,type=2,size=4096 (deleted)
795018702000-79501870b000 rw-s 00000000 00:01 8865                       /memfd:pipewire-memfd:flags=0x0000000f,type=2,size=32832 (deleted)
79501870b000-795018714000 rw-s 00000000 00:01 8864                       /memfd:pipewire-memfd:flags=0x0000000f,type=2,size=32832 (deleted)
795018714000-795018715000 rw-s 00000000 00:01 1065                       /memfd:pipewire-memfd:flags=0x0000000f,type=2,size=2312 (deleted)
795018715000-795018716000 rw-s 00000000 00:01 8862                       /memfd:pipewire-memfd:flags=0x0000000f,type=2,size=2312 (deleted)
795018716000-795018717000 rw-s 00000000 00:01 13844                      /memfd:pipewire-memfd:flags=0x0000000f,type=2,size=2312 (deleted)
795018717000-795018718000 ---p 00000000 00:00 0 
795018718000-795018f18000 rw-p 00000000 00:00 0 
795018f18000-795018f19000 ---p 00000000 00:00 0 
795018f19000-795019719000 rw-p 00000000 00:00 0 
795019719000-79501971a000 ---p 00000000 00:00 0 
79501971a000-795019f1a000 rw-p 00000000 00:00 0 
795019f1a000-795019f1e000 ---p 00000000 00:00 0 
795019f1e000-79501a01a000 rw-p 00000000 00:00 0 
79501a01a000-79501a01b000 rw-s 00000000 00:01 14851                      /memfd:pipewire-memfd:flags=0x0000000f,type=2,size=4096 (deleted)
79501a01b000-79501a024000 rw-s 00000000 00:01 14853                      /memfd:pipewire-memfd:flags=0x0000000f,type=2,size=32832 (deleted)
79501a024000-79501a02d000 rw-s 00000000 00:01 14852                      /memfd:pipewire-memfd:flags=0x0000000f,type=2,size=32832 (deleted)
79501a02d000-79501a02e000 rw-s 00000000 00:01 1065                       /memfd:pipewire-memfd:flags=0x0000000f,type=2,size=2312 (deleted)
79501a02e000-79501a02f000 rw-s 00000000 00:01 14850                      /memfd:pipewire-memfd:flags=0x0000000f,type=2,size=2312 (deleted)
79501a02f000-79501a030000 rw-s 00000000 00:01 10882                      /memfd:pipewire-memfd:flags=0x0000000f,type=2,size=2312 (deleted)
79501a030000-79501a031000 ---p 00000000 00:00 0 
79501a031000-79501a831000 rw-p 00000000 00:00 0 
79501a831000-79501a832000 ---p 00000000 00:00 0 
79501a832000-79501b032000 rw-p 00000000 00:00 0 
79501b032000-79501b033000 ---p 00000000 00:00 0 
79501b033000-79501b833000 rw-p 00000000 00:00 0 
79501b833000-79501b837000 ---p 00000000 00:00 0 
79501b837000-79501b933000 rw-p 00000000 00:00 0 
79501b933000-79501b934000 rw-s 00000000 00:01 15905                      /memfd:pipewire-memfd:flags=0x0000000f,type=2,size=4096 (deleted)
79501b934000-79501b93d000 rw-s 00000000 00:01 15907                      /memfd:pipewire-memfd:flags=0x0000000f,type=2,size=32832 (deleted)
79501b93d000-79501b946000 rw-s 00000000 00:01 15906                      /memfd:pipewire-memfd:flags=0x0000000f,type=2,size=32832 (deleted)
79501b946000-79501b947000 rw-s 00000000 00:01 1065                       /memfd:pipewire-memfd:flags=0x0000000f,type=2,size=2312 (deleted)
79501b947000-79501b948000 rw-s 00000000 00:01 15904                      /memfd:pipewire-memfd:flags=0x0000000f,type=2,size=2312 (deleted)
79501b948000-79501b949000 rw-s 00000000 00:01 12805                      /memfd:pipewire-memfd:flags=0x0000000f,type=2,size=2312 (deleted)
79501b949000-79501b94a000 ---p 00000000 00:00 0 
79501b94a000-79501c14a000 rw-p 00000000 00:00 0 
79501c14a000-79501c14b000 ---p 00000000 00:00 0 
79501c14b000-79501c94b000 rw-p 00000000 00:00 0 
79501c94b000-79501c94c000 ---p 00000000 00:00 0 
79501c94c000-79501d14c000 rw-p 00000000 00:00 0 
79501d14c000-79501d150000 ---p 00000000 00:00 0 
79501d150000-79501d24c000 rw-p 00000000 00:00 0 
79501d24c000-79501d24d000 rw-s 00000000 00:01 8861                       /memfd:pipewire-memfd:flags=0x0000000f,type=2,size=4096 (deleted)
79501d24d000-79501d256000 rw-s 00000000 00:01 9899                       /memfd:pipewire-memfd:flags=0x0000000f,type=2,size=32832 (deleted)
79501d256000-79501d25f000 rw-s 00000000 00:01 9898                       /memfd:pipewire-memfd:flags=0x0000000f,type=2,size=32832 (deleted)
79501d25f000-79501d260000 rw-s 00000000 00:01 1065                       /memfd:pipewire-memfd:flags=0x0000000f,type=2,size=2312 (deleted)
79501d260000-79501d261000 rw-s 00000000 00:01 8860                       /memfd:pipewire-memfd:flags=0x0000000f,type=2,size=2312 (deleted)
79501d261000-79501d262000 rw-s 00000000 00:01 15903                      /memfd:pipewire-memfd:flags=0x0000000f,type=2,size=2312 (deleted)
79501d262000-79501d263000 ---p 00000000 00:00 0 
79501d263000-79501da63000 rw-p 00000000 00:00 0 
79501da63000-79501da64000 ---p 00000000 00:00 0 
79501da64000-79501e264000 rw-p 00000000 00:00 0 
79501e264000-79501e265000 ---p 00000000 00:00 0 
79501e265000-79501ea65000 rw-p 00000000 00:00 0 
79501ea65000-79501ea69000 ---p 00000000 00:00 0 
79501ea69000-79501eb65000 rw-p 00000000 00:00 0 
79501eb65000-79501eb66000 rw-s 00000000 00:01 12804                      /memfd:pipewire-memfd:flags=0x0000000f,type=2,size=4096 (deleted)
79501eb66000-79501eb6f000 rw-s 00000000 00:01 9897                       /memfd:pipewire-memfd:flags=0x0000000f,type=2,size=32832 (deleted)
79501eb6f000-79501eb78000 rw-s 00000000 00:01 9896                       /memfd:pipewire-memfd:flags=0x0000000f,type=2,size=32832 (deleted)
79501eb78000-79501eb79000 rw-s 00000000 00:01 1065                       /memfd:pipewire-memfd:flags=0x0000000f,type=2,size=2312 (deleted)
79501eb79000-79501eb7a000 rw-s 00000000 00:01 12803                      /memfd:pipewire-memfd:flags=0x0000000f,type=2,size=2312 (deleted)
79501eb7a000-79501eb7b000 rw-s 00000000 00:01 13843                      /memfd:pipewire-memfd:flags=0x0000000f,type=2,size=2312 (deleted)
79501eb7b000-79501eb7c000 ---p 00000000 00:00 0 
79501eb7c000-79501f37c000 rw-p 00000000 00:00 0 
79501f37c000-79501f37d000 ---p 00000000 00:00 0 
79501f37d000-79501fb7d000 rw-p 00000000 00:00 0 
79501fb7d000-79501fb7e000 ---p 00000000 00:00 0 
79501fb7e000-79502037e000 rw-p 00000000 00:00 0 
79502037e000-795020382000 ---p 00000000 00:00 0 
795020382000-79502047e000 rw-p 00000000 00:00 0 
79502047e000-79502047f000 rw-s 00000000 00:01 9895                       /memfd:pipewire-memfd:flags=0x0000000f,type=2,size=4096 (deleted)
79502047f000-795020488000 rw-s 00000000 00:01 12802                      /memfd:pipewire-memfd:flags=0x0000000f,type=2,size=32832 (deleted)
795020488000-795020491000 rw-s 00000000 00:01 12801                      /memfd:pipewire-memfd:flags=0x0000000f,type=2,size=32832 (deleted)
795020491000-795020492000 rw-s 00000000 00:01 1065                       /memfd:pipewire-memfd:flags=0x0000000f,type=2,size=2312 (deleted)
795020492000-795020493000 rw-s 00000000 00:01 9894                       /memfd:pipewire-memfd:flags=0x0000000f,type=2,size=2312 (deleted)
795020493000-795020494000 rw-s 00000000 00:01 13842                      /memfd:pipewire-memfd:flags=0x0000000f,type=2,size=2312 (deleted)
795020494000-795020495000 ---p 00000000 00:00 0 
795020495000-795020c95000 rw-p 00000000 00:00 0 
795020c95000-795020c96000 ---p 00000000 00:00 0 
795020c96000-795021496000 rw-p 00000000 00:00 0 
795021496000-795021497000 ---p 00000000 00:00 0 
795021497000-795021c97000 rw-p 00000000 00:00 0 
795021c97000-795021c9b000 ---p 00000000 00:00 0 
795021c9b000-795021d97000 rw-p 00000000 00:00 0 
795021d97000-795021d98000 rw-s 00000000 00:01 11820                      /memfd:pipewire-memfd:flags=0x0000000f,type=2,size=4096 (deleted)
795021d98000-795021da1000 rw-s 00000000 00:01 11822                      /memfd:pipewire-memfd:flags=0x0000000f,type=2,size=32832 (deleted)
795021da1000-795021daa000 rw-s 00000000 00:01 11821                      /memfd:pipewire-memfd:flags=0x0000000f,type=2,size=32832 (deleted)
795021daa000-795021dab000 rw-s 00000000 00:01 1065                       /memfd:pipewire-memfd:flags=0x0000000f,type=2,size=2312 (deleted)
795021dab000-795021dac000 rw-s 00000000 00:01 11819                      /memfd:pipewire-memfd:flags=0x0000000f,type=2,size=2312 (deleted)
795021dac000-795021dad000 rw-s 00000000 00:01 10881                      /memfd:pipewire-memfd:flags=0x0000000f,type=2,size=2312 (deleted)
795021dad000-795021dae000 ---p 00000000 00:00 0 
795021dae000-7950225ae000 rw-p 00000000 00:00 0 
7950225ae000-7950225af000 ---p 00000000 00:00 0 
7950225af000-795022daf000 rw-p 00000000 00:00 0 
795022daf000-795022db0000 ---p 00000000 00:00 0 
795022db0000-7950235b0000 rw-p 00000000 00:00 0 
7950235b0000-7950235b4000 ---p 00000000 00:00 0 
7950235b4000-7950236b0000 rw-p 00000000 00:00 0 
7950236b0000-7950236b1000 rw-s 00000000 00:01 9891                       /memfd:pipewire-memfd:flags=0x0000000f,type=2,size=4096 (deleted)
7950236b1000-7950236ba000 rw-s 00000000 00:01 9893                       /memfd:pipewire-memfd:flags=0x0000000f,type=2,size=32832 (deleted)
7950236ba000-7950236c3000 rw-s 00000000 00:01 9892                       /memfd:pipewire-memfd:flags=0x0000000f,type=2,size=32832 (deleted)
7950236c3000-7950236c4000 rw-s 00000000 00:01 1065                       /memfd:pipewire-memfd:flags=0x0000000f,type=2,size=2312 (deleted)
7950236c4000-7950236c5000 rw-s 00000000 00:01 9890                       /memfd:pipewire-memfd:flags=0x0000000f,type=2,size=2312 (deleted)
7950236c5000-7950236c6000 rw-s 00000000 00:01 13841                      /memfd:pipewire-memfd:flags=0x0000000f,type=2,size=2312 (deleted)
7950236c6000-7950236c7000 ---p 00000000 00:00 0 
7950236c7000-795023ec7000 rw-p 00000000 00:00 0 
795023ec7000-795023ec8000 ---p 00000000 00:00 0 
795023ec8000-7950246c8000 rw-p 00000000 00:00 0 
7950246c8000-7950246c9000 ---p 00000000 00:00 0 
7950246c9000-795024ec9000 rw-p 00000000 00:00 0 
795024ec9000-795024ecd000 ---p 00000000 00:00 0 
795024ecd000-795024fc9000 rw-p 00000000 00:00 0 
795024fc9000-795024fca000 rw-s 00000000 00:01 15902                      /memfd:pipewire-memfd:flags=0x0000000f,type=2,size=4096 (deleted)
795024fca000-795024fd3000 rw-s 00000000 00:01 10880                      /memfd:pipewire-memfd:flags=0x0000000f,type=2,size=32832 (deleted)
795024fd3000-795024fdc000 rw-s 00000000 00:01 10879                      /memfd:pipewire-memfd:flags=0x0000000f,type=2,size=32832 (deleted)
795024fdc000-795024fdd000 rw-s 00000000 00:01 1065                       /memfd:pipewire-memfd:flags=0x0000000f,type=2,size=2312 (deleted)
795024fdd000-795024fde000 rw-s 00000000 00:01 15901                      /memfd:pipewire-memfd:flags=0x0000000f,type=2,size=2312 (deleted)
795024fde000-795024fdf000 rw-s 00000000 00:01 10878                      /memfd:pipewire-memfd:flags=0x0000000f,type=2,size=2312 (deleted)
795024fdf000-795024fe0000 ---p 00000000 00:00 0 
795024fe0000-7950257e0000 rw-p 00000000 00:00 0 
7950257e0000-7950257e1000 ---p 00000000 00:00 0 
7950257e1000-795025fe1000 rw-p 00000000 00:00 0 
795025fe1000-795025fe2000 ---p 00000000 00:00 0 
795025fe2000-7950267e2000 rw-p 00000000 00:00 0 
7950267e2000-7950267e6000 ---p 00000000 00:00 0 
7950267e6000-7950268e2000 rw-p 00000000 00:00 0 
7950268e2000-7950268e3000 rw-s 00000000 00:01 15898                      /memfd:pipewire-memfd:flags=0x0000000f,type=2,size=4096 (deleted)
7950268e3000-7950268ec000 rw-s 00000000 00:01 15900                      /memfd:pipewire-memfd:flags=0x0000000f,type=2,size=32832 (deleted)
7950268ec000-7950268f5000 rw-s 00000000 00:01 15899                      /memfd:pipewire-memfd:flags=0x0000000f,type=2,size=32832 (deleted)
7950268f5000-7950268f6000 rw-s 00000000 00:01 1065                       /memfd:pipewire-memfd:flags=0x0000000f,type=2,size=2312 (deleted)
7950268f6000-7950268f7000 rw-s 00000000 00:01 14849                      /memfd:pipewire-memfd:flags=0x0000000f,type=2,size=2312 (deleted)
7950268f7000-7950268f8000 rw-s 00000000 00:01 10877                      /memfd:pipewire-memfd:flags=0x0000000f,type=2,size=2312 (deleted)
7950268f8000-7950268f9000 ---p 00000000 00:00 0 
7950268f9000-7950270f9000 rw-p 00000000 00:00 0 
7950270f9000-7950270fa000 ---p 00000000 00:00 0 
7950270fa000-7950278fa000 rw-p 00000000 00:00 0 
7950278fa000-7950278fb000 ---p 00000000 00:00 0 
7950278fb000-7950280fb000 rw-p 00000000 00:00 0 
7950280fb000-7950280ff000 ---p 00000000 00:00 0 
7950280ff000-7950281fb000 rw-p 00000000 00:00 0 
7950281fb000-7950281fc000 rw-s 00000000 00:01 9887                       /memfd:pipewire-memfd:flags=0x0000000f,type=2,size=4096 (deleted)
7950281fc000-795028205000 rw-s 00000000 00:01 9889                       /memfd:pipewire-memfd:flags=0x0000000f,type=2,size=32832 (deleted)
795028205000-79502820e000 rw-s 00000000 00:01 9888                       /memfd:pipewire-memfd:flags=0x0000000f,type=2,size=32832 (deleted)
79502820e000-79502820f000 rw-s 00000000 00:01 1065                       /memfd:pipewire-memfd:flags=0x0000000f,type=2,size=2312 (deleted)
79502820f000-795028210000 rw-s 00000000 00:01 9886                       /memfd:pipewire-memfd:flags=0x0000000f,type=2,size=2312 (deleted)
795028210000-795028211000 rw-s 00000000 00:01 15897                      /memfd:pipewire-memfd:flags=0x0000000f,type=2,size=2312 (deleted)
795028211000-795028212000 ---p 00000000 00:00 0 
795028212000-795028a12000 rw-p 00000000 00:00 0 
795028a12000-795028a13000 ---p 00000000 00:00 0 
795028a13000-795029213000 rw-p 00000000 00:00 0 
795029213000-795029214000 ---p 00000000 00:00 0 
795029214000-795029a14000 rw-p 00000000 00:00 0 
795029a14000-795029a18000 ---p 00000000 00:00 0 
795029a18000-795029b14000 rw-p 00000000 00:00 0 
795029b14000-795029b15000 rw-s 00000000 00:01 9883                       /memfd:pipewire-memfd:flags=0x0000000f,type=2,size=4096 (deleted)
795029b15000-795029b1e000 rw-s 00000000 00:01 9885                       /memfd:pipewire-memfd:flags=0x0000000f,type=2,size=32832 (deleted)
795029b1e000-795029b27000 rw-s 00000000 00:01 9884                       /memfd:pipewire-memfd:flags=0x0000000f,type=2,size=32832 (deleted)
795029b27000-795029b28000 rw-s 00000000 00:01 1065                       /memfd:pipewire-memfd:flags=0x0000000f,type=2,size=2312 (deleted)
795029b28000-795029b29000 rw-s 00000000 00:01 9882                       /memfd:pipewire-memfd:flags=0x0000000f,type=2,size=2312 (deleted)
795029b29000-795029b2a000 rw-s 00000000 00:01 10876                      /memfd:pipewire-memfd:flags=0x0000000f,type=2,size=2312 (deleted)
795029b2a000-795029b2b000 ---p 00000000 00:00 0 
795029b2b000-79502a32b000 rw-p 00000000 00:00 0 
79502a32b000-79502a32c000 ---p 00000000 00:00 0 
79502a32c000-79502ab2c000 rw-p 00000000 00:00 0 
79502ab2c000-79502ab2d000 ---p 00000000 00:00 0 
79502ab2d000-79502b32d000 rw-p 00000000 00:00 0 
79502b32d000-79502b331000 ---p 00000000 00:00 0 
79502b331000-79502b42d000 rw-p 00000000 00:00 0 
79502b42d000-79502b42e000 rw-s 00000000 00:01 8859                       /memfd:pipewire-memfd:flags=0x0000000f,type=2,size=4096 (deleted)
79502b42e000-79502b437000 rw-s 00000000 00:01 11818                      /memfd:pipewire-memfd:flags=0x0000000f,type=2,size=32832 (deleted)
79502b437000-79502b440000 rw-s 00000000 00:01 11817                      /memfd:pipewire-memfd:flags=0x0000000f,type=2,size=32832 (deleted)
79502b440000-79502b441000 rw-s 00000000 00:01 1065                       /memfd:pipewire-memfd:flags=0x0000000f,type=2,size=2312 (deleted)
79502b441000-79502b442000 rw-s 00000000 00:01 11816                      /memfd:pipewire-memfd:flags=0x0000000f,type=2,size=2312 (deleted)
79502b442000-79502b443000 rw-s 00000000 00:01 13840                      /memfd:pipewire-memfd:flags=0x0000000f,type=2,size=2312 (deleted)
79502b443000-79502b444000 ---p 00000000 00:00 0 
79502b444000-79502bc44000 rw-p 00000000 00:00 0 
79502bc44000-79502bc45000 ---p 00000000 00:00 0 
79502bc45000-79502c445000 rw-p 00000000 00:00 0 
79502c445000-79502c446000 ---p 00000000 00:00 0 
79502c446000-79502cc46000 rw-p 00000000 00:00 0 
79502cc46000-79502cc4a000 ---p 00000000 00:00 0 
79502cc4a000-79502cd46000 rw-p 00000000 00:00 0 
79502cd46000-79502cd47000 rw-s 00000000 00:01 11813                      /memfd:pipewire-memfd:flags=0x0000000f,type=2,size=4096 (deleted)
79502cd47000-79502cd50000 rw-s 00000000 00:01 11815                      /memfd:pipewire-memfd:flags=0x0000000f,type=2,size=32832 (deleted)
79502cd50000-79502cd59000 rw-s 00000000 00:01 11814                      /memfd:pipewire-memfd:flags=0x0000000f,type=2,size=32832 (deleted)
79502cd59000-79502cd5a000 rw-s 00000000 00:01 1065                       /memfd:pipewire-memfd:flags=0x0000000f,type=2,size=2312 (deleted)
79502cd5a000-79502cd5b000 rw-s 00000000 00:01 11812                      /memfd:pipewire-memfd:flags=0x0000000f,type=2,size=2312 (deleted)
79502cd5b000-79502cd5c000 rw-s 00000000 00:01 12800                      /memfd:pipewire-memfd:flags=0x0000000f,type=2,size=2312 (deleted)
79502cd5c000-79502cd5d000 ---p 00000000 00:00 0 
79502cd5d000-79502d55d000 rw-p 00000000 00:00 0 
79502d55d000-79502d55e000 ---p 00000000 00:00 0 
79502d55e000-79502dd5e000 rw-p 00000000 00:00 0 
79502dd5e000-79502dd5f000 ---p 00000000 00:00 0 
79502dd5f000-79502e55f000 rw-p 00000000 00:00 0 
79502e55f000-79502e563000 ---p 00000000 00:00 0 
79502e563000-79502e65f000 rw-p 00000000 00:00 0 
79502e65f000-79502e660000 rw-s 00000000 00:01 12797                      /memfd:pipewire-memfd:flags=0x0000000f,type=2,size=4096 (deleted)
79502e660000-79502e669000 rw-s 00000000 00:01 12799                      /memfd:pipewire-memfd:flags=0x0000000f,type=2,size=32832 (deleted)
79502e669000-79502e672000 rw-s 00000000 00:01 12798                      /memfd:pipewire-memfd:flags=0x0000000f,type=2,size=32832 (deleted)
79502e672000-79502e673000 rw-s 00000000 00:01 1065                       /memfd:pipewire-memfd:flags=0x0000000f,type=2,size=2312 (deleted)
79502e673000-79502e674000 rw-s 00000000 00:01 12796                      /memfd:pipewire-memfd:flags=0x0000000f,type=2,size=2312 (deleted)
79502e674000-79502e675000 rw-s 00000000 00:01 15896                      /memfd:pipewire-memfd:flags=0x0000000f,type=2,size=2312 (deleted)
79502e675000-79502e676000 ---p 00000000 00:00 0 
79502e676000-79502ee76000 rw-p 00000000 00:00 0 
79502ee76000-79502ee77000 ---p 00000000 00:00 0 
79502ee77000-79502f677000 rw-p 00000000 00:00 0 
79502f677000-79502f678000 ---p 00000000 00:00 0 
79502f678000-79502fe78000 rw-p 00000000 00:00 0 
79502fe78000-79502fe7c000 ---p 00000000 00:00 0 
79502fe7c000-79502ff78000 rw-p 00000000 00:00 0 
79502ff78000-79502ff79000 rw-s 00000000 00:01 13837                      /memfd:pipewire-memfd:flags=0x0000000f,type=2,size=4096 (deleted)
79502ff79000-79502ff82000 rw-s 00000000 00:01 13839                      /memfd:pipewire-memfd:flags=0x0000000f,type=2,size=32832 (deleted)
79502ff82000-79502ff8b000 rw-s 00000000 00:01 13838                      /memfd:pipewire-memfd:flags=0x0000000f,type=2,size=32832 (deleted)
79502ff8b000-79502ff8c000 rw-s 00000000 00:01 1065                       /memfd:pipewire-memfd:flags=0x0000000f,type=2,size=2312 (deleted)
79502ff8c000-79502ff8d000 rw-s 00000000 00:01 13836                      /memfd:pipewire-memfd:flags=0x0000000f,type=2,size=2312 (deleted)
79502ff8d000-79502ff8e000 rw-s 00000000 00:01 14848                      /memfd:pipewire-memfd:flags=0x0000000f,type=2,size=2312 (deleted)
79502ff8e000-79502ff8f000 ---p 00000000 00:00 0 
79502ff8f000-79503078f000 rw-p 00000000 00:00 0 
79503078f000-795030790000 ---p 00000000 00:00 0 
795030790000-795030f90000 rw-p 00000000 00:00 0 
795030f90000-795030f91000 ---p 00000000 00:00 0 
795030f91000-795031791000 rw-p 00000000 00:00 0 
795031791000-795031795000 ---p 00000000 00:00 0 
795031795000-795031891000 rw-p 00000000 00:00 0 
795031891000-795031892000 rw-s 00000000 00:01 10875                      /memfd:pipewire-memfd:flags=0x0000000f,type=2,size=4096 (deleted)
795031892000-79503189b000 rw-s 00000000 00:01 9881                       /memfd:pipewire-memfd:flags=0x0000000f,type=2,size=32832 (deleted)
79503189b000-7950318a4000 rw-s 00000000 00:01 9880                       /memfd:pipewire-memfd:flags=0x0000000f,type=2,size=32832 (deleted)
7950318a4000-7950318a5000 rw-s 00000000 00:01 1065                       /memfd:pipewire-memfd:flags=0x0000000f,type=2,size=2312 (deleted)
7950318a5000-7950318a6000 rw-s 00000000 00:01 10874                      /memfd:pipewire-memfd:flags=0x0000000f,type=2,size=2312 (deleted)
7950318a6000-7950318a7000 rw-s 00000000 00:01 8858                       /memfd:pipewire-memfd:flags=0x0000000f,type=2,size=2312 (deleted)
7950318a7000-7950318a8000 ---p 00000000 00:00 0 
7950318a8000-7950320a8000 rw-p 00000000 00:00 0 
7950320a8000-7950320a9000 ---p 00000000 00:00 0 
7950320a9000-7950328a9000 rw-p 00000000 00:00 0 
7950328a9000-7950328aa000 ---p 00000000 00:00 0 
7950328aa000-7950330aa000 rw-p 00000000 00:00 0 
7950330aa000-7950330ae000 ---p 00000000 00:00 0 
7950330ae000-7950331aa000 rw-p 00000000 00:00 0 
7950331aa000-7950331ab000 rw-s 00000000 00:01 14847                      /memfd:pipewire-memfd:flags=0x0000000f,type=2,size=4096 (deleted)
7950331ab000-7950331b4000 rw-s 00000000 00:01 10873                      /memfd:pipewire-memfd:flags=0x0000000f,type=2,size=32832 (deleted)
7950331b4000-7950331bd000 rw-s 00000000 00:01 10872                      /memfd:pipewire-memfd:flags=0x0000000f,type=2,size=32832 (deleted)
7950331bd000-7950331be000 rw-s 00000000 00:01 1065                       /memfd:pipewire-memfd:flags=0x0000000f,type=2,size=2312 (deleted)
7950331be000-7950331bf000 rw-s 00000000 00:01 14846                      /memfd:pipewire-memfd:flags=0x0000000f,type=2,size=2312 (deleted)
7950331bf000-7950331c0000 rw-s 00000000 00:01 15895                      /memfd:pipewire-memfd:flags=0x0000000f,type=2,size=2312 (deleted)
7950331c0000-7950331c1000 ---p 00000000 00:00 0 
7950331c1000-7950339c1000 rw-p 00000000 00:00 0 
7950339c1000-7950339c2000 ---p 00000000 00:00 0 
7950339c2000-7950341c2000 rw-p 00000000 00:00 0 
7950341c2000-7950341c3000 ---p 00000000 00:00 0 
7950341c3000-7950349c3000 rw-p 00000000 00:00 0 
7950349c3000-7950349c7000 ---p 00000000 00:00 0 
7950349c7000-795034ac3000 rw-p 00000000 00:00 0 
795034ac3000-795034ac4000 rw-s 00000000 00:01 11811                      /memfd:pipewire-memfd:flags=0x0000000f,type=2,size=4096 (deleted)
795034ac4000-795034acd000 rw-s 00000000 00:01 8857                       /memfd:pipewire-memfd:flags=0x0000000f,type=2,size=32832 (deleted)
795034acd000-795034ad6000 rw-s 00000000 00:01 8856                       /memfd:pipewire-memfd:flags=0x0000000f,type=2,size=32832 (deleted)
795034ad6000-795034ad7000 rw-s 00000000 00:01 1065                       /memfd:pipewire-memfd:flags=0x0000000f,type=2,size=2312 (deleted)
795034ad7000-795034ad8000 rw-s 00000000 00:01 11810                      /memfd:pipewire-memfd:flags=0x0000000f,type=2,size=2312 (deleted)
795034ad8000-795034ad9000 rw-s 00000000 00:01 11809                      /memfd:pipewire-memfd:flags=0x0000000f,type=2,size=2312 (deleted)
795034ad9000-795034ada000 ---p 00000000 00:00 0 
795034ada000-7950352da000 rw-p 00000000 00:00 0 
7950352da000-7950352db000 ---p 00000000 00:00 0 
7950352db000-795035adb000 rw-p 00000000 00:00 0 
795035adb000-795035adc000 ---p 00000000 00:00 0 
795035adc000-7950362dc000 rw-p 00000000 00:00 0 
7950362dc000-7950362e0000 ---p 00000000 00:00 0 
7950362e0000-7950363dc000 rw-p 00000000 00:00 0 
7950363dc000-7950363dd000 rw-s 00000000 00:01 8853                       /memfd:pipewire-memfd:flags=0x0000000f,type=2,size=4096 (deleted)
7950363dd000-7950363e6000 rw-s 00000000 00:01 8855                       /memfd:pipewire-memfd:flags=0x0000000f,type=2,size=32832 (deleted)
7950363e6000-7950363ef000 rw-s 00000000 00:01 8854                       /memfd:pipewire-memfd:flags=0x0000000f,type=2,size=32832 (deleted)
7950363ef000-7950363f0000 rw-s 00000000 00:01 1065                       /memfd:pipewire-memfd:flags=0x0000000f,type=2,size=2312 (deleted)
7950363f0000-7950363f1000 rw-s 00000000 00:01 8852                       /memfd:pipewire-memfd:flags=0x0000000f,type=2,size=2312 (deleted)
7950363f1000-7950363f2000 rw-s 00000000 00:01 13835                      /memfd:pipewire-memfd:flags=0x0000000f,type=2,size=2312 (deleted)
7950363f2000-7950363f3000 ---p 00000000 00:00 0 
7950363f3000-795036bf3000 rw-p 00000000 00:00 0 
795036bf3000-795036bf4000 ---p 00000000 00:00 0 
795036bf4000-7950373f4000 rw-p 00000000 00:00 0 
7950373f4000-7950373f5000 ---p 00000000 00:00 0 
7950373f5000-795037bf5000 rw-p 00000000 00:00 0 
795037bf5000-795037bf9000 ---p 00000000 00:00 0 
795037bf9000-795037cf5000 rw-p 00000000 00:00 0 
795037cf5000-795037cf6000 rw-s 00000000 00:01 9879                       /memfd:pipewire-memfd:flags=0x0000000f,type=2,size=4096 (deleted)
795037cf6000-795037cff000 rw-s 00000000 00:01 13834                      /memfd:pipewire-memfd:flags=0x0000000f,type=2,size=32832 (deleted)
795037cff000-795037d08000 rw-s 00000000 00:01 13833                      /memfd:pipewire-memfd:flags=0x0000000f,type=2,size=32832 (deleted)
795037d08000-795037d09000 rw-s 00000000 00:01 1065                       /memfd:pipewire-memfd:flags=0x0000000f,type=2,size=2312 (deleted)
795037d09000-795037d0a000 rw-s 00000000 00:01 9878                       /memfd:pipewire-memfd:flags=0x0000000f,type=2,size=2312 (deleted)
795037d0a000-795037d0b000 rw-s 00000000 00:01 15894                      /memfd:pipewire-memfd:flags=0x0000000f,type=2,size=2312 (deleted)
795037d0b000-795037d0c000 ---p 00000000 00:00 0 
795037d0c000-79503850c000 rw-p 00000000 00:00 0 
79503850c000-79503850d000 ---p 00000000 00:00 0 
79503850d000-795038d0d000 rw-p 00000000 00:00 0 
795038d0d000-795038d0e000 ---p 00000000 00:00 0 
795038d0e000-79503950e000 rw-p 00000000 00:00 0 
79503950e000-795039512000 ---p 00000000 00:00 0 
795039512000-79503960e000 rw-p 00000000 00:00 0 
79503960e000-79503960f000 rw-s 00000000 00:01 15893                      /memfd:pipewire-memfd:flags=0x0000000f,type=2,size=4096 (deleted)
79503960f000-795039618000 rw-s 00000000 00:01 10871                      /memfd:pipewire-memfd:flags=0x0000000f,type=2,size=32832 (deleted)
795039618000-795039621000 rw-s 00000000 00:01 10870                      /memfd:pipewire-memfd:flags=0x0000000f,type=2,size=32832 (deleted)
795039621000-795039622000 rw-s 00000000 00:01 1065                       /memfd:pipewire-memfd:flags=0x0000000f,type=2,size=2312 (deleted)
795039622000-795039623000 rw-s 00000000 00:01 15892                      /memfd:pipewire-memfd:flags=0x0000000f,type=2,size=2312 (deleted)
795039623000-795039624000 rw-s 00000000 00:01 8851                       /memfd:pipewire-memfd:flags=0x0000000f,type=2,size=2312 (deleted)
795039624000-795039625000 ---p 00000000 00:00 0 
795039625000-795039e25000 rw-p 00000000 00:00 0 
795039e25000-795039e26000 ---p 00000000 00:00 0 
795039e26000-79503a626000 rw-p 00000000 00:00 0 
79503a626000-79503a627000 ---p 00000000 00:00 0 
79503a627000-79503ae27000 rw-p 00000000 00:00 0 
79503ae27000-79503ae2b000 ---p 00000000 00:00 0 
79503ae2b000-79503af27000 rw-p 00000000 00:00 0 
79503af27000-79503af28000 rw-s 00000000 00:01 14845                      /memfd:pipewire-memfd:flags=0x0000000f,type=2,size=4096 (deleted)
79503af28000-79503af31000 rw-s 00000000 00:01 8850                       /memfd:pipewire-memfd:flags=0x0000000f,type=2,size=32832 (deleted)
79503af31000-79503af3a000 rw-s 00000000 00:01 8849                       /memfd:pipewire-memfd:flags=0x0000000f,type=2,size=32832 (deleted)
79503af3a000-79503af3b000 rw-s 00000000 00:01 1065                       /memfd:pipewire-memfd:flags=0x0000000f,type=2,size=2312 (deleted)
79503af3b000-79503af3c000 rw-s 00000000 00:01 14844                      /memfd:pipewire-memfd:flags=0x0000000f,type=2,size=2312 (deleted)
79503af3c000-79503af3d000 rw-s 00000000 00:01 9877                       /memfd:pipewire-memfd:flags=0x0000000f,type=2,size=2312 (deleted)
79503af3d000-79503af3e000 ---p 00000000 00:00 0 
79503af3e000-79503b73e000 rw-p 00000000 00:00 0 
79503b73e000-79503b73f000 ---p 00000000 00:00 0 
79503b73f000-79503bf3f000 rw-p 00000000 00:00 0 
79503bf3f000-79503bf40000 ---p 00000000 00:00 0 
79503bf40000-79503c740000 rw-p 00000000 00:00 0 
79503c740000-79503c744000 ---p 00000000 00:00 0 
79503c744000-79503c840000 rw-p 00000000 00:00 0 
79503c840000-79503c841000 rw-s 00000000 00:01 10867                      /memfd:pipewire-memfd:flags=0x0000000f,type=2,size=4096 (deleted)
79503c841000-79503c84a000 rw-s 00000000 00:01 10869                      /memfd:pipewire-memfd:flags=0x0000000f,type=2,size=32832 (deleted)
79503c84a000-79503c853000 rw-s 00000000 00:01 10868                      /memfd:pipewire-memfd:flags=0x0000000f,type=2,size=32832 (deleted)
79503c853000-79503c854000 rw-s 00000000 00:01 1065                       /memfd:pipewire-memfd:flags=0x0000000f,type=2,size=2312 (deleted)
79503c854000-79503c855000 rw-s 00000000 00:01 13832                      /memfd:pipewire-memfd:flags=0x0000000f,type=2,size=2312 (deleted)
79503c855000-79503c856000 rw-s 00000000 00:01 10866                      /memfd:pipewire-memfd:flags=0x0000000f,type=2,size=2312 (deleted)
79503c856000-79503c857000 ---p 00000000 00:00 0 
79503c857000-79503d057000 rw-p 00000000 00:00 0 
79503d057000-79503d058000 ---p 00000000 00:00 0 
79503d058000-79503d858000 rw-p 00000000 00:00 0 
79503d858000-79503d859000 ---p 00000000 00:00 0 
79503d859000-79503e059000 rw-p 00000000 00:00 0 
79503e059000-79503e05d000 ---p 00000000 00:00 0 
79503e05d000-79503e159000 rw-p 00000000 00:00 0 
79503e159000-79503e15a000 rw-s 00000000 00:01 9876                       /memfd:pipewire-memfd:flags=0x0000000f,type=2,size=4096 (deleted)
79503e15a000-79503e163000 rw-s 00000000 00:01 13831                      /memfd:pipewire-memfd:flags=0x0000000f,type=2,size=32832 (deleted)
79503e163000-79503e16c000 rw-s 00000000 00:01 13830                      /memfd:pipewire-memfd:flags=0x0000000f,type=2,size=32832 (deleted)
79503e16c000-79503e16d000 rw-s 00000000 00:01 1065                       /memfd:pipewire-memfd:flags=0x0000000f,type=2,size=2312 (deleted)
79503e16d000-79503e16e000 rw-s 00000000 00:01 9875                       /memfd:pipewire-memfd:flags=0x0000000f,type=2,size=2312 (deleted)
79503e16e000-79503e16f000 rw-s 00000000 00:01 8848                       /memfd:pipewire-memfd:flags=0x0000000f,type=2,size=2312 (deleted)
79503e16f000-79503e170000 ---p 00000000 00:00 0 
79503e170000-79503e970000 rw-p 00000000 00:00 0 
79503e970000-79503e971000 ---p 00000000 00:00 0 
79503e971000-79503f171000 rw-p 00000000 00:00 0 
79503f171000-79503f172000 ---p 00000000 00:00 0 
79503f172000-79503f972000 rw-p 00000000 00:00 0 
79503f972000-79503f976000 ---p 00000000 00:00 0 
79503f976000-79503fa72000 rw-p 00000000 00:00 0 
79503fa72000-79503fa73000 rw-s 00000000 00:01 15891                      /memfd:pipewire-memfd:flags=0x0000000f,type=2,size=4096 (deleted)
79503fa73000-79503fa7c000 rw-s 00000000 00:01 9874                       /memfd:pipewire-memfd:flags=0x0000000f,type=2,size=32832 (deleted)
79503fa7c000-79503fa85000 rw-s 00000000 00:01 9873                       /memfd:pipewire-memfd:flags=0x0000000f,type=2,size=32832 (deleted)
79503fa85000-79503fa86000 rw-s 00000000 00:01 1065                       /memfd:pipewire-memfd:flags=0x0000000f,type=2,size=2312 (deleted)
79503fa86000-79503fa87000 rw-s 00000000 00:01 14843                      /memfd:pipewire-memfd:flags=0x0000000f,type=2,size=2312 (deleted)
79503fa87000-79503fa88000 rw-s 00000000 00:01 9872                       /memfd:pipewire-memfd:flags=0x0000000f,type=2,size=2312 (deleted)
79503fa88000-79503fa89000 ---p 00000000 00:00 0 
79503fa89000-795040289000 rw-p 00000000 00:00 0 
795040289000-79504028a000 ---p 00000000 00:00 0 
79504028a000-795040a8a000 rw-p 00000000 00:00 0 
795040a8a000-795040a8b000 ---p 00000000 00:00 0 
795040a8b000-79504128b000 rw-p 00000000 00:00 0 
79504128b000-79504128f000 ---p 00000000 00:00 0 
79504128f000-79504138b000 rw-p 00000000 00:00 0 
79504138b000-79504138c000 rw-s 00000000 00:01 9871                       /memfd:pipewire-memfd:flags=0x0000000f,type=2,size=4096 (deleted)
79504138c000-795041395000 rw-s 00000000 00:01 11808                      /memfd:pipewire-memfd:flags=0x0000000f,type=2,size=32832 (deleted)
795041395000-79504139e000 rw-s 00000000 00:01 11807                      /memfd:pipewire-memfd:flags=0x0000000f,type=2,size=32832 (deleted)
79504139e000-79504139f000 rw-s 00000000 00:01 1065                       /memfd:pipewire-memfd:flags=0x0000000f,type=2,size=2312 (deleted)
79504139f000-7950413a0000 rw-s 00000000 00:01 9870                       /memfd:pipewire-memfd:flags=0x0000000f,type=2,size=2312 (deleted)
7950413a0000-7950413a1000 rw-s 00000000 00:01 12795                      /memfd:pipewire-memfd:flags=0x0000000f,type=2,size=2312 (deleted)
7950413a1000-7950413a2000 ---p 00000000 00:00 0 
7950413a2000-795041ba2000 rw-p 00000000 00:00 0 
795041ba2000-795041ba3000 ---p 00000000 00:00 0 
795041ba3000-7950423a3000 rw-p 00000000 00:00 0 
7950423a3000-7950423a4000 ---p 00000000 00:00 0 
7950423a4000-795042ba4000 rw-p 00000000 00:00 0 
795042ba4000-795042ba8000 ---p 00000000 00:00 0 
795042ba8000-795042ca4000 rw-p 00000000 00:00 0 
795042ca4000-795042ca5000 rw-s 00000000 00:01 12794                      /memfd:pipewire-memfd:flags=0x0000000f,type=2,size=4096 (deleted)
795042ca5000-795042cae000 rw-s 00000000 00:01 9869                       /memfd:pipewire-memfd:flags=0x0000000f,type=2,size=32832 (deleted)
795042cae000-795042cb7000 rw-s 00000000 00:01 9868                       /memfd:pipewire-memfd:flags=0x0000000f,type=2,size=32832 (deleted)
795042cb7000-795042cb8000 rw-s 00000000 00:01 1065                       /memfd:pipewire-memfd:flags=0x0000000f,type=2,size=2312 (deleted)
795042cb8000-795042cb9000 rw-s 00000000 00:01 9867                       /memfd:pipewire-memfd:flags=0x0000000f,type=2,size=2312 (deleted)
795042cb9000-795042cba000 rw-s 00000000 00:01 14842                      /memfd:pipewire-memfd:flags=0x0000000f,type=2,size=2312 (deleted)
795042cba000-795042cbb000 ---p 00000000 00:00 0 
795042cbb000-7950434bb000 rw-p 00000000 00:00 0 
7950434bb000-7950434bc000 ---p 00000000 00:00 0 
7950434bc000-795043cbc000 rw-p 00000000 00:00 0 
795043cbc000-795043cbd000 ---p 00000000 00:00 0 
795043cbd000-7950444bd000 rw-p 00000000 00:00 0 
7950444bd000-7950444c1000 ---p 00000000 00:00 0 
7950444c1000-7950445bd000 rw-p 00000000 00:00 0 
7950445bd000-7950445be000 rw-s 00000000 00:01 8847                       /memfd:pipewire-memfd:flags=0x0000000f,type=2,size=4096 (deleted)
7950445be000-7950445c7000 rw-s 00000000 00:01 9866                       /memfd:pipewire-memfd:flags=0x0000000f,type=2,size=32832 (deleted)
7950445c7000-7950445d0000 rw-s 00000000 00:01 9865                       /memfd:pipewire-memfd:flags=0x0000000f,type=2,size=32832 (deleted)
7950445d0000-7950445d1000 rw-s 00000000 00:01 1065                       /memfd:pipewire-memfd:flags=0x0000000f,type=2,size=2312 (deleted)
7950445d1000-7950445d2000 rw-s 00000000 00:01 8846                       /memfd:pipewire-memfd:flags=0x0000000f,type=2,size=2312 (deleted)
7950445d2000-7950445d3000 rw-s 00000000 00:01 10865                      /memfd:pipewire-memfd:flags=0x0000000f,type=2,size=2312 (deleted)
7950445d3000-7950445d4000 ---p 00000000 00:00 0 
7950445d4000-795044dd4000 rw-p 00000000 00:00 0 
795044dd4000-795044dd5000 ---p 00000000 00:00 0 
795044dd5000-7950455d5000 rw-p 00000000 00:00 0 
7950455d5000-7950455d6000 ---p 00000000 00:00 0 
7950455d6000-795045dd6000 rw-p 00000000 00:00 0 
795045dd6000-795045dda000 ---p 00000000 00:00 0 
795045dda000-795045ed6000 rw-p 00000000 00:00 0 
795045ed6000-795045ed7000 rw-s 00000000 00:01 14839                      /memfd:pipewire-memfd:flags=0x0000000f,type=2,size=4096 (deleted)
795045ed7000-795045ee0000 rw-s 00000000 00:01 14841                      /memfd:pipewire-memfd:flags=0x0000000f,type=2,size=32832 (deleted)
795045ee0000-795045ee9000 rw-s 00000000 00:01 14840                      /memfd:pipewire-memfd:flags=0x0000000f,type=2,size=32832 (deleted)
795045ee9000-795045eea000 rw-s 00000000 00:01 1065                       /memfd:pipewire-memfd:flags=0x0000000f,type=2,size=2312 (deleted)
795045eea000-795045eeb000 rw-s 00000000 00:01 14838                      /memfd:pipewire-memfd:flags=0x0000000f,type=2,size=2312 (deleted)
795045eeb000-795045eec000 rw-s 00000000 00:01 11806                      /memfd:pipewire-memfd:flags=0x0000000f,type=2,size=2312 (deleted)
795045eec000-795045eed000 ---p 00000000 00:00 0 
795045eed000-7950466ed000 rw-p 00000000 00:00 0 
7950466ed000-7950466ee000 ---p 00000000 00:00 0 
7950466ee000-795046eee000 rw-p 00000000 00:00 0 
795046eee000-795046eef000 ---p 00000000 00:00 0 
795046eef000-7950476ef000 rw-p 00000000 00:00 0 
7950476ef000-7950476f3000 ---p 00000000 00:00 0 
7950476f3000-7950477ef000 rw-p 00000000 00:00 0 
7950477ef000-7950477f0000 rw-s 00000000 00:01 9862                       /memfd:pipewire-memfd:flags=0x0000000f,type=2,size=4096 (deleted)
7950477f0000-7950477f9000 rw-s 00000000 00:01 9864                       /memfd:pipewire-memfd:flags=0x0000000f,type=2,size=32832 (deleted)
7950477f9000-795047802000 rw-s 00000000 00:01 9863                       /memfd:pipewire-memfd:flags=0x0000000f,type=2,size=32832 (deleted)
795047802000-795047803000 rw-s 00000000 00:01 1065                       /memfd:pipewire-memfd:flags=0x0000000f,type=2,size=2312 (deleted)
795047803000-795047804000 rw-s 00000000 00:01 9861                       /memfd:pipewire-memfd:flags=0x0000000f,type=2,size=2312 (deleted)
795047804000-795047805000 rw-s 00000000 00:01 10864                      /memfd:pipewire-memfd:flags=0x0000000f,type=2,size=2312 (deleted)
795047805000-795047806000 ---p 00000000 00:00 0 
795047806000-795048006000 rw-p 00000000 00:00 0 
795048006000-795048007000 ---p 00000000 00:00 0 
795048007000-795048807000 rw-p 00000000 00:00 0 
795048807000-795048808000 ---p 00000000 00:00 0 
795048808000-795049008000 rw-p 00000000 00:00 0 
795049008000-79504900c000 ---p 00000000 00:00 0 
79504900c000-795049108000 rw-p 00000000 00:00 0 
795049108000-795049109000 rw-s 00000000 00:01 15890                      /memfd:pipewire-memfd:flags=0x0000000f,type=2,size=4096 (deleted)
795049109000-795049112000 rw-s 00000000 00:01 10863                      /memfd:pipewire-memfd:flags=0x0000000f,type=2,size=32832 (deleted)
795049112000-79504911b000 rw-s 00000000 00:01 10862                      /memfd:pipewire-memfd:flags=0x0000000f,type=2,size=32832 (deleted)
79504911b000-79504911c000 rw-s 00000000 00:01 1065                       /memfd:pipewire-memfd:flags=0x0000000f,type=2,size=2312 (deleted)
79504911c000-79504911d000 rw-s 00000000 00:01 15889                      /memfd:pipewire-memfd:flags=0x0000000f,type=2,size=2312 (deleted)
79504911d000-79504911e000 rw-s 00000000 00:01 10861                      /memfd:pipewire-memfd:flags=0x0000000f,type=2,size=2312 (deleted)
79504911e000-79504911f000 ---p 00000000 00:00 0 
79504911f000-79504991f000 rw-p 00000000 00:00 0 
79504991f000-795049920000 ---p 00000000 00:00 0 
795049920000-79504a120000 rw-p 00000000 00:00 0 
79504a120000-79504a121000 ---p 00000000 00:00 0 
79504a121000-79504a921000 rw-p 00000000 00:00 0 
79504a921000-79504a925000 ---p 00000000 00:00 0 
79504a925000-79504aa21000 rw-p 00000000 00:00 0 
79504aa21000-79504aa22000 rw-s 00000000 00:01 14837                      /memfd:pipewire-memfd:flags=0x0000000f,type=2,size=4096 (deleted)
79504aa22000-79504aa2b000 rw-s 00000000 00:01 15888                      /memfd:pipewire-memfd:flags=0x0000000f,type=2,size=32832 (deleted)
79504aa2b000-79504aa34000 rw-s 00000000 00:01 15887                      /memfd:pipewire-memfd:flags=0x0000000f,type=2,size=32832 (deleted)
79504aa34000-79504aa35000 rw-s 00000000 00:01 1065                       /memfd:pipewire-memfd:flags=0x0000000f,type=2,size=2312 (deleted)
79504aa35000-79504aa36000 rw-s 00000000 00:01 15886                      /memfd:pipewire-memfd:flags=0x0000000f,type=2,size=2312 (deleted)
79504aa36000-79504aa37000 rw-s 00000000 00:01 8845                       /memfd:pipewire-memfd:flags=0x0000000f,type=2,size=2312 (deleted)
79504aa37000-79504aa38000 ---p 00000000 00:00 0 
79504aa38000-79504b238000 rw-p 00000000 00:00 0 
79504b238000-79504b239000 ---p 00000000 00:00 0 
79504b239000-79504ba39000 rw-p 00000000 00:00 0 
79504ba39000-79504ba3a000 ---p 00000000 00:00 0 
79504ba3a000-79504c23a000 rw-p 00000000 00:00 0 
79504c23a000-79504c23e000 ---p 00000000 00:00 0 
79504c23e000-79504c33a000 rw-p 00000000 00:00 0 
79504c33a000-79504c33b000 rw-s 00000000 00:01 9860                       /memfd:pipewire-memfd:flags=0x0000000f,type=2,size=4096 (deleted)
79504c33b000-79504c344000 rw-s 00000000 00:01 15885                      /memfd:pipewire-memfd:flags=0x0000000f,type=2,size=32832 (deleted)
79504c344000-79504c34d000 rw-s 00000000 00:01 15884                      /memfd:pipewire-memfd:flags=0x0000000f,type=2,size=32832 (deleted)
79504c34d000-79504c34e000 rw-s 00000000 00:01 1065                       /memfd:pipewire-memfd:flags=0x0000000f,type=2,size=2312 (deleted)
79504c34e000-79504c34f000 rw-s 00000000 00:01 9859                       /memfd:pipewire-memfd:flags=0x0000000f,type=2,size=2312 (deleted)
79504c34f000-79504c350000 rw-s 00000000 00:01 8844                       /memfd:pipewire-memfd:flags=0x0000000f,type=2,size=2312 (deleted)
79504c350000-79504c351000 ---p 00000000 00:00 0 
79504c351000-79504cb51000 rw-p 00000000 00:00 0 
79504cb51000-79504cb52000 ---p 00000000 00:00 0 
79504cb52000-79504d352000 rw-p 00000000 00:00 0 
79504d352000-79504d353000 ---p 00000000 00:00 0 
79504d353000-79504db53000 rw-p 00000000 00:00 0 
79504db53000-79504db57000 ---p 00000000 00:00 0 
79504db57000-79504dc53000 rw-p 00000000 00:00 0 
79504dc53000-79504dc5c000 rw-s 00000000 00:01 11805                      /memfd:pipewire-memfd:flags=0x0000000f,type=2,size=32832 (deleted)
79504dc5c000-79504dc65000 rw-s 00000000 00:01 11804                      /memfd:pipewire-memfd:flags=0x0000000f,type=2,size=32832 (deleted)
79504dc65000-79504dc66000 ---p 00000000 00:00 0 
79504dc66000-79504e466000 rw-p 00000000 00:00 0 
79504e466000-79504e467000 ---p 00000000 00:00 0 
79504e467000-79504ec67000 rw-p 00000000 00:00 0 
79504ec67000-79504ec68000 ---p 00000000 00:00 0 
79504ec68000-79504f468000 rw-p 00000000 00:00 0 
79504f468000-79504f46c000 ---p 00000000 00:00 0 
79504f46c000-79504f568000 rw-p 00000000 00:00 0 
79504f568000-79504f571000 rw-s 00000000 00:01 11803                      /memfd:pipewire-memfd:flags=0x0000000f,type=2,size=32832 (deleted)
79504f571000-79504f572000 ---p 00000000 00:00 0 
79504f572000-79504fd72000 rw-p 00000000 00:00 0 
79504fd72000-79504fd73000 ---p 00000000 00:00 0 
79504fd73000-795050573000 rw-p 00000000 00:00 0 
795050573000-795050574000 ---p 00000000 00:00 0 
795050574000-795050d74000 rw-p 00000000 00:00 0 
795050d74000-795050d78000 ---p 00000000 00:00 0 
795050d78000-795050e74000 rw-p 00000000 00:00 0 
795050e74000-795050e75000 ---p 00000000 00:00 0 
795050e75000-795051675000 rw-p 00000000 00:00 0 
795051675000-795051676000 ---p 00000000 00:00 0 
795051676000-795051e76000 rw-p 00000000 00:00 0 
795051e76000-795051e77000 ---p 00000000 00:00 0 
795051e77000-795052677000 rw-p 00000000 00:00 0 
795052677000-79505267b000 ---p 00000000 00:00 0 
79505267b000-795052777000 rw-p 00000000 00:00 0 
795052777000-795052778000 ---p 00000000 00:00 0 
795052778000-795052f78000 rw-p 00000000 00:00 0 
795052f78000-795052f79000 ---p 00000000 00:00 0 
795052f79000-795053779000 rw-p 00000000 00:00 0 
795053779000-79505377a000 ---p 00000000 00:00 0 
79505377a000-795053f7a000 rw-p 00000000 00:00 0 
795053f7a000-795053f7e000 ---p 00000000 00:00 0 
795053f7e000-79505407a000 rw-p 00000000 00:00 0 
79505407a000-79505407b000 ---p 00000000 00:00 0 
79505407b000-79505487b000 rw-p 00000000 00:00 0 
79505487b000-79505487c000 ---p 00000000 00:00 0 
79505487c000-79505507c000 rw-p 00000000 00:00 0 
79505507c000-79505507d000 ---p 00000000 00:00 0 
79505507d000-79505587d000 rw-p 00000000 00:00 0 
79505587d000-795055881000 ---p 00000000 00:00 0 
795055881000-79505597d000 rw-p 00000000 00:00 0 
79505597d000-79505597e000 ---p 00000000 00:00 0 
79505597e000-79505617e000 rw-p 00000000 00:00 0 
79505617e000-79505617f000 ---p 00000000 00:00 0 
79505617f000-79505697f000 rw-p 00000000 00:00 0 
79505697f000-795056980000 ---p 00000000 00:00 0 
795056980000-795057180000 rw-p 00000000 00:00 0 
795057180000-795057184000 ---p 00000000 00:00 0 
795057184000-795057280000 rw-p 00000000 00:00 0 
795057280000-795057281000 ---p 00000000 00:00 0 
795057281000-795057a81000 rw-p 00000000 00:00 0 
795057a81000-795057a82000 ---p 00000000 00:00 0 
795057a82000-795058282000 rw-p 00000000 00:00 0 
795058282000-795058283000 ---p 00000000 00:00 0 
795058283000-795058a83000 rw-p 00000000 00:00 0 
795058a83000-795058a87000 ---p 00000000 00:00 0 
795058a87000-795058b83000 rw-p 00000000 00:00 0 
795058b83000-795058b84000 ---p 00000000 00:00 0 
795058b84000-795059384000 rw-p 00000000 00:00 0 
795059384000-795059385000 ---p 00000000 00:00 0 
795059385000-795059b85000 rw-p 00000000 00:00 0 
795059b85000-795059b86000 ---p 00000000 00:00 0 
795059b86000-79505a386000 rw-p 00000000 00:00 0 
79505a386000-79505a38a000 ---p 00000000 00:00 0 
79505a38a000-79505a486000 rw-p 00000000 00:00 0 
79505a486000-79505a487000 ---p 00000000 00:00 0 
79505a487000-79505ac87000 rw-p 00000000 00:00 0 
79505ac87000-79505ac88000 ---p 00000000 00:00 0 
79505ac88000-79505b488000 rw-p 00000000 00:00 0 
79505b488000-79505b489000 ---p 00000000 00:00 0 
79505b489000-79505bc89000 rw-p 00000000 00:00 0 
79505bc89000-79505bc8d000 ---p 00000000 00:00 0 
79505bc8d000-79505bd89000 rw-p 00000000 00:00 0 
79505bd89000-79505bd8a000 ---p 00000000 00:00 0 
79505bd8a000-79505c58a000 rw-p 00000000 00:00 0 
79505c58a000-79505c58b000 ---p 00000000 00:00 0 
79505c58b000-79505cd8b000 rw-p 00000000 00:00 0 
79505cd8b000-79505cd8c000 ---p 00000000 00:00 0 
79505cd8c000-79505d58c000 rw-p 00000000 00:00 0 
79505d58c000-79505d590000 ---p 00000000 00:00 0 
79505d590000-79505d68c000 rw-p 00000000 00:00 0 
79505d68c000-79505d68d000 ---p 00000000 00:00 0 
79505d68d000-79505de8d000 rw-p 00000000 00:00 0 
79505de8d000-79505de8e000 ---p 00000000 00:00 0 
79505de8e000-79505e68e000 rw-p 00000000 00:00 0 
79505e68e000-79505e68f000 ---p 00000000 00:00 0 
79505e68f000-79505ee8f000 rw-p 00000000 00:00 0 
79505ee8f000-79505ee93000 ---p 00000000 00:00 0 
79505ee93000-79505ef8f000 rw-p 00000000 00:00 0 
79505ef8f000-79505ef90000 ---p 00000000 00:00 0 
79505ef90000-79505f790000 rw-p 00000000 00:00 0 
79505f790000-79505f791000 ---p 00000000 00:00 0 
79505f791000-79505ff91000 rw-p 00000000 00:00 0 
79505ff91000-79505ff92000 ---p 00000000 00:00 0 
79505ff92000-795060792000 rw-p 00000000 00:00 0 
795060792000-795060796000 ---p 00000000 00:00 0 
795060796000-795060892000 rw-p 00000000 00:00 0 
795060892000-795060893000 ---p 00000000 00:00 0 
795060893000-795061093000 rw-p 00000000 00:00 0 
795061093000-795061094000 ---p 00000000 00:00 0 
795061094000-795061894000 rw-p 00000000 00:00 0 
795061894000-795061895000 ---p 00000000 00:00 0 
795061895000-795062095000 rw-p 00000000 00:00 0 
795062095000-795062099000 ---p 00000000 00:00 0 
795062099000-795062195000 rw-p 00000000 00:00 0 
795062195000-795062196000 ---p 00000000 00:00 0 
795062196000-795062996000 rw-p 00000000 00:00 0 
795062996000-795062997000 ---p 00000000 00:00 0 
795062997000-795063197000 rw-p 00000000 00:00 0 
795063197000-795063198000 ---p 00000000 00:00 0 
795063198000-795063998000 rw-p 00000000 00:00 0 
795063998000-79506399c000 ---p 00000000 00:00 0 
79506399c000-795063a98000 rw-p 00000000 00:00 0 
795063a98000-795063a99000 ---p 00000000 00:00 0 
795063a99000-795064299000 rw-p 00000000 00:00 0 
795064299000-79506429a000 ---p 00000000 00:00 0 
79506429a000-795064a9a000 rw-p 00000000 00:00 0 
795064a9a000-795064a9b000 ---p 00000000 00:00 0 
795064a9b000-79506529b000 rw-p 00000000 00:00 0 
79506529b000-79506529f000 ---p 00000000 00:00 0 
79506529f000-79506539b000 rw-p 00000000 00:00 0 
79506539b000-79506539c000 ---p 00000000 00:00 0 
79506539c000-795065b9c000 rw-p 00000000 00:00 0 
795065b9c000-795065b9d000 ---p 00000000 00:00 0 
795065b9d000-79506639d000 rw-p 00000000 00:00 0 
79506639d000-79506639e000 ---p 00000000 00:00 0 
79506639e000-795066b9e000 rw-p 00000000 00:00 0 
795066b9e000-795066ba2000 ---p 00000000 00:00 0 
795066ba2000-795066c9e000 rw-p 00000000 00:00 0 
795066c9e000-795066c9f000 ---p 00000000 00:00 0 
795066c9f000-79506749f000 rw-p 00000000 00:00 0 
79506749f000-7950674a0000 ---p 00000000 00:00 0 
7950674a0000-795067ca0000 rw-p 00000000 00:00 0 
795067ca0000-795067ca1000 ---p 00000000 00:00 0 
795067ca1000-7950684a1000 rw-p 00000000 00:00 0 
7950684a1000-7950684a5000 ---p 00000000 00:00 0 
7950684a5000-7950685a1000 rw-p 00000000 00:00 0 
7950685a1000-7950685a2000 ---p 00000000 00:00 0 
7950685a2000-795068da2000 rw-p 00000000 00:00 0 
795068da2000-795068da3000 ---p 00000000 00:00 0 
795068da3000-7950695a3000 rw-p 00000000 00:00 0 
7950695a3000-7950695a4000 ---p 00000000 00:00 0 
7950695a4000-795069da4000 rw-p 00000000 00:00 0 
795069da4000-795069da8000 ---p 00000000 00:00 0 
795069da8000-795069ea4000 rw-p 00000000 00:00 0 
795069ea4000-795069ea5000 ---p 00000000 00:00 0 
795069ea5000-79506a6a5000 rw-p 00000000 00:00 0 
79506a6a5000-79506a6a6000 ---p 00000000 00:00 0 
79506a6a6000-79506aea6000 rw-p 00000000 00:00 0 
79506aea6000-79506aea7000 ---p 00000000 00:00 0 
79506aea7000-79506b6a7000 rw-p 00000000 00:00 0 
79506b6a7000-79506b6ab000 ---p 00000000 00:00 0 
79506b6ab000-79506b7a7000 rw-p 00000000 00:00 0 
79506b7a7000-79506b7a8000 ---p 00000000 00:00 0 
79506b7a8000-79506bfa8000 rw-p 00000000 00:00 0 
79506bfa8000-79506bfa9000 ---p 00000000 00:00 0 
79506bfa9000-79506c7a9000 rw-p 00000000 00:00 0 
79506c7a9000-79506c7aa000 ---p 00000000 00:00 0 
79506c7aa000-79506cfaa000 rw-p 00000000 00:00 0 
79506cfaa000-79506cfae000 ---p 00000000 00:00 0 
79506cfae000-79506d0aa000 rw-p 00000000 00:00 0 
79506d0aa000-79506d0ab000 ---p 00000000 00:00 0 
79506d0ab000-79506d1ab000 rw-p 00000000 00:00 0 
79506d1ab000-79506d1ac000 ---p 00000000 00:00 0 
79506d1ac000-79506d9ac000 rw-p 00000000 00:00 0 
79506d9ac000-79506d9ad000 ---p 00000000 00:00 0 
79506d9ad000-79506e1ad000 rw-p 00000000 00:00 0 
79506e1ad000-79506e1ae000 ---p 00000000 00:00 0 
79506e1ae000-79506e9ae000 rw-p 00000000 00:00 0 
79506e9ae000-79506e9b2000 ---p 00000000 00:00 0 
79506e9b2000-79506eaae000 rw-p 00000000 00:00 0 
79506eaae000-79506eaaf000 ---p 00000000 00:00 0 
79506eaaf000-79506f2af000 rw-p 00000000 00:00 0 
79506f2af000-79506f2b0000 ---p 00000000 00:00 0 
79506f2b0000-79506fab0000 rw-p 00000000 00:00 0 
79506fab0000-79506fab1000 ---p 00000000 00:00 0 
79506fab1000-7950702b1000 rw-p 00000000 00:00 0 
7950702b1000-7950702b5000 ---p 00000000 00:00 0 
7950702b5000-7950703b1000 rw-p 00000000 00:00 0 
7950703b1000-7950703b2000 ---p 00000000 00:00 0 
7950703b2000-795070bb2000 rw-p 00000000 00:00 0 
795070bb2000-795070bb3000 ---p 00000000 00:00 0 
795070bb3000-7950713b3000 rw-p 00000000 00:00 0 
7950713b3000-7950713b4000 ---p 00000000 00:00 0 
7950713b4000-795071bb4000 rw-p 00000000 00:00 0 
795071bb4000-795071bb8000 ---p 00000000 00:00 0 
795071bb8000-795071cb4000 rw-p 00000000 00:00 0 
795071cb4000-795071cb5000 ---p 00000000 00:00 0 
795071cb5000-7950724b5000 rw-p 00000000 00:00 0 
7950724b5000-7950724b6000 ---p 00000000 00:00 0 
7950724b6000-795072cb6000 rw-p 00000000 00:00 0 
795072cb6000-795072cb7000 ---p 00000000 00:00 0 
795072cb7000-7950734b7000 rw-p 00000000 00:00 0 
7950734b7000-7950734bb000 ---p 00000000 00:00 0 
7950734bb000-7950735b7000 rw-p 00000000 00:00 0 
7950735b7000-7950735b8000 ---p 00000000 00:00 0 
7950735b8000-795073db8000 rw-p 00000000 00:00 0 
795073db8000-795073db9000 ---p 00000000 00:00 0 
795073db9000-7950745b9000 rw-p 00000000 00:00 0 
7950745b9000-7950745ba000 ---p 00000000 00:00 0 
7950745ba000-795074dba000 rw-p 00000000 00:00 0 
795074dba000-795074dbe000 ---p 00000000 00:00 0 
795074dbe000-795074eba000 rw-p 00000000 00:00 0 
795074eba000-795074ebb000 ---p 00000000 00:00 0 
795074ebb000-7950756bb000 rw-p 00000000 00:00 0 
7950756bb000-7950756bc000 ---p 00000000 00:00 0 
7950756bc000-795075ebc000 rw-p 00000000 00:00 0 
795075ebc000-795075ebd000 ---p 00000000 00:00 0 
795075ebd000-7950766bd000 rw-p 00000000 00:00 0 
7950766bd000-7950766c1000 ---p 00000000 00:00 0 
7950766c1000-7950767bd000 rw-p 00000000 00:00 0 
7950767bd000-7950767be000 ---p 00000000 00:00 0 
7950767be000-795076fbe000 rw-p 00000000 00:00 0 
795076fbe000-795076fbf000 ---p 00000000 00:00 0 
795076fbf000-7950777bf000 rw-p 00000000 00:00 0 
7950777bf000-7950777c0000 ---p 00000000 00:00 0 
7950777c0000-795077fc0000 rw-p 00000000 00:00 0 
795077fc0000-795077fc1000 ---p 00000000 00:00 0 
795077fc1000-7950787c1000 rw-p 00000000 00:00 0 
7950787c1000-7950787c2000 ---p 00000000 00:00 0 
7950787c2000-795078fc2000 rw-p 00000000 00:00 0 
795078fc2000-795078fc3000 ---p 00000000 00:00 0 
795078fc3000-7950797c3000 rw-p 00000000 00:00 0 
7950797c3000-7950797c4000 ---p 00000000 00:00 0 
7950797c4000-795079fc4000 rw-p 00000000 00:00 0 
795079fc4000-795079fc5000 ---p 00000000 00:00 0 
795079fc5000-79507a7c5000 rw-p 00000000 00:00 0 
79507a7c5000-79507a7c6000 ---p 00000000 00:00 0 
79507a7c6000-79507afc6000 rw-p 00000000 00:00 0 
79507afc6000-79507afc7000 ---p 00000000 00:00 0 
79507afc7000-79507b7c7000 rw-p 00000000 00:00 0 
79507b7c7000-79507b7c8000 ---p 00000000 00:00 0 
79507b7c8000-79507bfc8000 rw-p 00000000 00:00 0 
79507bfc8000-79507bfc9000 ---p 00000000 00:00 0 
79507bfc9000-79507c7c9000 rw-p 00000000 00:00 0 
79507c7c9000-79507c7ca000 ---p 00000000 00:00 0 
79507c7ca000-79507cfca000 rw-p 00000000 00:00 0 
79507cfca000-79507cfcb000 ---p 00000000 00:00 0 
79507cfcb000-79507d7cb000 rw-p 00000000 00:00 0 
79507d7cb000-79507d7cc000 ---p 00000000 00:00 0 
79507d7cc000-79507dfcc000 rw-p 00000000 00:00 0 
79507dfcc000-79507dfcd000 ---p 00000000 00:00 0 
79507dfcd000-79507e7cd000 rw-p 00000000 00:00 0 
79507e7cd000-79507e7ce000 ---p 00000000 00:00 0 
79507e7ce000-79507efce000 rw-p 00000000 00:00 0 
79507efce000-79507efcf000 ---p 00000000 00:00 0 
79507efcf000-79507f7cf000 rw-p 00000000 00:00 0 
79507f7cf000-79507f7d0000 ---p 00000000 00:00 0 
79507f7d0000-79507ffd0000 rw-p 00000000 00:00 0 
79507ffd0000-79507ffd1000 ---p 00000000 00:00 0 
79507ffd1000-7950807d1000 rw-p 00000000 00:00 0 
7950807d1000-7950807d2000 ---p 00000000 00:00 0 
7950807d2000-795080fd2000 rw-p 00000000 00:00 0 
795080fd2000-795080fd3000 ---p 00000000 00:00 0 
795080fd3000-7950817d3000 rw-p 00000000 00:00 0 
7950817d3000-7950817d4000 ---p 00000000 00:00 0 
7950817d4000-795081fd4000 rw-p 00000000 00:00 0 
795081fd4000-795081fd5000 ---p 00000000 00:00 0 
795081fd5000-7950827d5000 rw-p 00000000 00:00 0 
7950827d5000-7950827d6000 ---p 00000000 00:00 0 
7950827d6000-795082fd6000 rw-p 00000000 00:00 0 
795082fd6000-795082fd7000 ---p 00000000 00:00 0 
795082fd7000-7950837d7000 rw-p 00000000 00:00 0 
7950837d7000-7950837d8000 ---p 00000000 00:00 0 
7950837d8000-795083fd8000 rw-p 00000000 00:00 0 
795083fd8000-795083fd9000 ---p 00000000 00:00 0 
795083fd9000-7950847d9000 rw-p 00000000 00:00 0 
7950847d9000-7950847da000 ---p 00000000 00:00 0 
7950847da000-795084fda000 rw-p 00000000 00:00 0 
795084fda000-795084fdb000 ---p 00000000 00:00 0 
795084fdb000-7950857db000 rw-p 00000000 00:00 0 
7950857db000-7950857dc000 ---p 00000000 00:00 0 
7950857dc000-795085fdc000 rw-p 00000000 00:00 0 
795085fdc000-795085fdd000 ---p 00000000 00:00 0 
795085fdd000-7950867dd000 rw-p 00000000 00:00 0 
7950867dd000-7950867de000 ---p 00000000 00:00 0 
7950867de000-795086fde000 rw-p 00000000 00:00 0 
795086fde000-795086fdf000 ---p 00000000 00:00 0 
795086fdf000-7950877df000 rw-p 00000000 00:00 0 
7950877df000-7950877e0000 ---p 00000000 00:00 0 
7950877e0000-795087fe0000 rw-p 00000000 00:00 0 
795087fe0000-795087fe1000 ---p 00000000 00:00 0 
795087fe1000-7950887e1000 rw-p 00000000 00:00 0 
7950887e1000-7950887e2000 ---p 00000000 00:00 0 
7950887e2000-795088fe2000 rw-p 00000000 00:00 0 
795088fe2000-795088fe3000 ---p 00000000 00:00 0 
795088fe3000-7950897e3000 rw-p 00000000 00:00 0 
7950897e3000-7950897e4000 ---p 00000000 00:00 0 
7950897e4000-795089fe4000 rw-p 00000000 00:00 0 
795089fe4000-795089fe5000 ---p 00000000 00:00 0 
795089fe5000-79508a7e5000 rw-p 00000000 00:00 0 
79508a7e5000-79508a7e6000 ---p 00000000 00:00 0 
79508a7e6000-79508afe6000 rw-p 00000000 00:00 0 
79508afe6000-79508afe7000 ---p 00000000 00:00 0 
79508afe7000-79508b7e7000 rw-p 00000000 00:00 0 
79508b7e7000-79508b7e8000 ---p 00000000 00:00 0 
79508b7e8000-79508bfe8000 rw-p 00000000 00:00 0 
79508bfe8000-79508bfe9000 ---p 00000000 00:00 0 
79508bfe9000-79508c7e9000 rw-p 00000000 00:00 0 
79508c7e9000-79508c7ea000 ---p 00000000 00:00 0 
79508c7ea000-79508cfea000 rw-p 00000000 00:00 0 
79508cfea000-79508cfeb000 ---p 00000000 00:00 0 
79508cfeb000-79508d7eb000 rw-p 00000000 00:00 0 
79508d7eb000-79508d7ec000 ---p 00000000 00:00 0 
79508d7ec000-79508dfec000 rw-p 00000000 00:00 0 
79508dfec000-79508dfed000 ---p 00000000 00:00 0 
79508dfed000-79508e7ed000 rw-p 00000000 00:00 0 
79508e7ed000-79508e7ee000 ---p 00000000 00:00 0 
79508e7ee000-79508efee000 rw-p 00000000 00:00 0 
79508efee000-79508efef000 ---p 00000000 00:00 0 
79508efef000-79508f7ef000 rw-p 00000000 00:00 0 
79508f7ef000-79508f7f0000 ---p 00000000 00:00 0 
79508f7f0000-79508fff0000 rw-p 00000000 00:00 0 
79508fff0000-79508fff1000 ---p 00000000 00:00 0 
79508fff1000-7950907f1000 rw-p 00000000 00:00 0 
7950907f1000-7950907f2000 ---p 00000000 00:00 0 
7950907f2000-795090ff2000 rw-p 00000000 00:00 0 
795090ff2000-795090ff3000 ---p 00000000 00:00 0 
795090ff3000-7950917f3000 rw-p 00000000 00:00 0 
7950917f3000-7950917f4000 ---p 00000000 00:00 0 
7950917f4000-795091ff4000 rw-p 00000000 00:00 0 
795091ff4000-795091ff5000 ---p 00000000 00:00 0 
795091ff5000-7950927f5000 rw-p 00000000 00:00 0 
7950927f5000-7950927f6000 ---p 00000000 00:00 0 
7950927f6000-795092ff6000 rw-p 00000000 00:00 0 
795092ff6000-795092ff7000 ---p 00000000 00:00 0 
795092ff7000-7950937f7000 rw-p 00000000 00:00 0 
7950937f7000-7950937f8000 ---p 00000000 00:00 0 
7950937f8000-795093ff8000 rw-p 00000000 00:00 0 
795093ff8000-795093ff9000 ---p 00000000 00:00 0 
795093ff9000-7950947f9000 rw-p 00000000 00:00 0 
7950947f9000-7950947fa000 ---p 00000000 00:00 0 
7950947fa000-795094ffa000 rw-p 00000000 00:00 0 
795094ffa000-795094ffb000 ---p 00000000 00:00 0 
795094ffb000-7950957fb000 rw-p 00000000 00:00 0 
7950957fb000-7950957fc000 ---p 00000000 00:00 0 
7950957fc000-795095ffc000 rw-p 00000000 00:00 0 
795095ffc000-795095ffd000 ---p 00000000 00:00 0 
795095ffd000-7950967fd000 rw-p 00000000 00:00 0 
7950967fd000-7950967fe000 ---p 00000000 00:00 0 
7950967fe000-795096ffe000 rw-p 00000000 00:00 0 
795096ffe000-795096fff000 ---p 00000000 00:00 0 
795096fff000-7950977ff000 rw-p 00000000 00:00 0 
7950977ff000-795097800000 ---p 00000000 00:00 0 
795097800000-795098000000 rw-p 00000000 00:00 0 
795098000000-7950980aa000 rw-p 00000000 00:00 0 
7950980aa000-79509c000000 ---p 00000000 00:00 0 
79509c000000-79509c021000 rw-p 00000000 00:00 0 
79509c021000-7950a0000000 ---p 00000000 00:00 0 
7950a0000000-7950a048d000 rw-p 00000000 00:00 0 
7950a048d000-7950a4000000 ---p 00000000 00:00 0 
7950a4000000-7950a4141000 rw-p 00000000 00:00 0 
7950a4141000-7950a8000000 ---p 00000000 00:00 0 
7950a8000000-7950a8001000 rw-s 00000000 00:01 15883                      /memfd:pipewire-memfd:flags=0x0000000f,type=2,size=4096 (deleted)
7950a8001000-7950a8002000 rw-s 00000000 00:01 1065                       /memfd:pipewire-memfd:flags=0x0000000f,type=2,size=2312 (deleted)
7950a8002000-7950a8003000 rw-s 00000000 00:01 15882                      /memfd:pipewire-memfd:flags=0x0000000f,type=2,size=2312 (deleted)
7950a8003000-7950a8004000 rw-s 00000000 00:01 12793                      /memfd:pipewire-memfd:flags=0x0000000f,type=2,size=2312 (deleted)
7950a8004000-7950a8005000 rw-s 00000000 00:01 11801                      /memfd:pipewire-memfd:flags=0x0000000f,type=2,size=4096 (deleted)
7950a8005000-7950a800e000 rw-s 00000000 00:01 11802                      /memfd:pipewire-memfd:flags=0x0000000f,type=2,size=32832 (deleted)
7950a800e000-7950a800f000 rw-s 00000000 00:01 1065                       /memfd:pipewire-memfd:flags=0x0000000f,type=2,size=2312 (deleted)
7950a800f000-7950a8010000 rw-s 00000000 00:01 11800                      /memfd:pipewire-memfd:flags=0x0000000f,type=2,size=2312 (deleted)
7950a8010000-7950a8011000 rw-s 00000000 00:01 13829                      /memfd:pipewire-memfd:flags=0x0000000f,type=2,size=2312 (deleted)
7950a8011000-7950a8012000 rw-s 00000000 00:01 11799                      /memfd:pipewire-memfd:flags=0x0000000f,type=2,size=4096 (deleted)
7950a8012000-7950a801b000 rw-s 00000000 00:01 10860                      /memfd:pipewire-memfd:flags=0x0000000f,type=2,size=32832 (deleted)
7950a801b000-7950a8024000 rw-s 00000000 00:01 10859                      /memfd:pipewire-memfd:flags=0x0000000f,type=2,size=32832 (deleted)
7950a8024000-7950a8025000 rw-s 00000000 00:01 1065                       /memfd:pipewire-memfd:flags=0x0000000f,type=2,size=2312 (deleted)
7950a8025000-7950a8026000 rw-s 00000000 00:01 8843                       /memfd:pipewire-memfd:flags=0x0000000f,type=2,size=2312 (deleted)
7950a8026000-7950a8027000 rw-s 00000000 00:01 9858                       /memfd:pipewire-memfd:flags=0x0000000f,type=2,size=2312 (deleted)
7950a8027000-7950a8028000 rw-s 00000000 00:01 10858                      /memfd:pipewire-memfd:flags=0x0000000f,type=2,size=4096 (deleted)
7950a8028000-7950a8031000 rw-s 00000000 00:01 8842                       /memfd:pipewire-memfd:flags=0x0000000f,type=2,size=32832 (deleted)
7950a8031000-7950a803a000 rw-s 00000000 00:01 8841                       /memfd:pipewire-memfd:flags=0x0000000f,type=2,size=32832 (deleted)
7950a803a000-7950a803b000 rw-s 00000000 00:01 1065                       /memfd:pipewire-memfd:flags=0x0000000f,type=2,size=2312 (deleted)
7950a803b000-7950a803c000 rw-s 00000000 00:01 10857                      /memfd:pipewire-memfd:flags=0x0000000f,type=2,size=2312 (deleted)
7950a803c000-7950a803d000 rw-s 00000000 00:01 11798                      /memfd:pipewire-memfd:flags=0x0000000f,type=2,size=2312 (deleted)
7950a803d000-7950a803e000 rw-s 00000000 00:01 15879                      /memfd:pipewire-memfd:flags=0x0000000f,type=2,size=4096 (deleted)
7950a803e000-7950a8047000 rw-s 00000000 00:01 15881                      /memfd:pipewire-memfd:flags=0x0000000f,type=2,size=32832 (deleted)
7950a8047000-7950a8050000 rw-s 00000000 00:01 15880                      /memfd:pipewire-memfd:flags=0x0000000f,type=2,size=32832 (deleted)
7950a8050000-7950a8051000 rw-s 00000000 00:01 1065                       /memfd:pipewire-memfd:flags=0x0000000f,type=2,size=2312 (deleted)
7950a8051000-7950a8052000 rw-s 00000000 00:01 14836                      /memfd:pipewire-memfd:flags=0x0000000f,type=2,size=2312 (deleted)
7950a8052000-7950a8053000 rw-s 00000000 00:01 11797                      /memfd:pipewire-memfd:flags=0x0000000f,type=2,size=2312 (deleted)
7950a8053000-7950a8054000 rw-s 00000000 00:01 14833                      /memfd:pipewire-memfd:flags=0x0000000f,type=2,size=4096 (deleted)
7950a8054000-7950a805d000 rw-s 00000000 00:01 14835                      /memfd:pipewire-memfd:flags=0x0000000f,type=2,size=32832 (deleted)
7950a805d000-7950a8066000 rw-s 00000000 00:01 14834                      /memfd:pipewire-memfd:flags=0x0000000f,type=2,size=32832 (deleted)
7950a8066000-7950a8067000 rw-s 00000000 00:01 1065                       /memfd:pipewire-memfd:flags=0x0000000f,type=2,size=2312 (deleted)
7950a8067000-7950a8068000 rw-s 00000000 00:01 14832                      /memfd:pipewire-memfd:flags=0x0000000f,type=2,size=2312 (deleted)
7950a8068000-7950a8069000 rw-s 00000000 00:01 11796                      /memfd:pipewire-memfd:flags=0x0000000f,type=2,size=2312 (deleted)
7950a8069000-7950a806a000 rw-s 00000000 00:01 14829                      /memfd:pipewire-memfd:flags=0x0000000f,type=2,size=4096 (deleted)
7950a806a000-7950a8073000 rw-s 00000000 00:01 14831                      /memfd:pipewire-memfd:flags=0x0000000f,type=2,size=32832 (deleted)
7950a8073000-7950a807c000 rw-s 00000000 00:01 14830                      /memfd:pipewire-memfd:flags=0x0000000f,type=2,size=32832 (deleted)
7950a807c000-7950a807d000 rw-s 00000000 00:01 1065                       /memfd:pipewire-memfd:flags=0x0000000f,type=2,size=2312 (deleted)
7950a807d000-7950a807e000 rw-s 00000000 00:01 14828                      /memfd:pipewire-memfd:flags=0x0000000f,type=2,size=2312 (deleted)
7950a807e000-7950a807f000 rw-s 00000000 00:01 9857                       /memfd:pipewire-memfd:flags=0x0000000f,type=2,size=2312 (deleted)
7950a807f000-7950a8080000 rw-s 00000000 00:01 10856                      /memfd:pipewire-memfd:flags=0x0000000f,type=2,size=4096 (deleted)
7950a8080000-7950a8089000 rw-s 00000000 00:01 14827                      /memfd:pipewire-memfd:flags=0x0000000f,type=2,size=32832 (deleted)
7950a8089000-7950a8092000 rw-s 00000000 00:01 14826                      /memfd:pipewire-memfd:flags=0x0000000f,type=2,size=32832 (deleted)
7950a8092000-7950a8093000 rw-s 00000000 00:01 1065                       /memfd:pipewire-memfd:flags=0x0000000f,type=2,size=2312 (deleted)
7950a8093000-7950a8094000 rw-s 00000000 00:01 10855                      /memfd:pipewire-memfd:flags=0x0000000f,type=2,size=2312 (deleted)
7950a8094000-7950a8095000 rw-s 00000000 00:01 15878                      /memfd:pipewire-memfd:flags=0x0000000f,type=2,size=2312 (deleted)
7950a8095000-7950a8096000 rw-s 00000000 00:01 12792                      /memfd:pipewire-memfd:flags=0x0000000f,type=2,size=4096 (deleted)
7950a8096000-7950a809f000 rw-s 00000000 00:01 11795                      /memfd:pipewire-memfd:flags=0x0000000f,type=2,size=32832 (deleted)
7950a809f000-7950a80a8000 rw-s 00000000 00:01 11794                      /memfd:pipewire-memfd:flags=0x0000000f,type=2,size=32832 (deleted)
7950a80a8000-7950a80a9000 rw-s 00000000 00:01 1065                       /memfd:pipewire-memfd:flags=0x0000000f,type=2,size=2312 (deleted)
7950a80a9000-7950a80aa000 rw-s 00000000 00:01 12791                      /memfd:pipewire-memfd:flags=0x0000000f,type=2,size=2312 (deleted)
7950a80aa000-7950a80ab000 rw-s 00000000 00:01 13828                      /memfd:pipewire-memfd:flags=0x0000000f,type=2,size=2312 (deleted)
7950a80ab000-7950a80ac000 rw-s 00000000 00:01 12788                      /memfd:pipewire-memfd:flags=0x0000000f,type=2,size=4096 (deleted)
7950a80ac000-7950a80b5000 rw-s 00000000 00:01 12790                      /memfd:pipewire-memfd:flags=0x0000000f,type=2,size=32832 (deleted)
7950a80b5000-7950a80be000 rw-s 00000000 00:01 12789                      /memfd:pipewire-memfd:flags=0x0000000f,type=2,size=32832 (deleted)
7950a80be000-7950a80bf000 rw-s 00000000 00:01 1065                       /memfd:pipewire-memfd:flags=0x0000000f,type=2,size=2312 (deleted)
7950a80bf000-7950a80c0000 rw-s 00000000 00:01 12787                      /memfd:pipewire-memfd:flags=0x0000000f,type=2,size=2312 (deleted)
7950a80c0000-7950a80c1000 rw-s 00000000 00:01 13827                      /memfd:pipewire-memfd:flags=0x0000000f,type=2,size=2312 (deleted)
7950a80c1000-7950a80c2000 rw-s 00000000 00:01 8840                       /memfd:pipewire-memfd:flags=0x0000000f,type=2,size=4096 (deleted)
7950a80c2000-7950a80cb000 rw-s 00000000 00:01 14825                      /memfd:pipewire-memfd:flags=0x0000000f,type=2,size=32832 (deleted)
7950a80cb000-7950a80d4000 rw-s 00000000 00:01 14824                      /memfd:pipewire-memfd:flags=0x0000000f,type=2,size=32832 (deleted)
7950a80d4000-7950a80d5000 rw-s 00000000 00:01 1065                       /memfd:pipewire-memfd:flags=0x0000000f,type=2,size=2312 (deleted)
7950a80d5000-7950a80de000 rw-s 00000000 00:01 10854                      /memfd:pipewire-memfd:flags=0x0000000f,type=2,size=32832 (deleted)
7950a80de000-7950a80e7000 rw-s 00000000 00:01 10853                      /memfd:pipewire-memfd:flags=0x0000000f,type=2,size=32832 (deleted)
7950a80e7000-7950a80f0000 rw-s 00000000 00:01 8836                       /memfd:pipewire-memfd:flags=0x0000000f,type=2,size=32832 (deleted)
7950a80f0000-7950a80f9000 rw-s 00000000 00:01 8835                       /memfd:pipewire-memfd:flags=0x0000000f,type=2,size=32832 (deleted)
7950a80f9000-7950a80fd000 ---p 00000000 00:00 0 
7950a80fd000-7950a81f9000 rw-p 00000000 00:00 0 
7950a81f9000-7950a81fd000 ---p 00000000 00:00 0 
7950a81fd000-7950a82f9000 rw-p 00000000 00:00 0 
7950a82f9000-7950a82fd000 ---p 00000000 00:00 0 
7950a82fd000-7950a83f9000 rw-p 00000000 00:00 0 
7950a83f9000-7950a83fd000 ---p 00000000 00:00 0 
7950a83fd000-7950a84f9000 rw-p 00000000 00:00 0 
7950a84f9000-7950a84fd000 ---p 00000000 00:00 0 
7950a84fd000-7950a85f9000 rw-p 00000000 00:00 0 
7950a85f9000-7950a85fd000 ---p 00000000 00:00 0 
7950a85fd000-7950a86f9000 rw-p 00000000 00:00 0 
7950a86f9000-7950a86fd000 ---p 00000000 00:00 0 
7950a86fd000-7950a87f9000 rw-p 00000000 00:00 0 
7950a87f9000-7950a87fa000 ---p 00000000 00:00 0 
7950a87fa000-7950a8ffa000 rw-p 00000000 00:00 0 
7950a8ffa000-7950a8ffb000 ---p 00000000 00:00 0 
7950a8ffb000-7950a97fb000 rw-p 00000000 00:00 0 
7950a97fb000-7950a97fc000 ---p 00000000 00:00 0 
7950a97fc000-7950a9ffc000 rw-p 00000000 00:00 0 
7950a9ffc000-7950a9ffd000 ---p 00000000 00:00 0 
7950a9ffd000-7950aa7fd000 rw-p 00000000 00:00 0 
7950aa7fd000-7950aa7fe000 ---p 00000000 00:00 0 
7950aa7fe000-7950aaffe000 rw-p 00000000 00:00 0 
7950aaffe000-7950aafff000 ---p 00000000 00:00 0 
7950aafff000-7950ab7ff000 rw-p 00000000 00:00 0 
7950ab7ff000-7950ab800000 ---p 00000000 00:00 0 
7950ab800000-7950ac000000 rw-p 00000000 00:00 0 
7950ac000000-7950ac0aa000 rw-p 00000000 00:00 0 
7950ac0aa000-7950b0000000 ---p 00000000 00:00 0 
7950b0000000-7950b0021000 rw-p 00000000 00:00 0 
7950b0021000-7950b4000000 ---p 00000000 00:00 0 
7950b4000000-7950b40b9000 rw-p 00000000 00:00 0 
7950b40b9000-7950b8000000 ---p 00000000 00:00 0 
7950b8000000-7950b8480000 rw-p 00000000 00:00 0 
7950b8480000-7950bc000000 ---p 00000000 00:00 0 
7950bc000000-7950bc151000 rw-p 00000000 00:00 0 
7950bc151000-7950c0000000 ---p 00000000 00:00 0 
7950c0000000-7950c0021000 rw-p 00000000 00:00 0 
7950c0021000-7950c4000000 ---p 00000000 00:00 0 
7950c4000000-7950c43e6000 rw-p 00000000 00:00 0 
7950c43e6000-7950c8000000 ---p 00000000 00:00 0 
7950c8000000-7950c813a000 rw-p 00000000 00:00 0 
7950c813a000-7950cc000000 ---p 00000000 00:00 0 
7950cc000000-7950cc001000 rw-s 00000000 00:01 8839                       /memfd:pipewire-memfd:flags=0x0000000f,type=2,size=2312 (deleted)
7950cc001000-7950cc002000 rw-s 00000000 00:01 11793                      /memfd:pipewire-memfd:flags=0x0000000f,type=2,size=2312 (deleted)
7950cc002000-7950cc003000 rw-s 00000000 00:01 8838                       /memfd:pipewire-memfd:flags=0x0000000f,type=2,size=4096 (deleted)
7950cc003000-7950cc004000 rw-s 00000000 00:01 1065                       /memfd:pipewire-memfd:flags=0x0000000f,type=2,size=2312 (deleted)
7950cc004000-7950cc005000 rw-s 00000000 00:01 8837                       /memfd:pipewire-memfd:flags=0x0000000f,type=2,size=2312 (deleted)
7950cc005000-7950cc006000 rw-s 00000000 00:01 14823                      /memfd:pipewire-memfd:flags=0x0000000f,type=2,size=2312 (deleted)
7950cc006000-7950cc007000 rw-s 00000000 00:01 13826                      /memfd:pipewire-memfd:flags=0x0000000f,type=2,size=4096 (deleted)
7950cc007000-7950cc008000 rw-s 00000000 00:01 1065                       /memfd:pipewire-memfd:flags=0x0000000f,type=2,size=2312 (deleted)
7950cc008000-7950cc009000 rw-s 00000000 00:01 13825                      /memfd:pipewire-memfd:flags=0x0000000f,type=2,size=2312 (deleted)
7950cc009000-7950cc00a000 rw-s 00000000 00:01 10852                      /memfd:pipewire-memfd:flags=0x0000000f,type=2,size=2312 (deleted)
7950cc00a000-7950cc00b000 rw-s 00000000 00:01 9856                       /memfd:pipewire-memfd:flags=0x0000000f,type=2,size=4096 (deleted)
7950cc00b000-7950cc014000 rw-s 00000000 00:01 10851                      /memfd:pipewire-memfd:flags=0x0000000f,type=2,size=32832 (deleted)
7950cc014000-7950cc01d000 rw-s 00000000 00:01 10850                      /memfd:pipewire-memfd:flags=0x0000000f,type=2,size=32832 (deleted)
7950cc01d000-7950cc01e000 rw-s 00000000 00:01 1065                       /memfd:pipewire-memfd:flags=0x0000000f,type=2,size=2312 (deleted)
7950cc01e000-7950cc01f000 rw-s 00000000 00:01 9855                       /memfd:pipewire-memfd:flags=0x0000000f,type=2,size=2312 (deleted)
7950cc01f000-7950cc020000 rw-s 00000000 00:01 13824                      /memfd:pipewire-memfd:flags=0x0000000f,type=2,size=2312 (deleted)
7950cc020000-7950cc021000 rw-s 00000000 00:01 15877                      /memfd:pipewire-memfd:flags=0x0000000f,type=2,size=4096 (deleted)
7950cc021000-7950cc02a000 rw-s 00000000 00:01 13823                      /memfd:pipewire-memfd:flags=0x0000000f,type=2,size=32832 (deleted)
7950cc02a000-7950cc033000 rw-s 00000000 00:01 13822                      /memfd:pipewire-memfd:flags=0x0000000f,type=2,size=32832 (deleted)
7950cc033000-7950cc034000 rw-s 00000000 00:01 1065                       /memfd:pipewire-memfd:flags=0x0000000f,type=2,size=2312 (deleted)
7950cc034000-7950cc035000 rw-s 00000000 00:01 15876                      /memfd:pipewire-memfd:flags=0x0000000f,type=2,size=2312 (deleted)
7950cc035000-7950cc036000 rw-s 00000000 00:01 9854                       /memfd:pipewire-memfd:flags=0x0000000f,type=2,size=2312 (deleted)
7950cc036000-7950cc037000 rw-s 00000000 00:01 15875                      /memfd:pipewire-memfd:flags=0x0000000f,type=2,size=4096 (deleted)
7950cc037000-7950cc040000 rw-s 00000000 00:01 10849                      /memfd:pipewire-memfd:flags=0x0000000f,type=2,size=32832 (deleted)
7950cc040000-7950cc049000 rw-s 00000000 00:01 10848                      /memfd:pipewire-memfd:flags=0x0000000f,type=2,size=32832 (deleted)
7950cc049000-7950cc04a000 rw-s 00000000 00:01 1065                       /memfd:pipewire-memfd:flags=0x0000000f,type=2,size=2312 (deleted)
7950cc04a000-7950cc04b000 rw-s 00000000 00:01 15874                      /memfd:pipewire-memfd:flags=0x0000000f,type=2,size=2312 (deleted)
7950cc04b000-7950cc04c000 rw-s 00000000 00:01 12786                      /memfd:pipewire-memfd:flags=0x0000000f,type=2,size=2312 (deleted)
7950cc04c000-7950cc04d000 rw-s 00000000 00:01 8834                       /memfd:pipewire-memfd:flags=0x0000000f,type=2,size=4096 (deleted)
7950cc04d000-7950cc056000 rw-s 00000000 00:01 14822                      /memfd:pipewire-memfd:flags=0x0000000f,type=2,size=32832 (deleted)
7950cc056000-7950cc05f000 rw-s 00000000 00:01 14821                      /memfd:pipewire-memfd:flags=0x0000000f,type=2,size=32832 (deleted)
7950cc05f000-7950cc060000 rw-s 00000000 00:01 1065                       /memfd:pipewire-memfd:flags=0x0000000f,type=2,size=2312 (deleted)
7950cc060000-7950cc061000 rw-s 00000000 00:01 8833                       /memfd:pipewire-memfd:flags=0x0000000f,type=2,size=2312 (deleted)
7950cc061000-7950cc062000 rw-s 00000000 00:01 15873                      /memfd:pipewire-memfd:flags=0x0000000f,type=2,size=2312 (deleted)
7950cc062000-7950cc063000 rw-s 00000000 00:01 12785                      /memfd:pipewire-memfd:flags=0x0000000f,type=2,size=4096 (deleted)
7950cc063000-7950cc06c000 rw-s 00000000 00:01 13821                      /memfd:pipewire-memfd:flags=0x0000000f,type=2,size=32832 (deleted)
7950cc06c000-7950cc075000 rw-s 00000000 00:01 13820                      /memfd:pipewire-memfd:flags=0x0000000f,type=2,size=32832 (deleted)
7950cc075000-7950cc076000 rw-s 00000000 00:01 1065                       /memfd:pipewire-memfd:flags=0x0000000f,type=2,size=2312 (deleted)
7950cc076000-7950cc077000 rw-s 00000000 00:01 9853                       /memfd:pipewire-memfd:flags=0x0000000f,type=2,size=2312 (deleted)
7950cc077000-7950cc078000 rw-s 00000000 00:01 15872                      /memfd:pipewire-memfd:flags=0x0000000f,type=2,size=2312 (deleted)
7950cc078000-7950cc079000 rw-s 00000000 00:01 9850                       /memfd:pipewire-memfd:flags=0x0000000f,type=2,size=4096 (deleted)
7950cc079000-7950cc082000 rw-s 00000000 00:01 9852                       /memfd:pipewire-memfd:flags=0x0000000f,type=2,size=32832 (deleted)
7950cc082000-7950cc08b000 rw-s 00000000 00:01 9851                       /memfd:pipewire-memfd:flags=0x0000000f,type=2,size=32832 (deleted)
7950cc08b000-7950cc08c000 rw-s 00000000 00:01 1065                       /memfd:pipewire-memfd:flags=0x0000000f,type=2,size=2312 (deleted)
7950cc08c000-7950cc08d000 rw-s 00000000 00:01 9849                       /memfd:pipewire-memfd:flags=0x0000000f,type=2,size=2312 (deleted)
7950cc08d000-7950cc08e000 rw-s 00000000 00:01 10847                      /memfd:pipewire-memfd:flags=0x0000000f,type=2,size=2312 (deleted)
7950cc08e000-7950cc08f000 rw-s 00000000 00:01 14820                      /memfd:pipewire-memfd:flags=0x0000000f,type=2,size=4096 (deleted)
7950cc08f000-7950cc098000 rw-s 00000000 00:01 12784                      /memfd:pipewire-memfd:flags=0x0000000f,type=2,size=32832 (deleted)
7950cc098000-7950cc0a1000 rw-s 00000000 00:01 12783                      /memfd:pipewire-memfd:flags=0x0000000f,type=2,size=32832 (deleted)
7950cc0a1000-7950cc0a2000 rw-s 00000000 00:01 1065                       /memfd:pipewire-memfd:flags=0x0000000f,type=2,size=2312 (deleted)
7950cc0a2000-7950cc0a3000 rw-s 00000000 00:01 14819                      /memfd:pipewire-memfd:flags=0x0000000f,type=2,size=2312 (deleted)
7950cc0a3000-7950cc0a4000 rw-s 00000000 00:01 9848                       /memfd:pipewire-memfd:flags=0x0000000f,type=2,size=2312 (deleted)
7950cc0a4000-7950cc0a5000 rw-s 00000000 00:01 9847                       /memfd:pipewire-memfd:flags=0x0000000f,type=2,size=4096 (deleted)
7950cc0a5000-7950cc0ae000 rw-s 00000000 00:01 11792                      /memfd:pipewire-memfd:flags=0x0000000f,type=2,size=32832 (deleted)
7950cc0ae000-7950cc0b7000 rw-s 00000000 00:01 11791                      /memfd:pipewire-memfd:flags=0x0000000f,type=2,size=32832 (deleted)
7950cc0b7000-7950cc0b8000 rw-s 00000000 00:01 1065                       /memfd:pipewire-memfd:flags=0x0000000f,type=2,size=2312 (deleted)
7950cc0b8000-7950cc0b9000 rw-s 00000000 00:01 9846                       /memfd:pipewire-memfd:flags=0x0000000f,type=2,size=2312 (deleted)
7950cc0b9000-7950cc0ba000 rw-s 00000000 00:01 12782                      /memfd:pipewire-memfd:flags=0x0000000f,type=2,size=2312 (deleted)
7950cc0ba000-7950cc0bb000 rw-s 00000000 00:01 11790                      /memfd:pipewire-memfd:flags=0x0000000f,type=2,size=4096 (deleted)
7950cc0bb000-7950cc0c4000 rw-s 00000000 00:01 14818                      /memfd:pipewire-memfd:flags=0x0000000f,type=2,size=32832 (deleted)
7950cc0c4000-7950cc0cd000 rw-s 00000000 00:01 14817                      /memfd:pipewire-memfd:flags=0x0000000f,type=2,size=32832 (deleted)
7950cc0cd000-7950cc0ce000 rw-s 00000000 00:01 1065                       /memfd:pipewire-memfd:flags=0x0000000f,type=2,size=2312 (deleted)
7950cc0ce000-7950cc0cf000 rw-s 00000000 00:01 11789                      /memfd:pipewire-memfd:flags=0x0000000f,type=2,size=2312 (deleted)
7950cc0cf000-7950cc0d0000 rw-s 00000000 00:01 12781                      /memfd:pipewire-memfd:flags=0x0000000f,type=2,size=2312 (deleted)
7950cc0d0000-7950cc0d1000 rw-s 00000000 00:01 8830                       /memfd:pipewire-memfd:flags=0x0000000f,type=2,size=4096 (deleted)
7950cc0d1000-7950cc0da000 rw-s 00000000 00:01 8832                       /memfd:pipewire-memfd:flags=0x0000000f,type=2,size=32832 (deleted)
7950cc0da000-7950cc0e3000 rw-s 00000000 00:01 8831                       /memfd:pipewire-memfd:flags=0x0000000f,type=2,size=32832 (deleted)
7950cc0e3000-7950cc0e4000 rw-s 00000000 00:01 1065                       /memfd:pipewire-memfd:flags=0x0000000f,type=2,size=2312 (deleted)
7950cc0e4000-7950cc0e5000 rw-s 00000000 00:01 8829                       /memfd:pipewire-memfd:flags=0x0000000f,type=2,size=2312 (deleted)
7950cc0e5000-7950cc0e6000 rw-s 00000000 00:01 11788                      /memfd:pipewire-memfd:flags=0x0000000f,type=2,size=4096 (deleted)
7950cc0e6000-7950cc0ef000 rw-s 00000000 00:01 12780                      /memfd:pipewire-memfd:flags=0x0000000f,type=2,size=32832 (deleted)
7950cc0ef000-7950cc0f8000 rw-s 00000000 00:01 12779                      /memfd:pipewire-memfd:flags=0x0000000f,type=2,size=32832 (deleted)
7950cc0f8000-7950cc0f9000 rw-s 00000000 00:01 1065                       /memfd:pipewire-memfd:flags=0x0000000f,type=2,size=2312 (deleted)
7950cc0f9000-7950cc0fd000 ---p 00000000 00:00 0 
7950cc0fd000-7950cc1f9000 rw-p 00000000 00:00 0 
7950cc1f9000-7950cc1fd000 ---p 00000000 00:00 0 
7950cc1fd000-7950cc2f9000 rw-p 00000000 00:00 0 
7950cc2f9000-7950cc2fd000 ---p 00000000 00:00 0 
7950cc2fd000-7950cc3f9000 rw-p 00000000 00:00 0 
7950cc3f9000-7950cc3fd000 ---p 00000000 00:00 0 
7950cc3fd000-7950cc4f9000 rw-p 00000000 00:00 0 
7950cc4f9000-7950cc4fd000 ---p 00000000 00:00 0 
7950cc4fd000-7950cc5f9000 rw-p 00000000 00:00 0 
7950cc5f9000-7950cc5fd000 ---p 00000000 00:00 0 
7950cc5fd000-7950cc6f9000 rw-p 00000000 00:00 0 
7950cc6f9000-7950cc6fd000 ---p 00000000 00:00 0 
7950cc6fd000-7950cc7f9000 rw-p 00000000 00:00 0 
7950cc7f9000-7950cc7fa000 ---p 00000000 00:00 0 
7950cc7fa000-7950ccffa000 rw-p 00000000 00:00 0 
7950ccffa000-7950ccffb000 ---p 00000000 00:00 0 
7950ccffb000-7950cd7fb000 rw-p 00000000 00:00 0 
7950cd7fb000-7950cd7fc000 ---p 00000000 00:00 0 
7950cd7fc000-7950cdffc000 rw-p 00000000 00:00 0 
7950cdffc000-7950cdffd000 ---p 00000000 00:00 0 
7950cdffd000-7950ce7fd000 rw-p 00000000 00:00 0 
7950ce7fd000-7950ce7fe000 ---p 00000000 00:00 0 
7950ce7fe000-7950ceffe000 rw-p 00000000 00:00 0 
7950ceffe000-7950cefff000 ---p 00000000 00:00 0 
7950cefff000-7950cf7ff000 rw-p 00000000 00:00 0 
7950cf7ff000-7950cf800000 ---p 00000000 00:00 0 
7950cf800000-7950d0000000 rw-p 00000000 00:00 0 
7950d0000000-7950d00aa000 rw-p 00000000 00:00 0 
7950d00aa000-7950d4000000 ---p 00000000 00:00 0 
7950d4000000-7950d40b4000 rw-p 00000000 00:00 0 
7950d40b4000-7950d8000000 ---p 00000000 00:00 0 
7950d8000000-7950d8178000 rw-p 00000000 00:00 0 
7950d8178000-7950dc000000 ---p 00000000 00:00 0 
7950dc000000-7950dc92e000 rw-p 00000000 00:00 0 
7950dc92e000-7950e0000000 ---p 00000000 00:00 0 
7950e0000000-7950e00aa000 rw-p 00000000 00:00 0 
7950e00aa000-7950e4000000 ---p 00000000 00:00 0 
7950e4000000-7950e4021000 rw-p 00000000 00:00 0 
7950e4021000-7950e8000000 ---p 00000000 00:00 0 
7950e8000000-7950e848d000 rw-p 00000000 00:00 0 
7950e848d000-7950ec000000 ---p 00000000 00:00 0 
7950ec000000-7950ec141000 rw-p 00000000 00:00 0 
7950ec141000-7950f0000000 ---p 00000000 00:00 0 
7950f0000000-7950f0001000 rw-s 00000000 00:01 11787                      /memfd:pipewire-memfd:flags=0x0000000f,type=2,size=2312 (deleted)
7950f0001000-7950f0002000 rw-s 00000000 00:01 13819                      /memfd:pipewire-memfd:flags=0x0000000f,type=2,size=2312 (deleted)
7950f0002000-7950f0003000 rw-s 00000000 00:01 15871                      /memfd:pipewire-memfd:flags=0x0000000f,type=2,size=4096 (deleted)
7950f0003000-7950f000c000 rw-s 00000000 00:01 9844                       /memfd:pipewire-memfd:flags=0x0000000f,type=2,size=32832 (deleted)
7950f000c000-7950f0015000 rw-s 00000000 00:01 9843                       /memfd:pipewire-memfd:flags=0x0000000f,type=2,size=32832 (deleted)
7950f0015000-7950f0016000 rw-s 00000000 00:01 1065                       /memfd:pipewire-memfd:flags=0x0000000f,type=2,size=2312 (deleted)
7950f0016000-7950f0017000 rw-s 00000000 00:01 14816                      /memfd:pipewire-memfd:flags=0x0000000f,type=2,size=2312 (deleted)
7950f0017000-7950f0018000 rw-s 00000000 00:01 9842                       /memfd:pipewire-memfd:flags=0x0000000f,type=2,size=2312 (deleted)
7950f0018000-7950f0019000 rw-s 00000000 00:01 14815                      /memfd:pipewire-memfd:flags=0x0000000f,type=2,size=4096 (deleted)
7950f0019000-7950f0022000 rw-s 00000000 00:01 13818                      /memfd:pipewire-memfd:flags=0x0000000f,type=2,size=32832 (deleted)
7950f0022000-7950f002b000 rw-s 00000000 00:01 13817                      /memfd:pipewire-memfd:flags=0x0000000f,type=2,size=32832 (deleted)
7950f002b000-7950f002c000 rw-s 00000000 00:01 1065                       /memfd:pipewire-memfd:flags=0x0000000f,type=2,size=2312 (deleted)
7950f002c000-7950f002d000 rw-s 00000000 00:01 14814                      /memfd:pipewire-memfd:flags=0x0000000f,type=2,size=2312 (deleted)
7950f002d000-7950f002e000 rw-s 00000000 00:01 9841                       /memfd:pipewire-memfd:flags=0x0000000f,type=2,size=2312 (deleted)
7950f002e000-7950f002f000 rw-s 00000000 00:01 15868                      /memfd:pipewire-memfd:flags=0x0000000f,type=2,size=4096 (deleted)
7950f002f000-7950f0038000 rw-s 00000000 00:01 15870                      /memfd:pipewire-memfd:flags=0x0000000f,type=2,size=32832 (deleted)
7950f0038000-7950f0041000 rw-s 00000000 00:01 15869                      /memfd:pipewire-memfd:flags=0x0000000f,type=2,size=32832 (deleted)
7950f0041000-7950f0042000 rw-s 00000000 00:01 1065                       /memfd:pipewire-memfd:flags=0x0000000f,type=2,size=2312 (deleted)
7950f0042000-7950f0043000 rw-s 00000000 00:01 15867                      /memfd:pipewire-memfd:flags=0x0000000f,type=2,size=2312 (deleted)
7950f0043000-7950f0044000 rw-s 00000000 00:01 10846                      /memfd:pipewire-memfd:flags=0x0000000f,type=2,size=2312 (deleted)
7950f0044000-7950f0045000 rw-s 00000000 00:01 9840                       /memfd:pipewire-memfd:flags=0x0000000f,type=2,size=4096 (deleted)
7950f0045000-7950f004e000 rw-s 00000000 00:01 12778                      /memfd:pipewire-memfd:flags=0x0000000f,type=2,size=32832 (deleted)
7950f004e000-7950f0057000 rw-s 00000000 00:01 12777                      /memfd:pipewire-memfd:flags=0x0000000f,type=2,size=32832 (deleted)
7950f0057000-7950f0058000 rw-s 00000000 00:01 1065                       /memfd:pipewire-memfd:flags=0x0000000f,type=2,size=2312 (deleted)
7950f0058000-7950f0059000 rw-s 00000000 00:01 9839                       /memfd:pipewire-memfd:flags=0x0000000f,type=2,size=2312 (deleted)
7950f0059000-7950f005a000 rw-s 00000000 00:01 10845                      /memfd:pipewire-memfd:flags=0x0000000f,type=2,size=2312 (deleted)
7950f005a000-7950f005b000 rw-s 00000000 00:01 12776                      /memfd:pipewire-memfd:flags=0x0000000f,type=2,size=4096 (deleted)
7950f005b000-7950f0064000 rw-s 00000000 00:01 15866                      /memfd:pipewire-memfd:flags=0x0000000f,type=2,size=32832 (deleted)
7950f0064000-7950f006d000 rw-s 00000000 00:01 15865                      /memfd:pipewire-memfd:flags=0x0000000f,type=2,size=32832 (deleted)
7950f006d000-7950f006e000 rw-s 00000000 00:01 1065                       /memfd:pipewire-memfd:flags=0x0000000f,type=2,size=2312 (deleted)
7950f006e000-7950f006f000 rw-s 00000000 00:01 12775                      /memfd:pipewire-memfd:flags=0x0000000f,type=2,size=2312 (deleted)
7950f006f000-7950f0070000 rw-s 00000000 00:01 8828                       /memfd:pipewire-memfd:flags=0x0000000f,type=2,size=2312 (deleted)
7950f0070000-7950f0071000 rw-s 00000000 00:01 9838                       /memfd:pipewire-memfd:flags=0x0000000f,type=2,size=4096 (deleted)
7950f0071000-7950f007a000 rw-s 00000000 00:01 11786                      /memfd:pipewire-memfd:flags=0x0000000f,type=2,size=32832 (deleted)
7950f007a000-7950f0083000 rw-s 00000000 00:01 11785                      /memfd:pipewire-memfd:flags=0x0000000f,type=2,size=32832 (deleted)
7950f0083000-7950f0084000 rw-s 00000000 00:01 1065                       /memfd:pipewire-memfd:flags=0x0000000f,type=2,size=2312 (deleted)
7950f0084000-7950f0085000 rw-s 00000000 00:01 9837                       /memfd:pipewire-memfd:flags=0x0000000f,type=2,size=2312 (deleted)
7950f0085000-7950f0086000 rw-s 00000000 00:01 8827                       /memfd:pipewire-memfd:flags=0x0000000f,type=2,size=2312 (deleted)
7950f0086000-7950f0087000 rw-s 00000000 00:01 9845                       /memfd:pipewire-memfd:flags=0x0000000f,type=2,size=2312 (deleted)
7950f0087000-7950f0090000 rw-s 00000000 00:01 9836                       /memfd:pipewire-memfd:flags=0x0000000f,type=2,size=32832 (deleted)
7950f0090000-7950f0099000 rw-s 00000000 00:01 9835                       /memfd:pipewire-memfd:flags=0x0000000f,type=2,size=32832 (deleted)
7950f0099000-7950f009a000 rw-s 00000000 00:01 1065                       /memfd:pipewire-memfd:flags=0x0000000f,type=2,size=2312 (deleted)
7950f009a000-7950f009b000 rw-s 00000000 00:01 9833                       /memfd:pipewire-memfd:flags=0x0000000f,type=2,size=2312 (deleted)
7950f009b000-7950f009c000 rw-s 00000000 00:01 12774                      /memfd:pipewire-memfd:flags=0x0000000f,type=2,size=2312 (deleted)
7950f009c000-7950f009d000 rw-s 00000000 00:01 11782                      /memfd:pipewire-memfd:flags=0x0000000f,type=2,size=4096 (deleted)
7950f009d000-7950f00a6000 rw-s 00000000 00:01 11784                      /memfd:pipewire-memfd:flags=0x0000000f,type=2,size=32832 (deleted)
7950f00a6000-7950f00af000 rw-s 00000000 00:01 11783                      /memfd:pipewire-memfd:flags=0x0000000f,type=2,size=32832 (deleted)
7950f00af000-7950f00b0000 rw-s 00000000 00:01 1065                       /memfd:pipewire-memfd:flags=0x0000000f,type=2,size=2312 (deleted)
7950f00b0000-7950f00b1000 rw-s 00000000 00:01 11781                      /memfd:pipewire-memfd:flags=0x0000000f,type=2,size=2312 (deleted)
7950f00b1000-7950f00b2000 rw-s 00000000 00:01 8826                       /memfd:pipewire-memfd:flags=0x0000000f,type=2,size=2312 (deleted)
7950f00b2000-7950f00b3000 rw-s 00000000 00:01 9830                       /memfd:pipewire-memfd:flags=0x0000000f,type=2,size=4096 (deleted)
7950f00b3000-7950f00bc000 rw-s 00000000 00:01 9832                       /memfd:pipewire-memfd:flags=0x0000000f,type=2,size=32832 (deleted)
7950f00bc000-7950f00c5000 rw-s 00000000 00:01 9831                       /memfd:pipewire-memfd:flags=0x0000000f,type=2,size=32832 (deleted)
7950f00c5000-7950f00c6000 rw-s 00000000 00:01 1065                       /memfd:pipewire-memfd:flags=0x0000000f,type=2,size=2312 (deleted)
7950f00c6000-7950f00c7000 rw-s 00000000 00:01 9829                       /memfd:pipewire-memfd:flags=0x0000000f,type=2,size=2312 (deleted)
7950f00c7000-7950f00c8000 rw-s 00000000 00:01 8825                       /memfd:pipewire-memfd:flags=0x0000000f,type=2,size=2312 (deleted)
7950f00c8000-7950f00c9000 rw-s 00000000 00:01 12771                      /memfd:pipewire-memfd:flags=0x0000000f,type=2,size=4096 (deleted)
7950f00c9000-7950f00d2000 rw-s 00000000 00:01 12773                      /memfd:pipewire-memfd:flags=0x0000000f,type=2,size=32832 (deleted)
7950f00d2000-7950f00db000 rw-s 00000000 00:01 12772                      /memfd:pipewire-memfd:flags=0x0000000f,type=2,size=32832 (deleted)
7950f00db000-7950f00dc000 rw-s 00000000 00:01 1065                       /memfd:pipewire-memfd:flags=0x0000000f,type=2,size=2312 (deleted)
7950f00dc000-7950f00dd000 rw-s 00000000 00:01 12770                      /memfd:pipewire-memfd:flags=0x0000000f,type=2,size=2312 (deleted)
7950f00dd000-7950f00de000 rw-s 00000000 00:01 9828                       /memfd:pipewire-memfd:flags=0x0000000f,type=2,size=2312 (deleted)
7950f00de000-7950f00e7000 rw-s 00000000 00:01 12769                      /memfd:pipewire-memfd:flags=0x0000000f,type=2,size=32832 (deleted)
7950f00e7000-7950f00f0000 rw-s 00000000 00:01 12768                      /memfd:pipewire-memfd:flags=0x0000000f,type=2,size=32832 (deleted)
7950f00f0000-7950f00f9000 rw-s 00000000 00:01 10843                      /memfd:pipewire-memfd:flags=0x0000000f,type=2,size=32832 (deleted)
7950f00f9000-7950f00fd000 ---p 00000000 00:00 0 
7950f00fd000-7950f01f9000 rw-p 00000000 00:00 0 
7950f01f9000-7950f01fd000 ---p 00000000 00:00 0 
7950f01fd000-7950f02f9000 rw-p 00000000 00:00 0 
7950f02f9000-7950f02fd000 ---p 00000000 00:00 0 
7950f02fd000-7950f03f9000 rw-p 00000000 00:00 0 
7950f03f9000-7950f03fd000 ---p 00000000 00:00 0 
7950f03fd000-7950f04f9000 rw-p 00000000 00:00 0 
7950f04f9000-7950f04fd000 ---p 00000000 00:00 0 
7950f04fd000-7950f05f9000 rw-p 00000000 00:00 0 
7950f05f9000-7950f05fd000 ---p 00000000 00:00 0 
7950f05fd000-7950f06f9000 rw-p 00000000 00:00 0 
7950f06f9000-7950f06fd000 ---p 00000000 00:00 0 
7950f06fd000-7950f07f9000 rw-p 00000000 00:00 0 
7950f07f9000-7950f07fa000 ---p 00000000 00:00 0 
7950f07fa000-7950f0ffa000 rw-p 00000000 00:00 0 
7950f0ffa000-7950f0ffb000 ---p 00000000 00:00 0 
7950f0ffb000-7950f17fb000 rw-p 00000000 00:00 0 
7950f17fb000-7950f17fc000 ---p 00000000 00:00 0 
7950f17fc000-7950f1ffc000 rw-p 00000000 00:00 0 
7950f1ffc000-7950f1ffd000 ---p 00000000 00:00 0 
7950f1ffd000-7950f27fd000 rw-p 00000000 00:00 0 
7950f27fd000-7950f27fe000 ---p 00000000 00:00 0 
7950f27fe000-7950f2ffe000 rw-p 00000000 00:00 0 
7950f2ffe000-7950f2fff000 ---p 00000000 00:00 0 
7950f2fff000-7950f37ff000 rw-p 00000000 00:00 0 
7950f37ff000-7950f3800000 ---p 00000000 00:00 0 
7950f3800000-7950f4000000 rw-p 00000000 00:00 0 
7950f4000000-7950f4151000 rw-p 00000000 00:00 0 
7950f4151000-7950f8000000 ---p 00000000 00:00 0 
7950f8000000-7950f8030000 rw-p 00000000 00:00 0 
7950f8030000-7950fc000000 ---p 00000000 00:00 0 
7950fc000000-7950fc9d6000 rw-p 00000000 00:00 0 
7950fc9d6000-795100000000 ---p 00000000 00:00 0 
795100000000-7951003d3000 rw-p 00000000 00:00 0 
7951003d3000-795104000000 ---p 00000000 00:00 0 
795104000000-7951040b9000 rw-p 00000000 00:00 0 
7951040b9000-795108000000 ---p 00000000 00:00 0 
795108000000-79510bff1000 rw-p 00000000 00:00 0 
79510bff1000-79510c000000 ---p 00000000 00:00 0 
79510c000000-79510c001000 rw-s 00000000 00:01 12767                      /memfd:pipewire-memfd:flags=0x0000000f,type=2,size=4096 (deleted)
79510c001000-79510c002000 rw-s 00000000 00:01 1065                       /memfd:pipewire-memfd:flags=0x0000000f,type=2,size=2312 (deleted)
79510c002000-79510c003000 rw-s 00000000 00:01 12766                      /memfd:pipewire-memfd:flags=0x0000000f,type=2,size=2312 (deleted)
79510c003000-79510c004000 rw-s 00000000 00:01 10844                      /memfd:pipewire-memfd:flags=0x0000000f,type=2,size=2312 (deleted)
79510c004000-79510c005000 rw-s 00000000 00:01 12765                      /memfd:pipewire-memfd:flags=0x0000000f,type=2,size=4096 (deleted)
79510c005000-79510c00e000 rw-s 00000000 00:01 10842                      /memfd:pipewire-memfd:flags=0x0000000f,type=2,size=32832 (deleted)
79510c00e000-79510c00f000 rw-s 00000000 00:01 1065                       /memfd:pipewire-memfd:flags=0x0000000f,type=2,size=2312 (deleted)
79510c00f000-79510c010000 rw-s 00000000 00:01 12764                      /memfd:pipewire-memfd:flags=0x0000000f,type=2,size=2312 (deleted)
79510c010000-79510c011000 rw-s 00000000 00:01 10841                      /memfd:pipewire-memfd:flags=0x0000000f,type=2,size=2312 (deleted)
79510c011000-79510c012000 r-xp 00000000 103:05 2767882                   /home/alexender19/.jdks/openjdk-26.0.1/lib/libsyslookup.so
79510c012000-79510c013000 r--p 00000000 103:05 2767882                   /home/alexender19/.jdks/openjdk-26.0.1/lib/libsyslookup.so
79510c013000-79510c014000 rw-p 00001000 103:05 2767882                   /home/alexender19/.jdks/openjdk-26.0.1/lib/libsyslookup.so
79510c014000-79510c015000 rw-s 00000000 00:01 8822                       /memfd:pipewire-memfd:flags=0x0000000f,type=2,size=4096 (deleted)
79510c015000-79510c01e000 rw-s 00000000 00:01 8824                       /memfd:pipewire-memfd:flags=0x0000000f,type=2,size=32832 (deleted)
79510c01e000-79510c027000 rw-s 00000000 00:01 8823                       /memfd:pipewire-memfd:flags=0x0000000f,type=2,size=32832 (deleted)
79510c027000-79510c028000 rw-s 00000000 00:01 1065                       /memfd:pipewire-memfd:flags=0x0000000f,type=2,size=2312 (deleted)
79510c028000-79510c029000 rw-s 00000000 00:01 8821                       /memfd:pipewire-memfd:flags=0x0000000f,type=2,size=2312 (deleted)
79510c029000-79510c02a000 rw-s 00000000 00:01 11780                      /memfd:pipewire-memfd:flags=0x0000000f,type=2,size=4096 (deleted)
79510c02a000-79510c033000 rw-s 00000000 00:01 8820                       /memfd:pipewire-memfd:flags=0x0000000f,type=2,size=32832 (deleted)
79510c033000-79510c03c000 rw-s 00000000 00:01 8819                       /memfd:pipewire-memfd:flags=0x0000000f,type=2,size=32832 (deleted)
79510c03c000-79510c03d000 rw-s 00000000 00:01 1065                       /memfd:pipewire-memfd:flags=0x0000000f,type=2,size=2312 (deleted)
79510c03d000-79510c03e000 rw-s 00000000 00:01 11779                      /memfd:pipewire-memfd:flags=0x0000000f,type=2,size=2312 (deleted)
79510c03e000-79510c03f000 rw-s 00000000 00:01 14813                      /memfd:pipewire-memfd:flags=0x0000000f,type=2,size=2312 (deleted)
79510c03f000-79510c040000 rw-s 00000000 00:01 15863                      /memfd:pipewire-memfd:flags=0x0000000f,type=2,size=4096 (deleted)
79510c040000-79510c049000 rw-s 00000000 00:01 9827                       /memfd:pipewire-memfd:flags=0x0000000f,type=2,size=32832 (deleted)
79510c049000-79510c052000 rw-s 00000000 00:01 9826                       /memfd:pipewire-memfd:flags=0x0000000f,type=2,size=32832 (deleted)
79510c052000-79510c053000 rw-s 00000000 00:01 1065                       /memfd:pipewire-memfd:flags=0x0000000f,type=2,size=2312 (deleted)
79510c053000-79510c054000 rw-s 00000000 00:01 15862                      /memfd:pipewire-memfd:flags=0x0000000f,type=2,size=2312 (deleted)
79510c054000-79510c055000 rw-s 00000000 00:01 8818                       /memfd:pipewire-memfd:flags=0x0000000f,type=2,size=2312 (deleted)
79510c055000-79510c056000 rw-s 00000000 00:01 10838                      /memfd:pipewire-memfd:flags=0x0000000f,type=2,size=4096 (deleted)
79510c056000-79510c05f000 rw-s 00000000 00:01 10840                      /memfd:pipewire-memfd:flags=0x0000000f,type=2,size=32832 (deleted)
79510c05f000-79510c068000 rw-s 00000000 00:01 10839                      /memfd:pipewire-memfd:flags=0x0000000f,type=2,size=32832 (deleted)
79510c068000-79510c069000 rw-s 00000000 00:01 1065                       /memfd:pipewire-memfd:flags=0x0000000f,type=2,size=2312 (deleted)
79510c069000-79510c06a000 rw-s 00000000 00:01 10837                      /memfd:pipewire-memfd:flags=0x0000000f,type=2,size=2312 (deleted)
79510c06a000-79510c06b000 rw-s 00000000 00:01 15861                      /memfd:pipewire-memfd:flags=0x0000000f,type=2,size=2312 (deleted)
79510c06b000-79510c06c000 rw-s 00000000 00:01 8815                       /memfd:pipewire-memfd:flags=0x0000000f,type=2,size=4096 (deleted)
79510c06c000-79510c075000 rw-s 00000000 00:01 8817                       /memfd:pipewire-memfd:flags=0x0000000f,type=2,size=32832 (deleted)
79510c075000-79510c07e000 rw-s 00000000 00:01 8816                       /memfd:pipewire-memfd:flags=0x0000000f,type=2,size=32832 (deleted)
79510c07e000-79510c07f000 rw-s 00000000 00:01 1065                       /memfd:pipewire-memfd:flags=0x0000000f,type=2,size=2312 (deleted)
79510c07f000-79510c080000 rw-s 00000000 00:01 8814                       /memfd:pipewire-memfd:flags=0x0000000f,type=2,size=2312 (deleted)
79510c080000-79510c081000 rw-s 00000000 00:01 9825                       /memfd:pipewire-memfd:flags=0x0000000f,type=2,size=2312 (deleted)
79510c081000-79510c082000 rw-s 00000000 00:01 10836                      /memfd:pipewire-memfd:flags=0x0000000f,type=2,size=4096 (deleted)
79510c082000-79510c08b000 rw-s 00000000 00:01 14812                      /memfd:pipewire-memfd:flags=0x0000000f,type=2,size=32832 (deleted)
79510c08b000-79510c094000 rw-s 00000000 00:01 14811                      /memfd:pipewire-memfd:flags=0x0000000f,type=2,size=32832 (deleted)
79510c094000-79510c095000 rw-s 00000000 00:01 1065                       /memfd:pipewire-memfd:flags=0x0000000f,type=2,size=2312 (deleted)
79510c095000-79510c096000 rw-s 00000000 00:01 10835                      /memfd:pipewire-memfd:flags=0x0000000f,type=2,size=2312 (deleted)
79510c096000-79510c097000 rw-s 00000000 00:01 15860                      /memfd:pipewire-memfd:flags=0x0000000f,type=2,size=2312 (deleted)
79510c097000-79510c098000 rw-s 00000000 00:01 14808                      /memfd:pipewire-memfd:flags=0x0000000f,type=2,size=4096 (deleted)
79510c098000-79510c0a1000 rw-s 00000000 00:01 14810                      /memfd:pipewire-memfd:flags=0x0000000f,type=2,size=32832 (deleted)
79510c0a1000-79510c0aa000 rw-s 00000000 00:01 14809                      /memfd:pipewire-memfd:flags=0x0000000f,type=2,size=32832 (deleted)
79510c0aa000-79510c0ab000 rw-s 00000000 00:01 1065                       /memfd:pipewire-memfd:flags=0x0000000f,type=2,size=2312 (deleted)
79510c0ab000-79510c0ac000 rw-s 00000000 00:01 14807                      /memfd:pipewire-memfd:flags=0x0000000f,type=2,size=2312 (deleted)
79510c0ac000-79510c0ad000 rw-s 00000000 00:01 12763                      /memfd:pipewire-memfd:flags=0x0000000f,type=2,size=2312 (deleted)
79510c0ad000-79510c0ae000 rw-s 00000000 00:01 11776                      /memfd:pipewire-memfd:flags=0x0000000f,type=2,size=4096 (deleted)
79510c0ae000-79510c0b7000 rw-s 00000000 00:01 11778                      /memfd:pipewire-memfd:flags=0x0000000f,type=2,size=32832 (deleted)
79510c0b7000-79510c0c0000 rw-s 00000000 00:01 11777                      /memfd:pipewire-memfd:flags=0x0000000f,type=2,size=32832 (deleted)
79510c0c0000-79510c0c1000 rw-s 00000000 00:01 1065                       /memfd:pipewire-memfd:flags=0x0000000f,type=2,size=2312 (deleted)
79510c0c1000-79510c0c2000 rw-s 00000000 00:01 11775                      /memfd:pipewire-memfd:flags=0x0000000f,type=2,size=2312 (deleted)
79510c0c2000-79510c0c3000 rw-s 00000000 00:01 9824                       /memfd:pipewire-memfd:flags=0x0000000f,type=2,size=2312 (deleted)
79510c0c3000-79510c0c4000 rw-s 00000000 00:01 11774                      /memfd:pipewire-memfd:flags=0x0000000f,type=2,size=4096 (deleted)
79510c0c4000-79510c0cd000 rw-s 00000000 00:01 9823                       /memfd:pipewire-memfd:flags=0x0000000f,type=2,size=32832 (deleted)
79510c0cd000-79510c0d6000 rw-s 00000000 00:01 9822                       /memfd:pipewire-memfd:flags=0x0000000f,type=2,size=32832 (deleted)
79510c0d6000-79510c0d7000 rw-s 00000000 00:01 1065                       /memfd:pipewire-memfd:flags=0x0000000f,type=2,size=2312 (deleted)
79510c0d7000-79510c0d8000 rw-s 00000000 00:01 11773                      /memfd:pipewire-memfd:flags=0x0000000f,type=2,size=2312 (deleted)
79510c0d8000-79510c0d9000 rw-s 00000000 00:01 13816                      /memfd:pipewire-memfd:flags=0x0000000f,type=2,size=2312 (deleted)
79510c0d9000-79510c0da000 rw-s 00000000 00:01 15859                      /memfd:pipewire-memfd:flags=0x0000000f,type=2,size=4096 (deleted)
79510c0da000-79510c0e3000 rw-s 00000000 00:01 8813                       /memfd:pipewire-memfd:flags=0x0000000f,type=2,size=32832 (deleted)
79510c0e3000-79510c0ec000 rw-s 00000000 00:01 8812                       /memfd:pipewire-memfd:flags=0x0000000f,type=2,size=32832 (deleted)
79510c0ec000-79510c0ed000 rw-s 00000000 00:01 1065                       /memfd:pipewire-memfd:flags=0x0000000f,type=2,size=2312 (deleted)
79510c0ed000-79510c0ee000 rw-s 00000000 00:01 15858                      /memfd:pipewire-memfd:flags=0x0000000f,type=2,size=2312 (deleted)
79510c0ee000-79510c0ef000 rw-s 00000000 00:01 12762                      /memfd:pipewire-memfd:flags=0x0000000f,type=2,size=2312 (deleted)
79510c0ef000-79510c0f0000 rw-s 00000000 00:01 15857                      /memfd:pipewire-memfd:flags=0x0000000f,type=2,size=4096 (deleted)
79510c0f0000-79510c0f9000 rw-s 00000000 00:01 8811                       /memfd:pipewire-memfd:flags=0x0000000f,type=2,size=32832 (deleted)
79510c0f9000-79510c0fd000 ---p 00000000 00:00 0 
79510c0fd000-79510c1f9000 rw-p 00000000 00:00 0 
79510c1f9000-79510c1fd000 ---p 00000000 00:00 0 
79510c1fd000-79510c2f9000 rw-p 00000000 00:00 0 
79510c2f9000-79510c2fd000 ---p 00000000 00:00 0 
79510c2fd000-79510c3f9000 rw-p 00000000 00:00 0 
79510c3f9000-79510c3fd000 ---p 00000000 00:00 0 
79510c3fd000-79510c4f9000 rw-p 00000000 00:00 0 
79510c4f9000-79510c4fd000 ---p 00000000 00:00 0 
79510c4fd000-79510c5f9000 rw-p 00000000 00:00 0 
79510c5f9000-79510c5fd000 ---p 00000000 00:00 0 
79510c5fd000-79510c6f9000 rw-p 00000000 00:00 0 
79510c6f9000-79510c6fd000 ---p 00000000 00:00 0 
79510c6fd000-79510c7f9000 rw-p 00000000 00:00 0 
79510c7f9000-79510c7fa000 ---p 00000000 00:00 0 
79510c7fa000-79510cffa000 rw-p 00000000 00:00 0 
79510cffa000-79510cffb000 ---p 00000000 00:00 0 
79510cffb000-79510d7fb000 rw-p 00000000 00:00 0 
79510d7fb000-79510d7fc000 ---p 00000000 00:00 0 
79510d7fc000-79510dffc000 rw-p 00000000 00:00 0 
79510dffc000-79510dffd000 ---p 00000000 00:00 0 
79510dffd000-79510e7fd000 rw-p 00000000 00:00 0 
79510e7fd000-79510e7fe000 ---p 00000000 00:00 0 
79510e7fe000-79510effe000 rw-p 00000000 00:00 0 
79510effe000-79510efff000 ---p 00000000 00:00 0 
79510efff000-79510f7ff000 rw-p 00000000 00:00 0 
79510f7ff000-79510f800000 ---p 00000000 00:00 0 
79510f800000-795110000000 rw-p 00000000 00:00 0 
795110000000-795110141000 rw-p 00000000 00:00 0 
795110141000-795114000000 ---p 00000000 00:00 0 
795114000000-79511554b000 rw-p 00000000 00:00 0 
79511554b000-795118000000 ---p 00000000 00:00 0 
795118000000-7951180a4000 rw-p 00000000 00:00 0 
7951180a4000-79511c000000 ---p 00000000 00:00 0 
79511c000000-79511c030000 rw-p 00000000 00:00 0 
79511c030000-795120000000 ---p 00000000 00:00 0 
795120000000-795120144000 rw-p 00000000 00:00 0 
795120144000-795124000000 ---p 00000000 00:00 0 
795124000000-7951243ff000 rw-p 00000000 00:00 0 
7951243ff000-795128000000 ---p 00000000 00:00 0 
795128000000-7951280ad000 rw-p 00000000 00:00 0 
7951280ad000-79512c000000 ---p 00000000 00:00 0 
79512c000000-79512c098000 rw-p 00000000 00:00 0 
79512c098000-795130000000 ---p 00000000 00:00 0 
795130000000-795130143000 rw-p 00000000 00:00 0 
795130143000-795134000000 ---p 00000000 00:00 0 
795134000000-79513461b000 rw-p 00000000 00:00 0 
79513461b000-795138000000 ---p 00000000 00:00 0 
795138000000-7951380b0000 rw-p 00000000 00:00 0 
7951380b0000-79513c000000 ---p 00000000 00:00 0 
79513c000000-79513c021000 rw-p 00000000 00:00 0 
79513c021000-795140000000 ---p 00000000 00:00 0 
795140000000-7951400b5000 rw-p 00000000 00:00 0 
7951400b5000-795144000000 ---p 00000000 00:00 0 
795144000000-795144db6000 rw-p 00000000 00:00 0 
795144db6000-795148000000 ---p 00000000 00:00 0 
795148000000-7951480b4000 rw-p 00000000 00:00 0 
7951480b4000-79514c000000 ---p 00000000 00:00 0 
79514c000000-79514c021000 rw-p 00000000 00:00 0 
79514c021000-795150000000 ---p 00000000 00:00 0 
795150000000-79515013b000 rw-p 00000000 00:00 0 
79515013b000-795154000000 ---p 00000000 00:00 0 
795154000000-7951543ef000 rw-p 00000000 00:00 0 
7951543ef000-795158000000 ---p 00000000 00:00 0 
795158000000-795158154000 rw-p 00000000 00:00 0 
795158154000-79515c000000 ---p 00000000 00:00 0 
79515c000000-79515c021000 rw-p 00000000 00:00 0 
79515c021000-795160000000 ---p 00000000 00:00 0 
795160000000-795160af1000 rw-p 00000000 00:00 0 
795160af1000-795164000000 ---p 00000000 00:00 0 
795164000000-7951643dc000 rw-p 00000000 00:00 0 
7951643dc000-795168000000 ---p 00000000 00:00 0 
795168000000-7951680aa000 rw-p 00000000 00:00 0 
7951680aa000-79516c000000 ---p 00000000 00:00 0 
79516c000000-79516da80000 rw-p 00000000 00:00 0 
79516da80000-795170000000 ---p 00000000 00:00 0 
795170000000-795170142000 rw-p 00000000 00:00 0 
795170142000-795174000000 ---p 00000000 00:00 0 
795174000000-7951743e6000 rw-p 00000000 00:00 0 
7951743e6000-795178000000 ---p 00000000 00:00 0 
795178000000-795178098000 rw-p 00000000 00:00 0 
795178098000-79517c000000 ---p 00000000 00:00 0 
79517c000000-79517c009000 rw-s 00000000 00:01 8810                       /memfd:pipewire-memfd:flags=0x0000000f,type=2,size=32832 (deleted)
79517c009000-79517c00a000 rw-s 00000000 00:01 1065                       /memfd:pipewire-memfd:flags=0x0000000f,type=2,size=2312 (deleted)
79517c00a000-79517c00b000 rw-s 00000000 00:01 15856                      /memfd:pipewire-memfd:flags=0x0000000f,type=2,size=2312 (deleted)
79517c00b000-79517c00c000 rw-s 00000000 00:01 13815                      /memfd:pipewire-memfd:flags=0x0000000f,type=2,size=2312 (deleted)
79517c00c000-79517c00d000 rw-s 00000000 00:01 13812                      /memfd:pipewire-memfd:flags=0x0000000f,type=2,size=4096 (deleted)
79517c00d000-79517c016000 rw-s 00000000 00:01 13814                      /memfd:pipewire-memfd:flags=0x0000000f,type=2,size=32832 (deleted)
79517c016000-79517c01f000 rw-s 00000000 00:01 13813                      /memfd:pipewire-memfd:flags=0x0000000f,type=2,size=32832 (deleted)
79517c01f000-79517c020000 rw-s 00000000 00:01 1065                       /memfd:pipewire-memfd:flags=0x0000000f,type=2,size=2312 (deleted)
79517c020000-79517c021000 rw-s 00000000 00:01 10834                      /memfd:pipewire-memfd:flags=0x0000000f,type=2,size=2312 (deleted)
79517c021000-79517c022000 rw-s 00000000 00:01 12761                      /memfd:pipewire-memfd:flags=0x0000000f,type=2,size=2312 (deleted)
79517c022000-79517c023000 rw-s 00000000 00:01 12760                      /memfd:pipewire-memfd:flags=0x0000000f,type=2,size=4096 (deleted)
79517c023000-79517c02c000 rw-s 00000000 00:01 10833                      /memfd:pipewire-memfd:flags=0x0000000f,type=2,size=32832 (deleted)
79517c02c000-79517c035000 rw-s 00000000 00:01 10832                      /memfd:pipewire-memfd:flags=0x0000000f,type=2,size=32832 (deleted)
79517c035000-79517c036000 rw-s 00000000 00:01 1065                       /memfd:pipewire-memfd:flags=0x0000000f,type=2,size=2312 (deleted)
79517c036000-79517c037000 rw-s 00000000 00:01 12759                      /memfd:pipewire-memfd:flags=0x0000000f,type=2,size=2312 (deleted)
79517c037000-79517c038000 rw-s 00000000 00:01 9821                       /memfd:pipewire-memfd:flags=0x0000000f,type=2,size=2312 (deleted)
79517c038000-79517c039000 rw-s 00000000 00:01 11772                      /memfd:pipewire-memfd:flags=0x0000000f,type=2,size=4096 (deleted)
79517c039000-79517c042000 rw-s 00000000 00:01 12758                      /memfd:pipewire-memfd:flags=0x0000000f,type=2,size=32832 (deleted)
79517c042000-79517c04b000 rw-s 00000000 00:01 12757                      /memfd:pipewire-memfd:flags=0x0000000f,type=2,size=32832 (deleted)
79517c04b000-79517c04c000 rw-s 00000000 00:01 1065                       /memfd:pipewire-memfd:flags=0x0000000f,type=2,size=2312 (deleted)
79517c04c000-79517c04d000 rw-s 00000000 00:01 11771                      /memfd:pipewire-memfd:flags=0x0000000f,type=2,size=2312 (deleted)
79517c04d000-79517c04e000 rw-s 00000000 00:01 14806                      /memfd:pipewire-memfd:flags=0x0000000f,type=2,size=2312 (deleted)
79517c04e000-79517c04f000 rw-s 00000000 00:01 13809                      /memfd:pipewire-memfd:flags=0x0000000f,type=2,size=4096 (deleted)
79517c04f000-79517c058000 rw-s 00000000 00:01 13811                      /memfd:pipewire-memfd:flags=0x0000000f,type=2,size=32832 (deleted)
79517c058000-79517c061000 rw-s 00000000 00:01 13810                      /memfd:pipewire-memfd:flags=0x0000000f,type=2,size=32832 (deleted)
79517c061000-79517c06a000 rw-s 00000000 00:01 8808                       /memfd:pipewire-memfd:flags=0x0000000f,type=2,size=32832 (deleted)
79517c06a000-79517c073000 rw-s 00000000 00:01 8807                       /memfd:pipewire-memfd:flags=0x0000000f,type=2,size=32832 (deleted)
79517c073000-79517c07c000 rw-s 00000000 00:01 9820                       /memfd:pipewire-memfd:flags=0x0000000f,type=2,size=32832 (deleted)
79517c07c000-79517c085000 rw-s 00000000 00:01 9819                       /memfd:pipewire-memfd:flags=0x0000000f,type=2,size=32832 (deleted)
79517c085000-79517c08e000 rw-s 00000000 00:01 13807                      /memfd:pipewire-memfd:flags=0x0000000f,type=2,size=32832 (deleted)
79517c08e000-79517c097000 rw-s 00000000 00:01 13806                      /memfd:pipewire-memfd:flags=0x0000000f,type=2,size=32832 (deleted)
79517c097000-79517c09b000 ---p 00000000 00:00 0 
79517c09b000-79517c197000 rw-p 00000000 00:00 0 
79517c197000-79517c1a0000 rw-s 00000000 00:01 11768                      /memfd:pipewire-memfd:flags=0x0000000f,type=2,size=32832 (deleted)
79517c1a0000-79517c1a9000 rw-s 00000000 00:01 11767                      /memfd:pipewire-memfd:flags=0x0000000f,type=2,size=32832 (deleted)
79517c1a9000-79517c1ad000 ---p 00000000 00:00 0 
79517c1ad000-79517c2a9000 rw-p 00000000 00:00 0 
79517c2a9000-79517c2b2000 rw-s 00000000 00:01 11764                      /memfd:pipewire-memfd:flags=0x0000000f,type=2,size=32832 (deleted)
79517c2b2000-79517c2bb000 rw-s 00000000 00:01 11763                      /memfd:pipewire-memfd:flags=0x0000000f,type=2,size=32832 (deleted)
79517c2bb000-79517c2bf000 ---p 00000000 00:00 0 
79517c2bf000-79517c3bb000 rw-p 00000000 00:00 0 
79517c3bb000-79517c3c4000 rw-s 00000000 00:01 12754                      /memfd:pipewire-memfd:flags=0x0000000f,type=2,size=32832 (deleted)
79517c3c4000-79517c3cd000 rw-s 00000000 00:01 12753                      /memfd:pipewire-memfd:flags=0x0000000f,type=2,size=32832 (deleted)
79517c3cd000-79517c3d6000 rw-s 00000000 00:01 11762                      /memfd:pipewire-memfd:flags=0x0000000f,type=2,size=32832 (deleted)
79517c3d6000-79517c3df000 rw-s 00000000 00:01 11761                      /memfd:pipewire-memfd:flags=0x0000000f,type=2,size=32832 (deleted)
79517c3df000-79517c3f0000 r--p 00000000 103:05 1050771                   /usr/lib/x86_64-linux-gnu/spa-0.2/audioconvert/libspa-audioconvert.so
79517c3f0000-79517c438000 r-xp 00011000 103:05 1050771                   /usr/lib/x86_64-linux-gnu/spa-0.2/audioconvert/libspa-audioconvert.so
79517c438000-79517c44c000 r--p 00059000 103:05 1050771                   /usr/lib/x86_64-linux-gnu/spa-0.2/audioconvert/libspa-audioconvert.so
79517c44c000-79517c45a000 r--p 0006c000 103:05 1050771                   /usr/lib/x86_64-linux-gnu/spa-0.2/audioconvert/libspa-audioconvert.so
79517c45a000-79517c45c000 rw-p 0007a000 103:05 1050771                   /usr/lib/x86_64-linux-gnu/spa-0.2/audioconvert/libspa-audioconvert.so
79517c45c000-79517c460000 r--p 00000000 103:05 921641                    /usr/lib/x86_64-linux-gnu/pipewire-0.3/libpipewire-module-session-manager.so
79517c460000-79517c47d000 r-xp 00004000 103:05 921641                    /usr/lib/x86_64-linux-gnu/pipewire-0.3/libpipewire-module-session-manager.so
79517c47d000-79517c482000 r--p 00021000 103:05 921641                    /usr/lib/x86_64-linux-gnu/pipewire-0.3/libpipewire-module-session-manager.so
79517c482000-79517c484000 r--p 00026000 103:05 921641                    /usr/lib/x86_64-linux-gnu/pipewire-0.3/libpipewire-module-session-manager.so
79517c484000-79517c485000 rw-p 00028000 103:05 921641                    /usr/lib/x86_64-linux-gnu/pipewire-0.3/libpipewire-module-session-manager.so
79517c485000-79517c487000 r--p 00000000 103:05 918794                    /usr/lib/x86_64-linux-gnu/pipewire-0.3/libpipewire-module-metadata.so
79517c487000-79517c48f000 r-xp 00002000 103:05 918794                    /usr/lib/x86_64-linux-gnu/pipewire-0.3/libpipewire-module-metadata.so
79517c48f000-79517c490000 r--p 0000a000 103:05 918794                    /usr/lib/x86_64-linux-gnu/pipewire-0.3/libpipewire-module-metadata.so
79517c490000-79517c491000 r--p 0000b000 103:05 918794                    /usr/lib/x86_64-linux-gnu/pipewire-0.3/libpipewire-module-metadata.so
79517c491000-79517c492000 rw-p 0000c000 103:05 918794                    /usr/lib/x86_64-linux-gnu/pipewire-0.3/libpipewire-module-metadata.so
79517c492000-79517c49c000 r--p 00000000 103:05 918782                    /usr/lib/x86_64-linux-gnu/pipewire-0.3/libpipewire-module-adapter.so
79517c49c000-79517c4a7000 r-xp 0000a000 103:05 918782                    /usr/lib/x86_64-linux-gnu/pipewire-0.3/libpipewire-module-adapter.so
79517c4a7000-79517c4ad000 r--p 00015000 103:05 918782                    /usr/lib/x86_64-linux-gnu/pipewire-0.3/libpipewire-module-adapter.so
79517c4ad000-79517c4b6000 r--p 0001b000 103:05 918782                    /usr/lib/x86_64-linux-gnu/pipewire-0.3/libpipewire-module-adapter.so
79517c4b6000-79517c4b7000 rw-p 00024000 103:05 918782                    /usr/lib/x86_64-linux-gnu/pipewire-0.3/libpipewire-module-adapter.so
79517c4b7000-79517c4c3000 r--p 00000000 103:05 918785                    /usr/lib/x86_64-linux-gnu/pipewire-0.3/libpipewire-module-client-node.so
79517c4c3000-79517c4e4000 r-xp 0000c000 103:05 918785                    /usr/lib/x86_64-linux-gnu/pipewire-0.3/libpipewire-module-client-node.so
79517c4e4000-79517c4ee000 r--p 0002d000 103:05 918785                    /usr/lib/x86_64-linux-gnu/pipewire-0.3/libpipewire-module-client-node.so
79517c4ee000-79517c4f8000 r--p 00037000 103:05 918785                    /usr/lib/x86_64-linux-gnu/pipewire-0.3/libpipewire-module-client-node.so
79517c4f8000-79517c4f9000 rw-p 00041000 103:05 918785                    /usr/lib/x86_64-linux-gnu/pipewire-0.3/libpipewire-module-client-node.so
79517c4f9000-79517c4fb000 r--p 00000000 103:05 933484                    /usr/lib/x86_64-linux-gnu/libpcre2-8.so.0.11.2
79517c4fb000-79517c569000 r-xp 00002000 103:05 933484                    /usr/lib/x86_64-linux-gnu/libpcre2-8.so.0.11.2
79517c569000-79517c591000 r--p 00070000 103:05 933484                    /usr/lib/x86_64-linux-gnu/libpcre2-8.so.0.11.2
79517c591000-79517c592000 r--p 00097000 103:05 933484                    /usr/lib/x86_64-linux-gnu/libpcre2-8.so.0.11.2
79517c592000-79517c593000 rw-p 00098000 103:05 933484                    /usr/lib/x86_64-linux-gnu/libpcre2-8.so.0.11.2
79517c593000-79517c599000 r--p 00000000 103:05 933566                    /usr/lib/x86_64-linux-gnu/libselinux.so.1
79517c599000-79517c5b6000 r-xp 00006000 103:05 933566                    /usr/lib/x86_64-linux-gnu/libselinux.so.1
79517c5b6000-79517c5bc000 r--p 00023000 103:05 933566                    /usr/lib/x86_64-linux-gnu/libselinux.so.1
79517c5bc000-79517c5bd000 r--p 00029000 103:05 933566                    /usr/lib/x86_64-linux-gnu/libselinux.so.1
79517c5bd000-79517c5be000 rw-p 0002a000 103:05 933566                    /usr/lib/x86_64-linux-gnu/libselinux.so.1
79517c5be000-79517c5c0000 rw-p 00000000 00:00 0 
79517c5c0000-79517c5c1000 rw-s 00000000 00:01 1065                       /memfd:pipewire-memfd:flags=0x0000000f,type=2,size=2312 (deleted)
79517c5c1000-79517c5c2000 rw-s 00000000 00:01 13808                      /memfd:pipewire-memfd:flags=0x0000000f,type=2,size=2312 (deleted)
79517c5c2000-79517c5c3000 rw-s 00000000 00:01 8809                       /memfd:pipewire-memfd:flags=0x0000000f,type=2,size=2312 (deleted)
79517c5c3000-79517c5c4000 rw-s 00000000 00:01 10831                      /memfd:pipewire-memfd:flags=0x0000000f,type=2,size=4096 (deleted)
79517c5c4000-79517c5c6000 r--p 00000000 103:05 918784                    /usr/lib/x86_64-linux-gnu/pipewire-0.3/libpipewire-module-client-device.so
79517c5c6000-79517c5cf000 r-xp 00002000 103:05 918784                    /usr/lib/x86_64-linux-gnu/pipewire-0.3/libpipewire-module-client-device.so
79517c5cf000-79517c5d0000 r--p 0000b000 103:05 918784                    /usr/lib/x86_64-linux-gnu/pipewire-0.3/libpipewire-module-client-device.so
79517c5d0000-79517c5d1000 r--p 0000c000 103:05 918784                    /usr/lib/x86_64-linux-gnu/pipewire-0.3/libpipewire-module-client-device.so
79517c5d1000-79517c5d2000 rw-p 0000d000 103:05 918784                    /usr/lib/x86_64-linux-gnu/pipewire-0.3/libpipewire-module-client-device.so
79517c5d2000-79517c5e5000 r--p 00000000 103:05 921620                    /usr/lib/x86_64-linux-gnu/pipewire-0.3/libpipewire-module-protocol-native.so
79517c5e5000-79517c604000 r-xp 00013000 103:05 921620                    /usr/lib/x86_64-linux-gnu/pipewire-0.3/libpipewire-module-protocol-native.so
79517c604000-79517c60f000 r--p 00032000 103:05 921620                    /usr/lib/x86_64-linux-gnu/pipewire-0.3/libpipewire-module-protocol-native.so
79517c60f000-79517c61f000 r--p 0003c000 103:05 921620                    /usr/lib/x86_64-linux-gnu/pipewire-0.3/libpipewire-module-protocol-native.so
79517c61f000-79517c620000 rw-p 0004c000 103:05 921620                    /usr/lib/x86_64-linux-gnu/pipewire-0.3/libpipewire-module-protocol-native.so
79517c620000-79517c621000 ---p 00000000 00:00 0 
79517c621000-79517ce21000 rw-p 00000000 00:00 0 
79517ce21000-79517ce2d000 r--p 00000000 103:05 933062                    /usr/lib/x86_64-linux-gnu/libdbus-1.so.3.32.4
79517ce2d000-79517ce5d000 r-xp 0000c000 103:05 933062                    /usr/lib/x86_64-linux-gnu/libdbus-1.so.3.32.4
79517ce5d000-79517ce6e000 r--p 0003c000 103:05 933062                    /usr/lib/x86_64-linux-gnu/libdbus-1.so.3.32.4
79517ce6e000-79517ce6f000 r--p 0004c000 103:05 933062                    /usr/lib/x86_64-linux-gnu/libdbus-1.so.3.32.4
79517ce6f000-79517ce70000 rw-p 0004d000 103:05 933062                    /usr/lib/x86_64-linux-gnu/libdbus-1.so.3.32.4
79517ce70000-79517ce74000 r--p 00000000 103:05 933211                    /usr/lib/x86_64-linux-gnu/libgpg-error.so.0.34.0
79517ce74000-79517ce8a000 r-xp 00004000 103:05 933211                    /usr/lib/x86_64-linux-gnu/libgpg-error.so.0.34.0
79517ce8a000-79517ce93000 r--p 0001a000 103:05 933211                    /usr/lib/x86_64-linux-gnu/libgpg-error.so.0.34.0
79517ce93000-79517ce94000 r--p 00023000 103:05 933211                    /usr/lib/x86_64-linux-gnu/libgpg-error.so.0.34.0
79517ce94000-79517ce95000 rw-p 00024000 103:05 933211                    /usr/lib/x86_64-linux-gnu/libgpg-error.so.0.34.0
79517ce95000-79517ce99000 r--p 00000000 103:05 933751                    /usr/lib/x86_64-linux-gnu/libzstd.so.1.5.5
79517ce99000-79517cf40000 r-xp 00004000 103:05 933751                    /usr/lib/x86_64-linux-gnu/libzstd.so.1.5.5
79517cf40000-79517cf4d000 r--p 000ab000 103:05 933751                    /usr/lib/x86_64-linux-gnu/libzstd.so.1.5.5
79517cf4d000-79517cf4e000 r--p 000b7000 103:05 933751                    /usr/lib/x86_64-linux-gnu/libzstd.so.1.5.5
79517cf4e000-79517cf4f000 rw-p 000b8000 103:05 933751                    /usr/lib/x86_64-linux-gnu/libzstd.so.1.5.5
79517cf4f000-79517cf52000 r--p 00000000 103:05 919991                    /usr/lib/x86_64-linux-gnu/liblzma.so.5.4.5
79517cf52000-79517cf74000 r-xp 00003000 103:05 919991                    /usr/lib/x86_64-linux-gnu/liblzma.so.5.4.5
79517cf74000-79517cf7f000 r--p 00025000 103:05 919991                    /usr/lib/x86_64-linux-gnu/liblzma.so.5.4.5
79517cf7f000-79517cf80000 r--p 00030000 103:05 919991                    /usr/lib/x86_64-linux-gnu/liblzma.so.5.4.5
79517cf80000-79517cf81000 rw-p 00031000 103:05 919991                    /usr/lib/x86_64-linux-gnu/liblzma.so.5.4.5
79517cf81000-79517cf84000 r--p 00000000 103:05 933355                    /usr/lib/x86_64-linux-gnu/liblz4.so.1.9.4
79517cf84000-79517cf9f000 r-xp 00003000 103:05 933355                    /usr/lib/x86_64-linux-gnu/liblz4.so.1.9.4
79517cf9f000-79517cfa1000 r--p 0001e000 103:05 933355                    /usr/lib/x86_64-linux-gnu/liblz4.so.1.9.4
79517cfa1000-79517cfa2000 r--p 00020000 103:05 933355                    /usr/lib/x86_64-linux-gnu/liblz4.so.1.9.4
79517cfa2000-79517cfa3000 rw-p 00021000 103:05 933355                    /usr/lib/x86_64-linux-gnu/liblz4.so.1.9.4
79517cfa3000-79517cfb2000 r--p 00000000 103:05 920869                    /usr/lib/x86_64-linux-gnu/libgcrypt.so.20.4.3
79517cfb2000-79517d0a6000 r-xp 0000f000 103:05 920869                    /usr/lib/x86_64-linux-gnu/libgcrypt.so.20.4.3
79517d0a6000-79517d0e1000 r--p 00103000 103:05 920869                    /usr/lib/x86_64-linux-gnu/libgcrypt.so.20.4.3
79517d0e1000-79517d0e6000 r--p 0013e000 103:05 920869                    /usr/lib/x86_64-linux-gnu/libgcrypt.so.20.4.3
79517d0e6000-79517d0ea000 rw-p 00143000 103:05 920869                    /usr/lib/x86_64-linux-gnu/libgcrypt.so.20.4.3
79517d0ea000-79517d0eb000 rw-p 00000000 00:00 0 
79517d0eb000-79517d0ee000 r--p 00000000 103:05 918653                    /usr/lib/x86_64-linux-gnu/libcap.so.2.66
79517d0ee000-79517d0f4000 r-xp 00003000 103:05 918653                    /usr/lib/x86_64-linux-gnu/libcap.so.2.66
79517d0f4000-79517d0f6000 r--p 00009000 103:05 918653                    /usr/lib/x86_64-linux-gnu/libcap.so.2.66
79517d0f6000-79517d0f7000 r--p 0000b000 103:05 918653                    /usr/lib/x86_64-linux-gnu/libcap.so.2.66
79517d0f7000-79517d0f8000 rw-p 0000c000 103:05 918653                    /usr/lib/x86_64-linux-gnu/libcap.so.2.66
79517d0f8000-79517d10e000 r--p 00000000 103:05 918075                    /usr/lib/x86_64-linux-gnu/libsystemd.so.0.38.0
79517d10e000-79517d19d000 r-xp 00016000 103:05 918075                    /usr/lib/x86_64-linux-gnu/libsystemd.so.0.38.0
79517d19d000-79517d1cb000 r--p 000a5000 103:05 918075                    /usr/lib/x86_64-linux-gnu/libsystemd.so.0.38.0
79517d1cb000-79517d1d6000 r--p 000d2000 103:05 918075                    /usr/lib/x86_64-linux-gnu/libsystemd.so.0.38.0
79517d1d6000-79517d1d7000 rw-p 000dd000 103:05 918075                    /usr/lib/x86_64-linux-gnu/libsystemd.so.0.38.0
79517d1d7000-79517d1d8000 rw-p 00000000 00:00 0 
79517d1d8000-79517d1d9000 rw-s 00000000 00:01 1065                       /memfd:pipewire-memfd:flags=0x0000000f,type=2,size=2312 (deleted)
79517d1d9000-79517d1da000 rw-s 00000000 00:01 10830                      /memfd:pipewire-memfd:flags=0x0000000f,type=2,size=2312 (deleted)
79517d1da000-79517d1db000 rw-s 00000000 00:01 10829                      /memfd:pipewire-memfd:flags=0x0000000f,type=2,size=2312 (deleted)
79517d1db000-79517d1dc000 rw-s 00000000 00:01 11770                      /memfd:pipewire-memfd:flags=0x0000000f,type=2,size=4096 (deleted)
79517d1dc000-79517d1dd000 rw-s 00000000 00:01 1065                       /memfd:pipewire-memfd:flags=0x0000000f,type=2,size=2312 (deleted)
79517d1dd000-79517d1de000 rw-s 00000000 00:01 11769                      /memfd:pipewire-memfd:flags=0x0000000f,type=2,size=2312 (deleted)
79517d1de000-79517d1df000 rw-s 00000000 00:01 10828                      /memfd:pipewire-memfd:flags=0x0000000f,type=2,size=2312 (deleted)
79517d1df000-79517d1e0000 rw-s 00000000 00:01 13805                      /memfd:pipewire-memfd:flags=0x0000000f,type=2,size=4096 (deleted)
79517d1e0000-79517d1e2000 r--p 00000000 103:05 921635                    /usr/lib/x86_64-linux-gnu/pipewire-0.3/libpipewire-module-rt.so
79517d1e2000-79517d1e6000 r-xp 00002000 103:05 921635                    /usr/lib/x86_64-linux-gnu/pipewire-0.3/libpipewire-module-rt.so
79517d1e6000-79517d1e8000 r--p 00006000 103:05 921635                    /usr/lib/x86_64-linux-gnu/pipewire-0.3/libpipewire-module-rt.so
79517d1e8000-79517d1e9000 r--p 00007000 103:05 921635                    /usr/lib/x86_64-linux-gnu/pipewire-0.3/libpipewire-module-rt.so
79517d1e9000-79517d1ea000 rw-p 00008000 103:05 921635                    /usr/lib/x86_64-linux-gnu/pipewire-0.3/libpipewire-module-rt.so
79517d1ea000-79517d1ee000 r--p 00000000 103:05 1050803                   /usr/lib/x86_64-linux-gnu/spa-0.2/support/libspa-support.so
79517d1ee000-79517d204000 r-xp 00004000 103:05 1050803                   /usr/lib/x86_64-linux-gnu/spa-0.2/support/libspa-support.so
79517d204000-79517d209000 r--p 0001a000 103:05 1050803                   /usr/lib/x86_64-linux-gnu/spa-0.2/support/libspa-support.so
79517d209000-79517d20b000 r--p 0001f000 103:05 1050803                   /usr/lib/x86_64-linux-gnu/spa-0.2/support/libspa-support.so
79517d20b000-79517d20c000 rw-p 00021000 103:05 1050803                   /usr/lib/x86_64-linux-gnu/spa-0.2/support/libspa-support.so
79517d20c000-79517d23f000 r--p 00000000 103:05 917635                    /usr/lib/x86_64-linux-gnu/libpipewire-0.3.so.0.1005.0
79517d23f000-79517d2a6000 r-xp 00033000 103:05 917635                    /usr/lib/x86_64-linux-gnu/libpipewire-0.3.so.0.1005.0
79517d2a6000-79517d2bf000 r--p 0009a000 103:05 917635                    /usr/lib/x86_64-linux-gnu/libpipewire-0.3.so.0.1005.0
79517d2bf000-79517d2ea000 r--p 000b2000 103:05 917635                    /usr/lib/x86_64-linux-gnu/libpipewire-0.3.so.0.1005.0
79517d2ea000-79517d2eb000 rw-p 000dd000 103:05 917635                    /usr/lib/x86_64-linux-gnu/libpipewire-0.3.so.0.1005.0
79517d2eb000-79517d2ec000 rw-p 00000000 00:00 0 
79517d2ec000-79517d2f3000 r--p 00000000 103:05 917626                    /usr/lib/x86_64-linux-gnu/alsa-lib/libasound_module_pcm_pipewire.so
79517d2f3000-79517d2fc000 r-xp 00007000 103:05 917626                    /usr/lib/x86_64-linux-gnu/alsa-lib/libasound_module_pcm_pipewire.so
79517d2fc000-79517d303000 r--p 00010000 103:05 917626                    /usr/lib/x86_64-linux-gnu/alsa-lib/libasound_module_pcm_pipewire.so
79517d303000-79517d308000 r--p 00016000 103:05 917626                    /usr/lib/x86_64-linux-gnu/alsa-lib/libasound_module_pcm_pipewire.so
79517d308000-79517d309000 rw-p 0001b000 103:05 917626                    /usr/lib/x86_64-linux-gnu/alsa-lib/libasound_module_pcm_pipewire.so
79517d309000-79517d334000 r--p 00000000 103:05 920192                    /usr/lib/x86_64-linux-gnu/libasound.so.2.0.0
79517d334000-79517d3d3000 r-xp 0002b000 103:05 920192                    /usr/lib/x86_64-linux-gnu/libasound.so.2.0.0
79517d3d3000-79517d40b000 r--p 000ca000 103:05 920192                    /usr/lib/x86_64-linux-gnu/libasound.so.2.0.0
79517d40b000-79517d412000 r--p 00101000 103:05 920192                    /usr/lib/x86_64-linux-gnu/libasound.so.2.0.0
79517d412000-79517d413000 rw-p 00108000 103:05 920192                    /usr/lib/x86_64-linux-gnu/libasound.so.2.0.0
79517d413000-79517d414000 rw-s 00000000 00:01 1065                       /memfd:pipewire-memfd:flags=0x0000000f,type=2,size=2312 (deleted)
79517d414000-79517d415000 rw-s 00000000 00:01 13804                      /memfd:pipewire-memfd:flags=0x0000000f,type=2,size=2312 (deleted)
79517d415000-79517d416000 rw-s 00000000 00:01 12756                      /memfd:pipewire-memfd:flags=0x0000000f,type=2,size=2312 (deleted)
79517d416000-79517d417000 rw-s 00000000 00:01 11766                      /memfd:pipewire-memfd:flags=0x0000000f,type=2,size=4096 (deleted)
79517d417000-79517d418000 rw-s 00000000 00:01 1065                       /memfd:pipewire-memfd:flags=0x0000000f,type=2,size=2312 (deleted)
79517d418000-79517d419000 r--p 00000000 103:05 1050794                   /usr/lib/x86_64-linux-gnu/spa-0.2/support/libspa-dbus.so
79517d419000-79517d41c000 r-xp 00001000 103:05 1050794                   /usr/lib/x86_64-linux-gnu/spa-0.2/support/libspa-dbus.so
79517d41c000-79517d41d000 r--p 00004000 103:05 1050794                   /usr/lib/x86_64-linux-gnu/spa-0.2/support/libspa-dbus.so
79517d41d000-79517d41e000 r--p 00004000 103:05 1050794                   /usr/lib/x86_64-linux-gnu/spa-0.2/support/libspa-dbus.so
79517d41e000-79517d41f000 rw-p 00005000 103:05 1050794                   /usr/lib/x86_64-linux-gnu/spa-0.2/support/libspa-dbus.so
79517d41f000-79517d420000 r--p 00000000 103:05 1050798                   /usr/lib/x86_64-linux-gnu/spa-0.2/support/libspa-journal.so
79517d420000-79517d422000 r-xp 00001000 103:05 1050798                   /usr/lib/x86_64-linux-gnu/spa-0.2/support/libspa-journal.so
79517d422000-79517d423000 r--p 00003000 103:05 1050798                   /usr/lib/x86_64-linux-gnu/spa-0.2/support/libspa-journal.so
79517d423000-79517d424000 r--p 00003000 103:05 1050798                   /usr/lib/x86_64-linux-gnu/spa-0.2/support/libspa-journal.so
79517d424000-79517d425000 rw-p 00004000 103:05 1050798                   /usr/lib/x86_64-linux-gnu/spa-0.2/support/libspa-journal.so
79517d425000-79517d434000 r-xp 00000000 103:05 2767867                   /home/alexender19/.jdks/openjdk-26.0.1/lib/libjsound.so
79517d434000-79517d435000 r--p 0000e000 103:05 2767867                   /home/alexender19/.jdks/openjdk-26.0.1/lib/libjsound.so
79517d435000-79517d436000 rw-p 0000f000 103:05 2767867                   /home/alexender19/.jdks/openjdk-26.0.1/lib/libjsound.so
79517d436000-79517d652000 rw-s 00000000 00:01 262157                     /SYSV00000000 (deleted)
79517d652000-79517d656000 ---p 00000000 00:00 0 
79517d656000-79517d752000 rw-p 00000000 00:00 0 
79517d752000-79517d756000 ---p 00000000 00:00 0 
79517d756000-79517d852000 rw-p 00000000 00:00 0 
79517d852000-79517d856000 ---p 00000000 00:00 0 
79517d856000-79517d952000 rw-p 00000000 00:00 0 
79517d952000-79517d956000 ---p 00000000 00:00 0 
79517d956000-79517da52000 rw-p 00000000 00:00 0 
79517da52000-79517da56000 ---p 00000000 00:00 0 
79517da56000-79517db52000 rw-p 00000000 00:00 0 
79517db52000-79517db56000 ---p 00000000 00:00 0 
79517db56000-79517dc52000 rw-p 00000000 00:00 0 
79517dc52000-79517dc53000 ---p 00000000 00:00 0 
79517dc53000-79517dd53000 rw-p 00000000 00:00 0 
79517dd53000-79517dd54000 ---p 00000000 00:00 0 
79517dd54000-79517de54000 rw-p 00000000 00:00 0 
79517de54000-79517de58000 ---p 00000000 00:00 0 
79517de58000-79517df54000 rw-p 00000000 00:00 0 
79517df54000-79517df58000 ---p 00000000 00:00 0 
79517df58000-79517e054000 rw-p 00000000 00:00 0 
79517e054000-79517e055000 ---p 00000000 00:00 0 
79517e055000-79517e155000 rw-p 00000000 00:00 0 
79517e155000-79517e156000 ---p 00000000 00:00 0 
79517e156000-79517e256000 rw-p 00000000 00:00 0 
79517e256000-79517e257000 ---p 00000000 00:00 0 
79517e257000-79517e357000 rw-p 00000000 00:00 0 
79517e357000-79517e35b000 ---p 00000000 00:00 0 
79517e35b000-79517e457000 rw-p 00000000 00:00 0 
79517e457000-79517e458000 ---p 00000000 00:00 0 
79517e458000-79517e558000 rw-p 00000000 00:00 0 
79517e558000-79517e559000 ---p 00000000 00:00 0 
79517e559000-79517e659000 rw-p 00000000 00:00 0 
79517e659000-79517e65d000 ---p 00000000 00:00 0 
79517e65d000-79517e759000 rw-p 00000000 00:00 0 
79517e759000-79517e75b000 r--p 00000000 103:05 932862                    /usr/lib/x86_64-linux-gnu/libXcursor.so.1.0.2
79517e75b000-79517e761000 r-xp 00002000 103:05 932862                    /usr/lib/x86_64-linux-gnu/libXcursor.so.1.0.2
79517e761000-79517e763000 r--p 00008000 103:05 932862                    /usr/lib/x86_64-linux-gnu/libXcursor.so.1.0.2
79517e763000-79517e764000 r--p 00009000 103:05 932862                    /usr/lib/x86_64-linux-gnu/libXcursor.so.1.0.2
79517e764000-79517e765000 rw-p 0000a000 103:05 932862                    /usr/lib/x86_64-linux-gnu/libXcursor.so.1.0.2
79517e765000-79517e769000 ---p 00000000 00:00 0 
79517e769000-79517e865000 rw-p 00000000 00:00 0 
79517e865000-79517e866000 r--p 00000000 103:05 933008                    /usr/lib/x86_64-linux-gnu/libbrotlicommon.so.1.1.0
79517e866000-79517e867000 r-xp 00001000 103:05 933008                    /usr/lib/x86_64-linux-gnu/libbrotlicommon.so.1.1.0
79517e867000-79517e886000 r--p 00002000 103:05 933008                    /usr/lib/x86_64-linux-gnu/libbrotlicommon.so.1.1.0
79517e886000-79517e887000 r--p 00021000 103:05 933008                    /usr/lib/x86_64-linux-gnu/libbrotlicommon.so.1.1.0
79517e887000-79517e888000 rw-p 00022000 103:05 933008                    /usr/lib/x86_64-linux-gnu/libbrotlicommon.so.1.1.0
79517e888000-79517e889000 r--p 00000000 103:05 933009                    /usr/lib/x86_64-linux-gnu/libbrotlidec.so.1.1.0
79517e889000-79517e891000 r-xp 00001000 103:05 933009                    /usr/lib/x86_64-linux-gnu/libbrotlidec.so.1.1.0
79517e891000-79517e894000 r--p 00009000 103:05 933009                    /usr/lib/x86_64-linux-gnu/libbrotlidec.so.1.1.0
79517e894000-79517e895000 r--p 0000b000 103:05 933009                    /usr/lib/x86_64-linux-gnu/libbrotlidec.so.1.1.0
79517e895000-79517e896000 rw-p 0000c000 103:05 933009                    /usr/lib/x86_64-linux-gnu/libbrotlidec.so.1.1.0
79517e896000-79517e89b000 r--p 00000000 103:05 933051                    /usr/lib/x86_64-linux-gnu/libpng16.so.16.43.0
79517e89b000-79517e8c3000 r-xp 00005000 103:05 933051                    /usr/lib/x86_64-linux-gnu/libpng16.so.16.43.0
79517e8c3000-79517e8cc000 r--p 0002d000 103:05 933051                    /usr/lib/x86_64-linux-gnu/libpng16.so.16.43.0
79517e8cc000-79517e8cd000 r--p 00035000 103:05 933051                    /usr/lib/x86_64-linux-gnu/libpng16.so.16.43.0
79517e8cd000-79517e8ce000 rw-p 00036000 103:05 933051                    /usr/lib/x86_64-linux-gnu/libpng16.so.16.43.0
79517e8ce000-79517e8db000 r--p 00000000 103:05 920198                    /usr/lib/x86_64-linux-gnu/libfreetype.so.6.20.1
79517e8db000-79517e96c000 r-xp 0000d000 103:05 920198                    /usr/lib/x86_64-linux-gnu/libfreetype.so.6.20.1
79517e96c000-79517e992000 r--p 0009e000 103:05 920198                    /usr/lib/x86_64-linux-gnu/libfreetype.so.6.20.1
79517e992000-79517e999000 r--p 000c4000 103:05 920198                    /usr/lib/x86_64-linux-gnu/libfreetype.so.6.20.1
79517e999000-79517e99a000 rw-p 000cb000 103:05 920198                    /usr/lib/x86_64-linux-gnu/libfreetype.so.6.20.1
79517e99a000-79517eb57000 r-xp 00000000 103:05 2767854                   /home/alexender19/.jdks/openjdk-26.0.1/lib/libfontmanager.so
79517eb57000-79517eb58000 ---p 001bd000 103:05 2767854                   /home/alexender19/.jdks/openjdk-26.0.1/lib/libfontmanager.so
79517eb58000-79517eb5a000 r--p 001bd000 103:05 2767854                   /home/alexender19/.jdks/openjdk-26.0.1/lib/libfontmanager.so
79517eb5a000-79517eb5b000 rw-p 001bf000 103:05 2767854                   /home/alexender19/.jdks/openjdk-26.0.1/lib/libfontmanager.so
79517eb5b000-79517eb5c000 rw-p 00000000 00:00 0 
79517eb5c000-79517eb75000 r--p 00000000 103:05 932857                    /usr/lib/x86_64-linux-gnu/libX11.so.6.4.0
79517eb75000-79517ec05000 r-xp 00019000 103:05 932857                    /usr/lib/x86_64-linux-gnu/libX11.so.6.4.0
79517ec05000-79517ec94000 r--p 000a9000 103:05 932857                    /usr/lib/x86_64-linux-gnu/libX11.so.6.4.0
79517ec94000-79517ec95000 r--p 00138000 103:05 932857                    /usr/lib/x86_64-linux-gnu/libX11.so.6.4.0
79517ec95000-79517ec99000 rw-p 00139000 103:05 932857                    /usr/lib/x86_64-linux-gnu/libX11.so.6.4.0
79517ec99000-79517ed00000 r-xp 00000000 103:05 2767851                   /home/alexender19/.jdks/openjdk-26.0.1/lib/libawt_xawt.so
79517ed00000-79517ed02000 r--p 00066000 103:05 2767851                   /home/alexender19/.jdks/openjdk-26.0.1/lib/libawt_xawt.so
79517ed02000-79517ed04000 rw-p 00068000 103:05 2767851                   /home/alexender19/.jdks/openjdk-26.0.1/lib/libawt_xawt.so
79517ed04000-79517ed06000 rw-p 00000000 00:00 0 
79517ed06000-79517edcf000 r-xp 00000000 103:05 2767849                   /home/alexender19/.jdks/openjdk-26.0.1/lib/libawt.so
79517edcf000-79517edd0000 r--p 000c8000 103:05 2767849                   /home/alexender19/.jdks/openjdk-26.0.1/lib/libawt.so
79517edd0000-79517eddb000 rw-p 000c9000 103:05 2767849                   /home/alexender19/.jdks/openjdk-26.0.1/lib/libawt.so
79517eddb000-79517ee00000 rw-p 00000000 00:00 0 
79517ee00000-79517ee04000 ---p 00000000 00:00 0 
79517ee04000-79517ef00000 rw-p 00000000 00:00 0 
79517ef00000-79517ef04000 ---p 00000000 00:00 0 
79517ef04000-79517f000000 rw-p 00000000 00:00 0 
79517f000000-79517f004000 ---p 00000000 00:00 0 
79517f004000-79517f100000 rw-p 00000000 00:00 0 
79517f100000-79517f104000 ---p 00000000 00:00 0 
79517f104000-79517f200000 rw-p 00000000 00:00 0 
79517f200000-79517ffec000 r--p 00000000 103:05 923508                    /usr/lib/locale/locale-archive
79517ffec000-79517ffee000 r--p 00000000 103:05 933014                    /usr/lib/x86_64-linux-gnu/libbz2.so.1.0.4
79517ffee000-79517fffc000 r-xp 00002000 103:05 933014                    /usr/lib/x86_64-linux-gnu/libbz2.so.1.0.4
79517fffc000-79517fffe000 r--p 00010000 103:05 933014                    /usr/lib/x86_64-linux-gnu/libbz2.so.1.0.4
79517fffe000-79517ffff000 r--p 00011000 103:05 933014                    /usr/lib/x86_64-linux-gnu/libbz2.so.1.0.4
79517ffff000-795180000000 rw-p 00012000 103:05 933014                    /usr/lib/x86_64-linux-gnu/libbz2.so.1.0.4
795180000000-795180400000 rw-p 00000000 00:00 0 
795180400000-795180440000 rw-p 00000000 00:00 0 
795180440000-795180480000 rw-p 00000000 00:00 0 
795180480000-795180500000 rw-p 00000000 00:00 0 
795180500000-795180700000 rw-p 00000000 00:00 0 
795180700000-795180720000 rw-p 00000000 00:00 0 
795180720000-795180740000 rw-p 00000000 00:00 0 
795180740000-795180780000 rw-p 00000000 00:00 0 
795180780000-795180900000 rw-p 00000000 00:00 0 
795180900000-795180940000 rw-p 00000000 00:00 0 
795180940000-795180980000 rw-p 00000000 00:00 0 
795180980000-795180b00000 rw-p 00000000 00:00 0 
795180b00000-795180b40000 rw-p 00000000 00:00 0 
795180b40000-795180b80000 rw-p 00000000 00:00 0 
795180b80000-795180d00000 rw-p 00000000 00:00 0 
795180d00000-795180d40000 rw-p 00000000 00:00 0 
795180d40000-795180d80000 rw-p 00000000 00:00 0 
795180d80000-795180f00000 rw-p 00000000 00:00 0 
795180f00000-795180f80000 rw-p 00000000 00:00 0 
795180f80000-795181010000 rw-p 00000000 00:00 0 
795181010000-795181100000 ---p 00000000 00:00 0 
795181100000-795181110000 rw-p 00000000 00:00 0 
795181110000-795184000000 ---p 00000000 00:00 0 
795184000000-795184947000 rw-p 00000000 00:00 0 
795184947000-795188000000 ---p 00000000 00:00 0 
795188000000-795188eca000 rw-p 00000000 00:00 0 
795188eca000-79518c000000 ---p 00000000 00:00 0 
79518c000000-79518c021000 rw-p 00000000 00:00 0 
79518c021000-795190000000 ---p 00000000 00:00 0 
795190000000-795190932000 rw-p 00000000 00:00 0 
795190932000-795194000000 ---p 00000000 00:00 0 
795194000000-79519441f000 rw-p 00000000 00:00 0 
79519441f000-795198000000 ---p 00000000 00:00 0 
795198000000-7951980aa000 rw-p 00000000 00:00 0 
7951980aa000-79519c000000 ---p 00000000 00:00 0 
79519c000000-79519c021000 rw-p 00000000 00:00 0 
79519c021000-7951a0000000 ---p 00000000 00:00 0 
7951a0000000-7951a009a000 rw-p 00000000 00:00 0 
7951a009a000-7951a4000000 ---p 00000000 00:00 0 
7951a4000000-7951a40b4000 rw-p 00000000 00:00 0 
7951a40b4000-7951a8000000 ---p 00000000 00:00 0 
7951a8000000-7951a8001000 rw-s 00000000 00:01 11765                      /memfd:pipewire-memfd:flags=0x0000000f,type=2,size=2312 (deleted)
7951a8001000-7951a8003000 r--p 00000000 103:05 932866                    /usr/lib/x86_64-linux-gnu/libXfixes.so.3.1.0
7951a8003000-7951a8006000 r-xp 00002000 103:05 932866                    /usr/lib/x86_64-linux-gnu/libXfixes.so.3.1.0
7951a8006000-7951a8007000 r--p 00005000 103:05 932866                    /usr/lib/x86_64-linux-gnu/libXfixes.so.3.1.0
7951a8007000-7951a8008000 r--p 00005000 103:05 932866                    /usr/lib/x86_64-linux-gnu/libXfixes.so.3.1.0
7951a8008000-7951a8009000 rw-p 00006000 103:05 932866                    /usr/lib/x86_64-linux-gnu/libXfixes.so.3.1.0
7951a8009000-7951a800b000 r--p 00000000 103:05 933370                    /usr/lib/x86_64-linux-gnu/libmd.so.0.1.0
7951a800b000-7951a8014000 r-xp 00002000 103:05 933370                    /usr/lib/x86_64-linux-gnu/libmd.so.0.1.0
7951a8014000-7951a8016000 r--p 0000b000 103:05 933370                    /usr/lib/x86_64-linux-gnu/libmd.so.0.1.0
7951a8016000-7951a8017000 r--p 0000c000 103:05 933370                    /usr/lib/x86_64-linux-gnu/libmd.so.0.1.0
7951a8017000-7951a8018000 rw-p 0000d000 103:05 933370                    /usr/lib/x86_64-linux-gnu/libmd.so.0.1.0
7951a8018000-7951a801c000 r--p 00000000 103:05 933011                    /usr/lib/x86_64-linux-gnu/libbsd.so.0.12.1
7951a801c000-7951a8028000 r-xp 00004000 103:05 933011                    /usr/lib/x86_64-linux-gnu/libbsd.so.0.12.1
7951a8028000-7951a802b000 r--p 00010000 103:05 933011                    /usr/lib/x86_64-linux-gnu/libbsd.so.0.12.1
7951a802b000-7951a802c000 r--p 00012000 103:05 933011                    /usr/lib/x86_64-linux-gnu/libbsd.so.0.12.1
7951a802c000-7951a802d000 rw-p 00013000 103:05 933011                    /usr/lib/x86_64-linux-gnu/libbsd.so.0.12.1
7951a802d000-7951a802e000 rw-p 00000000 00:00 0 
7951a802e000-7951a8039000 r--p 00000000 103:05 933732                    /usr/lib/x86_64-linux-gnu/libxcb.so.1.1.0
7951a8039000-7951a804c000 r-xp 0000b000 103:05 933732                    /usr/lib/x86_64-linux-gnu/libxcb.so.1.1.0
7951a804c000-7951a8055000 r--p 0001e000 103:05 933732                    /usr/lib/x86_64-linux-gnu/libxcb.so.1.1.0
7951a8055000-7951a8056000 r--p 00026000 103:05 933732                    /usr/lib/x86_64-linux-gnu/libxcb.so.1.1.0
7951a8056000-7951a8057000 rw-p 00027000 103:05 933732                    /usr/lib/x86_64-linux-gnu/libxcb.so.1.1.0
7951a8057000-7951a8095000 r-xp 00000000 103:05 2767880                   /home/alexender19/.jdks/openjdk-26.0.1/lib/libsimdsort.so
7951a8095000-7951a8096000 ---p 0003e000 103:05 2767880                   /home/alexender19/.jdks/openjdk-26.0.1/lib/libsimdsort.so
7951a8096000-7951a8097000 r--p 0003e000 103:05 2767880                   /home/alexender19/.jdks/openjdk-26.0.1/lib/libsimdsort.so
7951a8097000-7951a8098000 rw-p 0003f000 103:05 2767880                   /home/alexender19/.jdks/openjdk-26.0.1/lib/libsimdsort.so
7951a8098000-7951a809c000 ---p 00000000 00:00 0 
7951a809c000-7951a8198000 rw-p 00000000 00:00 0 
7951a8198000-7951a819c000 ---p 00000000 00:00 0 
7951a819c000-7951a8298000 rw-p 00000000 00:00 0 
7951a8298000-7951a829c000 ---p 00000000 00:00 0 
7951a829c000-7951a8398000 rw-p 00000000 00:00 0 
7951a8398000-7951a839c000 ---p 00000000 00:00 0 
7951a839c000-7951a8498000 rw-p 00000000 00:00 0 
7951a8498000-7951a849c000 ---p 00000000 00:00 0 
7951a849c000-7951a8598000 rw-p 00000000 00:00 0 
7951a8598000-7951a859c000 ---p 00000000 00:00 0 
7951a859c000-7951a8698000 rw-p 00000000 00:00 0 
7951a8698000-7951a86f3000 rw-p 00000000 00:00 0 
7951a86f3000-7951a86f4000 ---p 00000000 00:00 0 
7951a86f4000-7951a86f8000 ---p 00000000 00:00 0 
7951a86f8000-7951a87f4000 rw-p 00000000 00:00 0 
7951a87f4000-7951a87f5000 ---p 00000000 00:00 0 
7951a87f5000-7951a88f5000 rw-p 00000000 00:00 0 
7951a88f5000-7951a88f6000 ---p 00000000 00:00 0 
7951a88f6000-7951a89f6000 rw-p 00000000 00:00 0 
7951a89f6000-7951a89f7000 ---p 00000000 00:00 0 
7951a89f7000-7951a8af7000 rw-p 00000000 00:00 0 
7951a8af7000-7951a8af8000 ---p 00000000 00:00 0 
7951a8af8000-7951a8bf8000 rw-p 00000000 00:00 0 
7951a8bf8000-7951a8bf9000 ---p 00000000 00:00 0 
7951a8bf9000-7951a8cf9000 rw-p 00000000 00:00 0 
7951a8cf9000-7951ab400000 rw-p 00000000 00:00 0 
7951ab400000-7951ab401000 rw-s 00000000 00:01 12755                      /memfd:pipewire-memfd:flags=0x0000000f,type=2,size=2312 (deleted)
7951ab401000-7951ab402000 rw-s 00000000 00:01 8806                       /memfd:pipewire-memfd:flags=0x0000000f,type=2,size=4096 (deleted)
7951ab402000-7951ab403000 rw-s 00000000 00:01 1065                       /memfd:pipewire-memfd:flags=0x0000000f,type=2,size=2312 (deleted)
7951ab403000-7951ab405000 r--p 00000000 103:05 932864                    /usr/lib/x86_64-linux-gnu/libXdmcp.so.6.0.0
7951ab405000-7951ab407000 r-xp 00002000 103:05 932864                    /usr/lib/x86_64-linux-gnu/libXdmcp.so.6.0.0
7951ab407000-7951ab409000 r--p 00004000 103:05 932864                    /usr/lib/x86_64-linux-gnu/libXdmcp.so.6.0.0
7951ab409000-7951ab40a000 r--p 00005000 103:05 932864                    /usr/lib/x86_64-linux-gnu/libXdmcp.so.6.0.0
7951ab40a000-7951ab40b000 rw-p 00006000 103:05 932864                    /usr/lib/x86_64-linux-gnu/libXdmcp.so.6.0.0
7951ab40b000-7951ab40e000 r--p 00000000 103:05 932869                    /usr/lib/x86_64-linux-gnu/libXi.so.6.1.0
7951ab40e000-7951ab41a000 r-xp 00003000 103:05 932869                    /usr/lib/x86_64-linux-gnu/libXi.so.6.1.0
7951ab41a000-7951ab41c000 r--p 0000f000 103:05 932869                    /usr/lib/x86_64-linux-gnu/libXi.so.6.1.0
7951ab41c000-7951ab41d000 r--p 00011000 103:05 932869                    /usr/lib/x86_64-linux-gnu/libXi.so.6.1.0
7951ab41d000-7951ab41e000 rw-p 00012000 103:05 932869                    /usr/lib/x86_64-linux-gnu/libXi.so.6.1.0
7951ab41e000-7951ab708000 rw-p 00000000 00:00 0 
7951ab708000-7951af288000 ---p 00000000 00:00 0 
7951af288000-7951af2e5000 rw-p 00000000 00:00 0 
7951af2e5000-7951afa55000 ---p 00000000 00:00 0 
7951afa55000-7951afa88000 rw-p 00000000 00:00 0 
7951afa88000-7951b01f8000 ---p 00000000 00:00 0 
7951b01f8000-7951b01fe000 rw-p 00000000 00:00 0 
7951b01fe000-7951b08de000 rwxp 00000000 00:00 0 
7951b08de000-7951b7736000 ---p 00000000 00:00 0 
7951b7736000-7951b79a6000 rwxp 00000000 00:00 0 
7951b79a6000-7951b7cc8000 ---p 00000000 00:00 0 
7951b7cc8000-7951b7f38000 rwxp 00000000 00:00 0 
7951b7f38000-7951bf200000 ---p 00000000 00:00 0 
7951bf200000-7951c7ec7000 r--s 00000000 103:05 2767885                   /home/alexender19/.jdks/openjdk-26.0.1/lib/modules
7951c7ec7000-7951c7ec8000 rw-s 00000000 00:01 8805                       /memfd:pipewire-memfd:flags=0x0000000f,type=2,size=2312 (deleted)
7951c7ec8000-7951c7ec9000 r--p 00000000 103:05 932870                    /usr/lib/x86_64-linux-gnu/libXinerama.so.1.0.0
7951c7ec9000-7951c7eca000 r-xp 00001000 103:05 932870                    /usr/lib/x86_64-linux-gnu/libXinerama.so.1.0.0
7951c7eca000-7951c7ecb000 r--p 00002000 103:05 932870                    /usr/lib/x86_64-linux-gnu/libXinerama.so.1.0.0
7951c7ecb000-7951c7ecc000 r--p 00002000 103:05 932870                    /usr/lib/x86_64-linux-gnu/libXinerama.so.1.0.0
7951c7ecc000-7951c7ecd000 rw-p 00003000 103:05 932870                    /usr/lib/x86_64-linux-gnu/libXinerama.so.1.0.0
7951c7ecd000-7951c7ecf000 r--p 00000000 103:05 932875                    /usr/lib/x86_64-linux-gnu/libXrender.so.1.3.0
7951c7ecf000-7951c7ed6000 r-xp 00002000 103:05 932875                    /usr/lib/x86_64-linux-gnu/libXrender.so.1.3.0
7951c7ed6000-7951c7ed7000 r--p 00009000 103:05 932875                    /usr/lib/x86_64-linux-gnu/libXrender.so.1.3.0
7951c7ed7000-7951c7ed8000 r--p 00009000 103:05 932875                    /usr/lib/x86_64-linux-gnu/libXrender.so.1.3.0
7951c7ed8000-7951c7ed9000 rw-p 0000a000 103:05 932875                    /usr/lib/x86_64-linux-gnu/libXrender.so.1.3.0
7951c7ed9000-7951c7edd000 r--p 00000000 103:05 932865                    /usr/lib/x86_64-linux-gnu/libXext.so.6.4.0
7951c7edd000-7951c7ee8000 r-xp 00004000 103:05 932865                    /usr/lib/x86_64-linux-gnu/libXext.so.6.4.0
7951c7ee8000-7951c7eeb000 r--p 0000f000 103:05 932865                    /usr/lib/x86_64-linux-gnu/libXext.so.6.4.0
7951c7eeb000-7951c7eec000 r--p 00011000 103:05 932865                    /usr/lib/x86_64-linux-gnu/libXext.so.6.4.0
7951c7eec000-7951c7eed000 rw-p 00012000 103:05 932865                    /usr/lib/x86_64-linux-gnu/libXext.so.6.4.0
7951c7eed000-7951c7eee000 rw-s 00000000 00:01 15855                      /memfd:pipewire-memfd:flags=0x0000000f,type=2,size=2312 (deleted)
7951c7eee000-7951c7eef000 rw-s 00000000 00:01 8804                       /memfd:pipewire-memfd:flags=0x0000000f,type=2,size=4096 (deleted)
7951c7eef000-7951c7ef0000 rw-s 00000000 00:01 1065                       /memfd:pipewire-memfd:flags=0x0000000f,type=2,size=2312 (deleted)
7951c7ef0000-7951c7ef1000 rw-s 00000000 00:01 8803                       /memfd:pipewire-memfd:flags=0x0000000f,type=2,size=2312 (deleted)
7951c7ef1000-7951c7ef7000 r-xp 00000000 103:05 2767872                   /home/alexender19/.jdks/openjdk-26.0.1/lib/libmanagement_ext.so
7951c7ef7000-7951c7ef8000 r--p 00005000 103:05 2767872                   /home/alexender19/.jdks/openjdk-26.0.1/lib/libmanagement_ext.so
7951c7ef8000-7951c7ef9000 rw-p 00006000 103:05 2767872                   /home/alexender19/.jdks/openjdk-26.0.1/lib/libmanagement_ext.so
7951c7ef9000-7951c7efd000 r-xp 00000000 103:05 2767870                   /home/alexender19/.jdks/openjdk-26.0.1/lib/libmanagement.so
7951c7efd000-7951c7efe000 r--p 00003000 103:05 2767870                   /home/alexender19/.jdks/openjdk-26.0.1/lib/libmanagement.so
7951c7efe000-7951c7eff000 rw-p 00004000 103:05 2767870                   /home/alexender19/.jdks/openjdk-26.0.1/lib/libmanagement.so
7951c7eff000-7951c7f00000 ---p 00000000 00:00 0 
7951c7f00000-7951c8000000 rw-p 00000000 00:00 0 
7951c8000000-7951c865c000 rw-p 00000000 00:00 0 
7951c865c000-7951cc000000 ---p 00000000 00:00 0 
7951cc000000-7951cc007000 r--s 00000000 103:05 934772                    /usr/lib/x86_64-linux-gnu/gconv/gconv-modules.cache
7951cc007000-7951cc048000 rw-p 00000000 00:00 0 
7951cc048000-7951cc049000 r--p 00000000 103:05 932859                    /usr/lib/x86_64-linux-gnu/libXau.so.6.0.0
7951cc049000-7951cc04b000 r-xp 00001000 103:05 932859                    /usr/lib/x86_64-linux-gnu/libXau.so.6.0.0
7951cc04b000-7951cc04c000 r--p 00003000 103:05 932859                    /usr/lib/x86_64-linux-gnu/libXau.so.6.0.0
7951cc04c000-7951cc04d000 r--p 00003000 103:05 932859                    /usr/lib/x86_64-linux-gnu/libXau.so.6.0.0
7951cc04d000-7951cc04e000 rw-p 00004000 103:05 932859                    /usr/lib/x86_64-linux-gnu/libXau.so.6.0.0
7951cc04e000-7951cc059000 r-xp 00000000 103:05 2767874                   /home/alexender19/.jdks/openjdk-26.0.1/lib/libnet.so
7951cc059000-7951cc05a000 ---p 0000b000 103:05 2767874                   /home/alexender19/.jdks/openjdk-26.0.1/lib/libnet.so
7951cc05a000-7951cc05b000 r--p 0000b000 103:05 2767874                   /home/alexender19/.jdks/openjdk-26.0.1/lib/libnet.so
7951cc05b000-7951cc05c000 rw-p 0000c000 103:05 2767874                   /home/alexender19/.jdks/openjdk-26.0.1/lib/libnet.so
7951cc05c000-7951cc07d000 r--p 00000000 103:05 1312912                   /usr/share/locale-langpack/es/LC_MESSAGES/libc.mo
7951cc07d000-7951cc07e000 ---p 00000000 00:00 0 
7951cc07e000-7951cc17e000 rw-p 00000000 00:00 0 
7951cc17e000-7951cc17f000 ---p 00000000 00:00 0 
7951cc17f000-7951cc27f000 rw-p 00000000 00:00 0 
7951cc27f000-7951cc2ac000 rw-p 00000000 00:00 0 
7951cc2ac000-7951cca1c000 ---p 00000000 00:00 0 
7951cca1c000-7951cd22f000 rw-p 00000000 00:00 0 
7951cd22f000-7951cd315000 ---p 00000000 00:00 0 
7951cd315000-7951cd323000 rw-p 00000000 00:00 0 
7951cd323000-7951cd400000 ---p 00000000 00:00 0 
7951cd400000-7951ce8a9000 r-xp 00000000 103:05 2767896                   /home/alexender19/.jdks/openjdk-26.0.1/lib/server/libjvm.so
7951ce8a9000-7951ce998000 r--p 014a8000 103:05 2767896                   /home/alexender19/.jdks/openjdk-26.0.1/lib/server/libjvm.so
7951ce998000-7951ce9c1000 rw-p 01597000 103:05 2767896                   /home/alexender19/.jdks/openjdk-26.0.1/lib/server/libjvm.so
7951ce9c1000-7951cea44000 rw-p 00000000 00:00 0 
7951cea44000-7951cea46000 r--p 00000000 103:05 932878                    /usr/lib/x86_64-linux-gnu/libXtst.so.6.1.0
7951cea46000-7951cea49000 r-xp 00002000 103:05 932878                    /usr/lib/x86_64-linux-gnu/libXtst.so.6.1.0
7951cea49000-7951cea4a000 r--p 00005000 103:05 932878                    /usr/lib/x86_64-linux-gnu/libXtst.so.6.1.0
7951cea4a000-7951cea4b000 r--p 00005000 103:05 932878                    /usr/lib/x86_64-linux-gnu/libXtst.so.6.1.0
7951cea4b000-7951cea4c000 rw-p 00006000 103:05 932878                    /usr/lib/x86_64-linux-gnu/libXtst.so.6.1.0
7951cea4c000-7951cea60000 r-xp 00000000 103:05 2767875                   /home/alexender19/.jdks/openjdk-26.0.1/lib/libnio.so
7951cea60000-7951cea61000 r--p 00013000 103:05 2767875                   /home/alexender19/.jdks/openjdk-26.0.1/lib/libnio.so
7951cea61000-7951cea62000 rw-p 00014000 103:05 2767875                   /home/alexender19/.jdks/openjdk-26.0.1/lib/libnio.so
7951cea62000-7951cea69000 r-xp 00000000 103:05 2767884                   /home/alexender19/.jdks/openjdk-26.0.1/lib/libzip.so
7951cea69000-7951cea6a000 ---p 00007000 103:05 2767884                   /home/alexender19/.jdks/openjdk-26.0.1/lib/libzip.so
7951cea6a000-7951cea6b000 r--p 00007000 103:05 2767884                   /home/alexender19/.jdks/openjdk-26.0.1/lib/libzip.so
7951cea6b000-7951cea6c000 rw-p 00008000 103:05 2767884                   /home/alexender19/.jdks/openjdk-26.0.1/lib/libzip.so
7951cea6c000-7951ceab2000 rw-p 00000000 00:00 0 
7951ceab2000-7951ceab9000 ---p 00000000 00:00 0 
7951ceab9000-7951cead9000 r-xp 00000000 103:05 2767860                   /home/alexender19/.jdks/openjdk-26.0.1/lib/libjava.so
7951cead9000-7951ceada000 r--p 0001f000 103:05 2767860                   /home/alexender19/.jdks/openjdk-26.0.1/lib/libjava.so
7951ceada000-7951ceadb000 rw-p 00020000 103:05 2767860                   /home/alexender19/.jdks/openjdk-26.0.1/lib/libjava.so
7951ceadb000-7951ceadc000 rw-p 00000000 00:00 0 
7951ceadc000-7951ceafc000 r-xp 00000000 103:05 2767864                   /home/alexender19/.jdks/openjdk-26.0.1/lib/libjimage.so
7951ceafc000-7951ceafd000 ---p 00020000 103:05 2767864                   /home/alexender19/.jdks/openjdk-26.0.1/lib/libjimage.so
7951ceafd000-7951ceaff000 r--p 00020000 103:05 2767864                   /home/alexender19/.jdks/openjdk-26.0.1/lib/libjimage.so
7951ceaff000-7951ceb00000 rw-p 00022000 103:05 2767864                   /home/alexender19/.jdks/openjdk-26.0.1/lib/libjimage.so
7951ceb00000-7951ceb04000 ---p 00000000 00:00 0 
7951ceb04000-7951cec00000 rw-p 00000000 00:00 0 
7951cec00000-7951cec28000 r--p 00000000 103:05 933015                    /usr/lib/x86_64-linux-gnu/libc.so.6
7951cec28000-7951cedb0000 r-xp 00028000 103:05 933015                    /usr/lib/x86_64-linux-gnu/libc.so.6
7951cedb0000-7951cedff000 r--p 001b0000 103:05 933015                    /usr/lib/x86_64-linux-gnu/libc.so.6
7951cedff000-7951cee03000 r--p 001fe000 103:05 933015                    /usr/lib/x86_64-linux-gnu/libc.so.6
7951cee03000-7951cee05000 rw-p 00202000 103:05 933015                    /usr/lib/x86_64-linux-gnu/libc.so.6
7951cee05000-7951cee12000 rw-p 00000000 00:00 0 
7951cee12000-7951cee13000 rw-s 00000000 00:01 8802                       /memfd:pipewire-memfd:flags=0x0000000f,type=2,size=2312 (deleted)
7951cee13000-7951cee14000 rw-s 00000000 00:01 15864                      /memfd:pipewire-memfd:flags=0x0000000f,type=2,size=2312 (deleted)
7951cee14000-7951cee15000 rw-s 00000000 00:01 1065                       /memfd:pipewire-memfd:flags=0x0000000f,type=2,size=2312 (deleted)
7951cee15000-7951cee17000 r-xp 00000000 103:05 2767853                   /home/alexender19/.jdks/openjdk-26.0.1/lib/libextnet.so
7951cee17000-7951cee18000 r--p 00001000 103:05 2767853                   /home/alexender19/.jdks/openjdk-26.0.1/lib/libextnet.so
7951cee18000-7951cee19000 rw-p 00002000 103:05 2767853                   /home/alexender19/.jdks/openjdk-26.0.1/lib/libextnet.so
7951cee19000-7951cee21000 rw-s 00000000 103:05 786617                    /tmp/hsperfdata_alexender19/36126
7951cee21000-7951cee31000 r--p 00000000 103:05 933358                    /usr/lib/x86_64-linux-gnu/libm.so.6
7951cee31000-7951ceeb0000 r-xp 00010000 103:05 933358                    /usr/lib/x86_64-linux-gnu/libm.so.6
7951ceeb0000-7951cef08000 r--p 0008f000 103:05 933358                    /usr/lib/x86_64-linux-gnu/libm.so.6
7951cef08000-7951cef09000 r--p 000e7000 103:05 933358                    /usr/lib/x86_64-linux-gnu/libm.so.6
7951cef09000-7951cef0a000 rw-p 000e8000 103:05 933358                    /usr/lib/x86_64-linux-gnu/libm.so.6
7951cef0a000-7951cef0b000 r--p 00000000 103:05 933548                    /usr/lib/x86_64-linux-gnu/librt.so.1
7951cef0b000-7951cef0c000 r-xp 00001000 103:05 933548                    /usr/lib/x86_64-linux-gnu/librt.so.1
7951cef0c000-7951cef0d000 r--p 00002000 103:05 933548                    /usr/lib/x86_64-linux-gnu/librt.so.1
7951cef0d000-7951cef0e000 r--p 00002000 103:05 933548                    /usr/lib/x86_64-linux-gnu/librt.so.1
7951cef0e000-7951cef0f000 rw-p 00003000 103:05 933548                    /usr/lib/x86_64-linux-gnu/librt.so.1
7951cef0f000-7951cef13000 rw-p 00000000 00:00 0 
7951cef13000-7951cef14000 r--p 00000000 103:05 933520                    /usr/lib/x86_64-linux-gnu/libpthread.so.0
7951cef14000-7951cef15000 r-xp 00001000 103:05 933520                    /usr/lib/x86_64-linux-gnu/libpthread.so.0
7951cef15000-7951cef16000 r--p 00002000 103:05 933520                    /usr/lib/x86_64-linux-gnu/libpthread.so.0
7951cef16000-7951cef17000 r--p 00002000 103:05 933520                    /usr/lib/x86_64-linux-gnu/libpthread.so.0
7951cef17000-7951cef18000 rw-p 00003000 103:05 933520                    /usr/lib/x86_64-linux-gnu/libpthread.so.0
7951cef18000-7951cef19000 r--p 00000000 103:05 933081                    /usr/lib/x86_64-linux-gnu/libdl.so.2
7951cef19000-7951cef1a000 r-xp 00001000 103:05 933081                    /usr/lib/x86_64-linux-gnu/libdl.so.2
7951cef1a000-7951cef1b000 r--p 00002000 103:05 933081                    /usr/lib/x86_64-linux-gnu/libdl.so.2
7951cef1b000-7951cef1c000 r--p 00002000 103:05 933081                    /usr/lib/x86_64-linux-gnu/libdl.so.2
7951cef1c000-7951cef1d000 rw-p 00003000 103:05 933081                    /usr/lib/x86_64-linux-gnu/libdl.so.2
7951cef1d000-7951cef1f000 r--p 00000000 103:05 933750                    /usr/lib/x86_64-linux-gnu/libz.so.1.3
7951cef1f000-7951cef31000 r-xp 00002000 103:05 933750                    /usr/lib/x86_64-linux-gnu/libz.so.1.3
7951cef31000-7951cef37000 r--p 00014000 103:05 933750                    /usr/lib/x86_64-linux-gnu/libz.so.1.3
7951cef37000-7951cef38000 r--p 0001a000 103:05 933750                    /usr/lib/x86_64-linux-gnu/libz.so.1.3
7951cef38000-7951cef39000 rw-p 0001b000 103:05 933750                    /usr/lib/x86_64-linux-gnu/libz.so.1.3
7951cef39000-7951cef3a000 rw-s 00000000 00:01 9817                       /memfd:pipewire-memfd:flags=0x0000000f,type=2,size=2312 (deleted)
7951cef3a000-7951cef3b000 rw-s 00000000 00:01 14805                      /memfd:pipewire-memfd:flags=0x0000000f,type=2,size=2312 (deleted)
7951cef3b000-7951cef45000 r-xp 00000000 103:05 2767855                   /home/alexender19/.jdks/openjdk-26.0.1/lib/libinstrument.so
7951cef45000-7951cef46000 ---p 0000a000 103:05 2767855                   /home/alexender19/.jdks/openjdk-26.0.1/lib/libinstrument.so
7951cef46000-7951cef47000 r--p 0000a000 103:05 2767855                   /home/alexender19/.jdks/openjdk-26.0.1/lib/libinstrument.so
7951cef47000-7951cef48000 rw-p 0000b000 103:05 2767855                   /home/alexender19/.jdks/openjdk-26.0.1/lib/libinstrument.so
7951cef48000-7951cef49000 ---p 00000000 00:00 0 
7951cef49000-7951cef4a000 r--p 00000000 00:00 0 
7951cef4a000-7951cef4b000 ---p 00000000 00:00 0 
7951cef4b000-7951cef5a000 r-xp 00000000 103:05 2767865                   /home/alexender19/.jdks/openjdk-26.0.1/lib/libjli.so
7951cef5a000-7951cef5b000 r--p 0000e000 103:05 2767865                   /home/alexender19/.jdks/openjdk-26.0.1/lib/libjli.so
7951cef5b000-7951cef5c000 rw-p 0000f000 103:05 2767865                   /home/alexender19/.jdks/openjdk-26.0.1/lib/libjli.so
7951cef5c000-7951cef5e000 rw-p 00000000 00:00 0 
7951cef5e000-7951cef62000 r--p 00000000 00:00 0                          [vvar]
7951cef62000-7951cef64000 r--p 00000000 00:00 0                          [vvar_vclock]
7951cef64000-7951cef66000 r-xp 00000000 00:00 0                          [vdso]
7951cef66000-7951cef67000 r--p 00000000 103:05 932801                    /usr/lib/x86_64-linux-gnu/ld-linux-x86-64.so.2
7951cef67000-7951cef92000 r-xp 00001000 103:05 932801                    /usr/lib/x86_64-linux-gnu/ld-linux-x86-64.so.2
7951cef92000-7951cef9c000 r--p 0002c000 103:05 932801                    /usr/lib/x86_64-linux-gnu/ld-linux-x86-64.so.2
7951cef9c000-7951cef9e000 r--p 00036000 103:05 932801                    /usr/lib/x86_64-linux-gnu/ld-linux-x86-64.so.2
7951cef9e000-7951cefa0000 rw-p 00038000 103:05 932801                    /usr/lib/x86_64-linux-gnu/ld-linux-x86-64.so.2
7ffce794c000-7ffce796d000 rw-p 00000000 00:00 0                          [stack]
ffffffffff600000-ffffffffff601000 --xp 00000000 00:00 0                  [vsyscall]
Total number of mappings: 2488

JVMTI agents:
/snap/intellij-idea/104/lib/idea_rt.jar path:none, loaded, initialized, instrumentlib options:36983


VM Arguments:
jvm_args: -javaagent:/snap/intellij-idea/104/lib/idea_rt.jar=36983 -Dfile.encoding=UTF-8 -Dsun.stdout.encoding=UTF-8 -Dsun.stderr.encoding=UTF-8 
java_command: main.Main
java_class_path (initial): /home/alexender19/Documentos/Proyectos/Juego_2D/out/production/Juego_2D
Launcher Type: SUN_STANDARD

[Global flags]
     bool AOTAdapterCaching                        = false                                  {diagnostic} {ergonomic}
     bool AOTInvokeDynamicLinking                  = false                                  {diagnostic} {ergonomic}
     bool AOTRecordTraining                        = false                                  {diagnostic} {ergonomic}
     bool AOTReplayTraining                        = false                                  {diagnostic} {ergonomic}
     bool AOTStubCaching                           = false                                  {diagnostic} {ergonomic}
     intx CICompilerCount                          = 4                                         {product} {ergonomic}
     uint ConcGCThreads                            = 2                                         {product} {ergonomic}
     uint G1ConcRefinementThreads                  = 8                                         {product} {ergonomic}
     uint G1EagerReclaimRemSetThreshold            = 16                                   {experimental} {ergonomic}
   size_t G1HeapRegionSize                         = 2097152                                   {product} {ergonomic}
     uint G1RemSetArrayOfCardsEntries              = 16                                   {experimental} {ergonomic}
     uint G1RemSetHowlMaxNumBuckets                = 8                                    {experimental} {ergonomic}
     uint G1RemSetHowlNumBuckets                   = 8                                    {experimental} {ergonomic}
   size_t InitialHeapSize                          = 8388608                                   {product} {ergonomic}
     bool IntelJccErratumMitigation                = false                             {ARCH diagnostic} {ergonomic}
   size_t MarkStackSize                            = 4194304                                   {product} {ergonomic}
   size_t MarkStackSizeMax                         = 536870912                                 {product} {ergonomic}
   size_t MaxHeapSize                              = 4099932160                                {product} {ergonomic}
   size_t MaxNewSize                               = 2459959296                                {product} {ergonomic}
 uint64_t MaxRAM                                   = 16395153408                               {product} {ergonomic}
   size_t MinHeapDeltaBytes                        = 2097152                                   {product} {ergonomic}
   size_t MinHeapSize                              = 8388608                                   {product} {ergonomic}
   size_t NonNMethodCodeHeapSize                   = 5840896                                {pd product} {ergonomic}
   size_t NonProfiledCodeHeapSize                  = 122912768                              {pd product} {ergonomic}
   size_t ProfiledCodeHeapSize                     = 122912768                              {pd product} {ergonomic}
   size_t ReservedCodeCacheSize                    = 251666432                              {pd product} {ergonomic}
     bool SegmentedCodeCache                       = true                                      {product} {ergonomic}
   size_t SoftMaxHeapSize                          = 4099932160                             {manageable} {ergonomic}
     bool THPStackMitigation                       = false                                  {diagnostic} {ergonomic}
     bool UseCompressedOops                        = true                           {product lp64_product} {ergonomic}
     bool UseCondCardMark                          = true                                      {product} {ergonomic}
     bool UseFastUnorderedTimeStamps               = true                                 {experimental} {ergonomic}
     bool UseG1GC                                  = true                                      {product} {ergonomic}
      int X86ICacheSync                            = 3                                 {ARCH diagnostic} {ergonomic}

Logging:
Log output configuration:
 #0: stdout all=warning uptime,level,tags foldmultilines=false
 #1: stderr all=off uptime,level,tags foldmultilines=false

Release file:
IMPLEMENTOR="Oracle Corporation"
JAVA_RUNTIME_VERSION="26.0.1+8-34"
JAVA_VERSION="26.0.1"
JAVA_VERSION_DATE="2026-04-21"
LIBC="gnu"
MODULES="java.base java.compiler java.datatransfer java.xml java.prefs java.desktop java.instrument java.logging java.management java.security.sasl java.naming java.rmi java.management.rmi java.net.http java.scripting java.security.jgss java.transaction.xa java.sql java.sql.rowset java.xml.crypto java.se java.smartcardio jdk.accessibility jdk.internal.jvmstat jdk.attach jdk.charsets jdk.internal.opt jdk.zipfs jdk.compiler jdk.crypto.cryptoki jdk.crypto.ec jdk.dynalink jdk.internal.ed jdk.editpad jdk.internal.vm.ci jdk.graal.compiler jdk.graal.compiler.management jdk.hotspot.agent jdk.httpserver jdk.incubator.vector jdk.internal.le jdk.internal.md jdk.jartool jdk.javadoc jdk.jcmd jdk.management jdk.management.agent jdk.jconsole jdk.jdeps jdk.jdwp.agent jdk.jdi jdk.jfr jdk.jlink jdk.jpackage jdk.jshell jdk.jstatd jdk.localedata jdk.management.jfr jdk.naming.dns jdk.naming.rmi jdk.net jdk.nio.mapmode jdk.sctp jdk.security.auth jdk.security.jgss jdk.unsupported jdk.unsupported.desktop jdk.xml.dom"
OS_ARCH="x86_64"
OS_NAME="Linux"
SOURCE=".:git:fcc00fc4aee7"

Environment Variables:
PATH=/usr/local/sbin:/usr/local/bin:/usr/sbin:/usr/bin:/sbin:/bin:/usr/games:/usr/local/games:/snap/bin:/snap/bin
USERNAME=alexender19
SHELL=/bin/bash
DISPLAY=:0
WAYLAND_DISPLAY=wayland-0
LANG=es_ES.UTF-8

Active Locale:
LC_ALL=es_ES.UTF-8
LC_COLLATE=es_ES.UTF-8
LC_CTYPE=es_ES.UTF-8
LC_MESSAGES=es_ES.UTF-8
LC_MONETARY=es_ES.UTF-8
LC_NUMERIC=es_ES.UTF-8
LC_TIME=es_ES.UTF-8

Signal Handlers:
   SIGSEGV: crash_handler in libjvm.so, mask=11100100010111111101111111111110, flags=SA_RESTART|SA_SIGINFO, unblocked
    SIGBUS: crash_handler in libjvm.so, mask=11100100010111111101111111111110, flags=SA_RESTART|SA_SIGINFO, unblocked
    SIGFPE: crash_handler in libjvm.so, mask=11100100010111111101111111111110, flags=SA_RESTART|SA_SIGINFO, unblocked
   SIGPIPE: javaSignalHandler in libjvm.so, mask=11100100010111111101111111111110, flags=SA_RESTART|SA_SIGINFO, blocked
   SIGXFSZ: javaSignalHandler in libjvm.so, mask=11100100010111111101111111111110, flags=SA_RESTART|SA_SIGINFO, blocked
    SIGILL: crash_handler in libjvm.so, mask=11100100010111111101111111111110, flags=SA_RESTART|SA_SIGINFO, unblocked
   SIGUSR2: SR_handler in libjvm.so, mask=00000000000000000000000000000000, flags=SA_RESTART|SA_SIGINFO, blocked
    SIGHUP: UserHandler in libjvm.so, mask=11100100010111111101111111111110, flags=SA_RESTART|SA_SIGINFO, blocked
    SIGINT: UserHandler in libjvm.so, mask=11100100010111111101111111111110, flags=SA_RESTART|SA_SIGINFO, blocked
   SIGTERM: UserHandler in libjvm.so, mask=11100100010111111101111111111110, flags=SA_RESTART|SA_SIGINFO, blocked
   SIGQUIT: UserHandler in libjvm.so, mask=11100100010111111101111111111110, flags=SA_RESTART|SA_SIGINFO, blocked
   SIGTRAP: crash_handler in libjvm.so, mask=11100100010111111101111111111110, flags=SA_RESTART|SA_SIGINFO, unblocked

Compilation memory statistics disabled.

Periodic native trim disabled

---------------  S Y S T E M  ---------------

OS:
DISTRIB_ID=Ubuntu
DISTRIB_RELEASE=24.04
DISTRIB_CODENAME=noble
DISTRIB_DESCRIPTION="Ubuntu 24.04.4 LTS"
uname: Linux 6.17.0-40-generic #40~24.04.1-Ubuntu SMP PREEMPT_DYNAMIC Tue Jun 23 16:48:12 UTC 2 x86_64
OS uptime: 0 days 2:53 hours
libc: glibc 2.39 NPTL 2.39 
rlimit (soft/hard): STACK 8192k/infinity , CORE 0k/infinity , NPROC 61989/61989 , NOFILE 1048576/1048576 , AS infinity/infinity , CPU infinity/infinity , DATA infinity/infinity , FSIZE infinity/infinity , MEMLOCK 2001360k/2001360k
load average: 2,80 2,02 1,80

/proc/meminfo:
MemTotal:       16010892 kB
MemFree:         1205312 kB
MemAvailable:    8997188 kB
Buffers:          177768 kB
Cached:          8049984 kB
SwapCached:            0 kB
Active:          8331424 kB
Inactive:        4937556 kB
Active(anon):    5331412 kB
Inactive(anon):        0 kB
Active(file):    3000012 kB
Inactive(file):  4937556 kB
Unevictable:      716440 kB
Mlocked:            9820 kB
SwapTotal:       4194300 kB
SwapFree:        4194300 kB
Zswap:                 0 kB
Zswapped:              0 kB
Dirty:              5964 kB
Writeback:             0 kB
AnonPages:       5758360 kB
Mapped:          2241000 kB
Shmem:            826880 kB
KReclaimable:     196308 kB
Slab:             472676 kB
SReclaimable:     196308 kB
SUnreclaim:       276368 kB
KernelStack:       33620 kB
PageTables:        66336 kB
SecPageTables:      4252 kB
NFS_Unstable:          0 kB
Bounce:                0 kB
WritebackTmp:          0 kB
CommitLimit:    12199744 kB
Committed_AS:   19418840 kB
VmallocTotal:   34359738367 kB
VmallocUsed:       80072 kB
VmallocChunk:          0 kB
Percpu:             9152 kB
HardwareCorrupted:     0 kB
AnonHugePages:         0 kB
ShmemHugePages:   659456 kB
ShmemPmdMapped:        0 kB
FileHugePages:    133120 kB
FilePmdMapped:         0 kB
CmaTotal:              0 kB
CmaFree:               0 kB
Unaccepted:            0 kB
Balloon:               0 kB
HugePages_Total:       0
HugePages_Free:        0
HugePages_Rsvd:        0
HugePages_Surp:        0
Hugepagesize:       2048 kB
Hugetlb:               0 kB
DirectMap4k:      201644 kB
DirectMap2M:     4675584 kB
DirectMap1G:    11534336 kB

/sys/kernel/mm/transparent_hugepage/enabled: always [madvise] never
/sys/kernel/mm/transparent_hugepage/hpage_pmd_size: 2097152
/sys/kernel/mm/transparent_hugepage/shmem_enabled: always within_size advise [never] deny force
/sys/kernel/mm/transparent_hugepage/defrag (defrag/compaction efforts parameter): always defer defer+madvise [madvise] never

Process Memory:
Virtual Size: 13425620K (peak: 13491108K)
Resident Set Size: 411088K (peak: 411088K) (anon: 361420K, file: 35680K, shmem: 13988K)
Swapped out: 0K
C-Heap outstanding allocations: 206020K, retained: 95359K
glibc malloc tunables: (default)

/proc/sys/kernel/threads-max (system-wide limit on the number of threads): 123978
/proc/sys/vm/max_map_count (maximum number of memory map areas a process may have): 1048576
/proc/sys/vm/swappiness (control to define how aggressively the kernel swaps out anonymous memory): 60
/proc/sys/kernel/pid_max (system-wide limit on number of process identifiers): 4194304

container information not found.
Steal ticks since vm start: 0
Steal ticks percentage since vm start:  0,000

CPU: total 8 (initial active 8) (4 cores per cpu, 2 threads per core) family 6 model 140 stepping 1 microcode 0xbe, cx8, cmov, fxsr, ht, mmx, 3dnowpref, sse, sse2, sse3, ssse3, sse4.1, sse4.2, popcnt, lzcnt, tsc, tscinvbit, avx, avx2, aes, erms, clmul, bmi1, bmi2, adx, avx512f, avx512dq, avx512cd, avx512bw, avx512vl, sha, fma, vzeroupper, avx512_vpopcntdq, avx512_vpclmulqdq, avx512_vaes, avx512_vnni, clflush, clflushopt, clwb, avx512_vbmi2, avx512_vbmi, rdtscp, rdpid, fsrm, gfni, avx512_bitalg, f16c, pku, ospke, cet_ibt, cet_ss, avx512_ifma
CPU Model and flags from /proc/cpuinfo:
model name	: 11th Gen Intel(R) Core(TM) i7-1165G7 @ 2.80GHz
flags		: fpu vme de pse tsc msr pae mce cx8 apic sep mtrr pge mca cmov pat pse36 clflush dts acpi mmx fxsr sse sse2 ss ht tm pbe syscall nx pdpe1gb rdtscp lm constant_tsc art arch_perfmon pebs bts rep_good nopl xtopology nonstop_tsc cpuid aperfmperf tsc_known_freq pni pclmulqdq dtes64 monitor ds_cpl vmx est tm2 ssse3 sdbg fma cx16 xtpr pdcm pcid sse4_1 sse4_2 x2apic movbe popcnt tsc_deadline_timer aes xsave avx f16c rdrand lahf_lm abm 3dnowprefetch cpuid_fault epb cat_l2 cdp_l2 ssbd ibrs ibpb stibp ibrs_enhanced tpr_shadow flexpriority ept vpid ept_ad fsgsbase tsc_adjust bmi1 avx2 smep bmi2 erms invpcid rdt_a avx512f avx512dq rdseed adx smap avx512ifma clflushopt clwb intel_pt avx512cd sha_ni avx512bw avx512vl xsaveopt xsavec xgetbv1 xsaves split_lock_detect user_shstk dtherm ida arat pln pts hwp hwp_notify hwp_act_window hwp_epp hwp_pkg_req vnmi avx512vbmi umip pku ospke avx512_vbmi2 gfni vaes vpclmulqdq avx512_vnni avx512_bitalg avx512_vpopcntdq rdpid movdiri movdir64b fsrm avx512_vp2intersect md_clear ibt flush_l1d arch_capabilities

Online cpus: 0-7
Offline cpus: 
BIOS frequency limitation: <Not Available>
Frequency switch latency (ns): 0
Available cpu frequencies: <Not Available>
Current governor: powersave
Core performance/turbo boost: <Not Available>

Memory: 4k page, physical 16010892k(8997188k free), swap 4194300k(4194300k free)
Page Sizes: 4k

vm_info: OpenJDK 64-Bit Server VM (26.0.1+8-34) for linux-amd64 JRE (26.0.1+8-34), built on 2026-03-10T17:24:10Z with gcc 14.2.0

END.
