#
# A fatal error has been detected by the Java Runtime Environment:
#
#  SIGSEGV (0xb) at pc=0x000071d4bed3b0db, pid=6428, tid=10900
#
# JRE version: OpenJDK Runtime Environment (26.0.1+8) (build 26.0.1+8-34)
# Java VM: OpenJDK 64-Bit Server VM (26.0.1+8-34, mixed mode, sharing, tiered, compressed oops, compressed class ptrs, g1 gc, linux-amd64)
# Problematic frame:
# C  [libpipewire-0.3.so.0+0x470db]
#
# Core dump will be written. Default location: Determined by the following: "/usr/share/apport/apport -p%p -s%s -c%c -d%d -P%P -u%u -g%g -F%F -- %E" (alternatively, falling back to /home/alexender19/Documentos/Proyectos/Juego_2D/core.6428)
#
# If you would like to submit a bug report, please visit:
#   https://bugreport.java.com/bugreport/crash.jsp
#

---------------  S U M M A R Y ------------

Command Line: -javaagent:/snap/intellij-idea/98/lib/idea_rt.jar=46387 -Dfile.encoding=UTF-8 -Dsun.stdout.encoding=UTF-8 -Dsun.stderr.encoding=UTF-8 main.Main

Host: 11th Gen Intel(R) Core(TM) i7-1165G7 @ 2.80GHz, 8 cores, 15G, Ubuntu 24.04.4 LTS
Time: Thu Jul 16 15:30:06 2026 CST elapsed time: 153.388728 seconds (0d 0h 2m 33s)

---------------  T H R E A D  ---------------

Current thread is native thread

Stack: [0x000071d347b54000,0x000071d348354000],  sp=0x000071d348352a40,  free space=8186k
Native frames: (J=compiled Java code, j=interpreted, Vv=VM code, C=native code)
C  [libpipewire-0.3.so.0+0x470db]
C  [libpipewire-module-protocol-native.so+0x1fd32]
C  [libpipewire-module-protocol-native.so+0x15ee1]
C  [libpipewire-module-protocol-native.so+0x166c8]
C  [libspa-support.so+0x8d16]
C  [libpipewire-0.3.so.0+0x91c67]
C  [libc.so.6+0x9caa4]

siginfo: si_signo: 11 (SIGSEGV), si_code: 1 (SEGV_MAPERR), si_addr: 0x0000000000000008

Registers:
RAX=0x0000000000000000, RBX=0x0000000000000003, RCX=0x00000000ffffffff, RDX=0x0000000000000000
RSP=0x000071d348352a40, RBP=0x000071d348352a70, RSI=0x0000000000000000, RDI=0x000071d4893e34a0
R8 =0x0000000000000003, R9 =0x000071d4bed3b080, R10=0x0000000000000048, R11=0x0000000000000007
R12=0x000071d4893e0cb0, R13=0x0000000000000000, R14=0x00000000ffffffff, R15=0x0000000000000002
RIP=0x000071d4bed3b0db, EFLAGS=0x0000000000010246, CSGSFS=0x002b000000000033, ERR=0x0000000000000004
  TRAPNO=0x000000000000000e

XMM[0]=0x0000000000000000 0x0000000000000000
XMM[1]=0x0000000000000000 0x0000000000000000
XMM[2]=0x000071d4893f4d88 0x0000000600000000
XMM[3]=0x000071d4893e35f8 0x0000000000000048
XMM[4]=0x0000000000000000 0x000071d53c000090
XMM[5]=0x0000000000000000 0x0000000000000000
XMM[6]=0x0000000000000000 0x0000000000000000
XMM[7]=0x000071d510095195 0x000071d5100951f4
XMM[8]=0x000071d4893d9620 0x000071d4893d9620
XMM[9]=0x000071d4893d9610 0x000071d4893d9610
XMM[10]=0x000071d4893d9600 0x000071d4893d9600
XMM[11]=0x000071d4893d95f0 0x000071d4893d95f0
XMM[12]=0x000071d4893d95e0 0x000071d4893d95e0
XMM[13]=0x000071d4893d95d0 0x000071d4893d95d0
XMM[14]=0x000071d4893d95c0 0x000071d4893d95c0
XMM[15]=0x000071d4893d95b0 0x000071d4893d95b0
  MXCSR=0x00001fa2


Top of Stack: (sp=0x000071d348352a40)
0x000071d348352a40:   000071d4893e3500 00000000ffffffff   .5>..q..........
0x000071d348352a50:   000071d4893e0d08 0000000000000001   ..>..q..........
0x000071d348352a60:   000071d4893e3500 0000000000000001   .5>..q..........
0x000071d348352a70:   000071d348352b20 000071d4be181d32    +5H.q..2....q..
0x000071d348352a80:   000071d348352b20 00000003be180dce    +5H.q..........
0x000071d348352a90:   0000000000000002 ffffffffffffffff   ................
0x000071d348352aa0:   000071d4893f4d88 0000000000000048   .M?..q..H.......
0x000071d348352ab0:   0000000000000048 0000000000000000   H...............
0x000071d348352ac0:   000071d4893cd9f8 000071d4893e0d50   ..<..q..P.>..q..
0x000071d348352ad0:   0000000000000000 0000000000000000   ................
0x000071d348352ae0:   0000000000000000 0000000000000000   ................
0x000071d348352af0:   0000000000000000 d68ab833ac8a3000   .........0..3...
0x000071d348352b00:   000071d4893e35c0 000071d4893e0cb0   .5>..q....>..q..
0x000071d348352b10:   000071d4893e35c0 000071d4893e0cb0   .5>..q....>..q..
0x000071d348352b20:   000071d348352b80 000071d4be177ee1   .+5H.q...~...q..
0x000071d348352b30:   0000000000000000 000071d348352b40   ........@+5H.q..
0x000071d348352b40:   000071d4893ed878 d68ab833ac8a3000   x.>..q...0..3...
0x000071d348352b50:   000071d4893ed940 000071d4893e0cb0   @.>..q....>..q..
0x000071d348352b60:   000071d4890c8450 000071d4893e3500   P....q...5>..q..
0x000071d348352b70:   0000000000000dca 0000000000000001   ................
0x000071d348352b80:   000071d348352c20 000071d4be1786c8    ,5H.q.......q..
0x000071d348352b90:   0000000000000000 000071d4893e35c0   .........5>..q..
0x000071d348352ba0:   0000000000000000 0000000000000008   ................
0x000071d348352bb0:   000071d300000004 0000000000000008   .....q..........
0x000071d348352bc0:   000071d348352bd0 000071d4893c0d50   .+5H.q..P.<..q..
0x000071d348352bd0:   000071d348352c20 000071d5448a0157    ,5H.q..W..D.q..
0x000071d348352be0:   0000000000000000 d68ab833ac8a3000   .........0..3...
0x000071d348352bf0:   0000000000000001 000071d348352c58   ........X,5H.q..
0x000071d348352c00:   000071d348352c58 000071d348352c68   X,5H.q..h,5H.q..
0x000071d348352c10:   0000000000000001 000071d4893cfc30   ........0.<..q..
0x000071d348352c20:   000071d348352e90 000071d5100a8d16   ..5H.q.......q..
0x000071d348352c30:   0000000000000000 0000000000000000   ................

Instructions: (pc=0x000071d4bed3b0db)
  0x000071d4bed3afdb:   49 8b 84 24 08 01 00 00 89 de 48 c1 e8 03 48 39
  0x000071d4bed3afeb:   c6 73 32 49 8b 84 24 00 01 00 00 48 8b 3c f0 40
  0x000071d4bed3affb:   f6 c7 01 75 20 48 85 ff 74 1b 48 8d 65 e8 44 89
  0x000071d4bed3b00b:   ee 5b 41 5c 41 5d 5d e9 99 55 03 00 66 0f 1f 84
  0x000071d4bed3b01b:   00 00 00 00 00 48 8d 65 e8 5b 41 5c 41 5d 5d c3
  0x000071d4bed3b02b:   0f 1f 44 00 00 48 8b 05 81 6f 09 00 83 38 03 76
  0x000071d4bed3b03b:   9f 48 83 ec 08 4c 8d 0d 7f 39 05 00 31 c0 b9 47
  0x000071d4bed3b04b:   00 00 00 41 55 4c 8d 05 b9 fa 05 00 48 8d 15 26
  0x000071d4bed3b05b:   39 05 00 bf 04 00 00 00 53 48 8d 35 e5 6f 09 00
  0x000071d4bed3b06b:   41 54 e8 fe bf 01 00 48 83 c4 20 e9 60 ff ff ff
  0x000071d4bed3b07b:   0f 1f 44 00 00 f3 0f 1e fa 55 48 89 e5 41 57 41
  0x000071d4bed3b08b:   89 d7 41 56 41 89 ce 41 55 41 89 f5 41 54 49 89
  0x000071d4bed3b09b:   fc 53 44 89 c3 48 83 ec 08 80 3d b9 6f 09 00 00
  0x000071d4bed3b0ab:   0f 84 9f 00 00 00 31 c0 83 3d a6 6f 09 00 03 0f
  0x000071d4bed3b0bb:   97 c0 48 85 c0 0f 85 b1 00 00 00 49 8b bc 24 98
  0x000071d4bed3b0cb:   00 00 00 89 de 44 89 f1 44 89 fa e8 95 d9 01 00
=>0x000071d4bed3b0db:   44 8b 40 08 48 89 c3 45 39 e8 74 59 80 3d 76 6f
  0x000071d4bed3b0eb:   09 00 00 75 78 48 8b 05 c1 6e 09 00 8b 00 85 c0
  0x000071d4bed3b0fb:   0f 95 c0 0f b6 c0 48 85 c0 0f 85 b0 00 00 00 31
  0x000071d4bed3b10b:   c0 44 89 e9 48 8d 15 5a 9f 05 00 4c 89 e7 be ea
  0x000071d4bed3b11b:   ff ff ff e8 6d 2b 03 00 83 6b 0c 01 75 17 48 8d
  0x000071d4bed3b12b:   65 d8 48 89 df 5b 41 5c 41 5d 41 5e 41 5f 5d e9
  0x000071d4bed3b13b:   21 de 01 00 90 48 8d 65 d8 5b 41 5c 41 5d 41 5e
  0x000071d4bed3b14b:   41 5f 5d c3 90 48 8b 05 61 6e 09 00 83 38 03 0f
  0x000071d4bed3b15b:   97 c0 0f b6 c0 e9 58 ff ff ff 0f 1f 00 8b 15 f2
  0x000071d4bed3b16b:   6e 09 00 31 c0 85 d2 0f 95 c0 eb 8a 48 83 ec 08
  0x000071d4bed3b17b:   4c 8d 0d 96 9e 05 00 31 c0 b9 51 00 00 00 53 4c
  0x000071d4bed3b18b:   8d 05 5f f9 05 00 48 8d 15 ec 37 05 00 bf 04 00
  0x000071d4bed3b19b:   00 00 41 56 48 8d 35 aa 6e 09 00 41 57 41 55 41
  0x000071d4bed3b1ab:   54 e8 bf be 01 00 48 83 c4 30 e9 0c ff ff ff 41
  0x000071d4bed3b1bb:   50 4c 8d 0d 7d 9e 05 00 b9 55 00 00 00 31 c0 41
  0x000071d4bed3b1cb:   56 4c 8d 05 1d f9 05 00 48 8d 15 aa 37 05 00 bf



---------------  P R O C E S S  ---------------

VM state: not at safepoint (normal execution)

VM Mutex/Monitor currently owned by a thread: None

Heap address: 0x000000070ba00000, size: 3910 MB, Compressed Oops mode: Zero based, Oop shift amount: 3

CDS archive(s) mapped at: [0x000000006d000000-0x000000006dda6000-0x000000006dda6000), size 14311424, SharedBaseAddress: 0x000000006d000000, ArchiveRelocationMode: 1.
Compressed class space mapped at: 0x000000006e000000-0x00000000ae000000, reserved size: 1073741824
UseCompressedClassPointers 1, UseCompactObjectHeaders 0
Narrow klass pointer bits 32, Max shift 3
Narrow klass base: 0x000000006d000000, Narrow klass shift: 0
Encoding Range: [0x000000006d000000 - 0x000000016d000000), (4294967296 bytes)
Klass Range:    [0x000000006d000000 - 0x00000000ae000000), (1090519040 bytes)
Klass ID Range:  [8 - 1090519033) (1090519025)
Protection zone: [0x000000006d000000 - 0x000000006d001000), (4096 bytes)

GC Precious Log:
<Skipped>

Heap:
 garbage-first heap   total reserved 4003840K, committed 92160K, used 63343K [0x000000070ba00000, 0x0000000800000000)
  region size 2M, 15 eden (30M), 2 survivor (4M), 10 old (20M), 7 humongous (14M), 11 free (22M)

Heap Regions: E=young(eden), S=young(survivor), O=old, HS=humongous(starts), HC=humongous(continues), CS=collection set, F=free, TAMS=top-at-mark-start, PB=parsable bottom
|    0|0x000000070ba00000, 0x000000070bc00000, 0x000000070bc00000|100%| O|  |TAMS 0x000000070ba00000| PB 0x000000070ba00000| Untracked |  0
|    1|0x000000070bc00000, 0x000000070be00000, 0x000000070be00000|100%| O|  |TAMS 0x000000070bc00000| PB 0x000000070bc00000| Untracked |  0
|    2|0x000000070be00000, 0x000000070c000000, 0x000000070c000000|100%| O|  |TAMS 0x000000070be00000| PB 0x000000070be00000| Untracked |  0
|    3|0x000000070c000000, 0x000000070c200000, 0x000000070c200000|100%|HS|  |TAMS 0x000000070c000000| PB 0x000000070c000000| Complete  |  0
|    4|0x000000070c200000, 0x000000070c400000, 0x000000070c400000|100%|HC|  |TAMS 0x000000070c200000| PB 0x000000070c200000| Complete  |  0
|    5|0x000000070c400000, 0x000000070c600000, 0x000000070c600000|100%| O|  |TAMS 0x000000070c400000| PB 0x000000070c400000| Untracked |  0
|    6|0x000000070c600000, 0x000000070c800000, 0x000000070c800000|100%| O|  |TAMS 0x000000070c600000| PB 0x000000070c600000| Untracked |  0
|    7|0x000000070c800000, 0x000000070ca00000, 0x000000070ca00000|100%| O|  |TAMS 0x000000070c800000| PB 0x000000070c800000| Untracked |  0
|    8|0x000000070ca00000, 0x000000070cc00000, 0x000000070cc00000|100%| O|  |TAMS 0x000000070ca00000| PB 0x000000070ca00000| Untracked |  0
|    9|0x000000070cc00000, 0x000000070ce00000, 0x000000070ce00000|100%| O|  |TAMS 0x000000070cc00000| PB 0x000000070cc00000| Untracked |  0
|   10|0x000000070ce00000, 0x000000070ceb7e28, 0x000000070d000000| 35%| O|  |TAMS 0x000000070ce00000| PB 0x000000070ce00000| Untracked |  0
|   11|0x000000070d000000, 0x000000070d200000, 0x000000070d200000|100%|HS|  |TAMS 0x000000070d000000| PB 0x000000070d000000| Complete  |  0
|   12|0x000000070d200000, 0x000000070d400000, 0x000000070d400000|100%|HC|  |TAMS 0x000000070d200000| PB 0x000000070d200000| Complete  |  0
|   13|0x000000070d400000, 0x000000070d600000, 0x000000070d600000|100%|HC|  |TAMS 0x000000070d400000| PB 0x000000070d400000| Complete  |  0
|   14|0x000000070d600000, 0x000000070d800000, 0x000000070d800000|100%|HC|  |TAMS 0x000000070d600000| PB 0x000000070d600000| Complete  |  0
|   15|0x000000070d800000, 0x000000070da00000, 0x000000070da00000|100%|HC|  |TAMS 0x000000070d800000| PB 0x000000070d800000| Complete  |  0
|   16|0x000000070da00000, 0x000000070da00000, 0x000000070dc00000|  0%| F|  |TAMS 0x000000070da00000| PB 0x000000070da00000| Untracked |  0
|   17|0x000000070dc00000, 0x000000070dc00000, 0x000000070de00000|  0%| F|  |TAMS 0x000000070dc00000| PB 0x000000070dc00000| Untracked |  0
|   18|0x000000070de00000, 0x000000070de00000, 0x000000070e000000|  0%| F|  |TAMS 0x000000070de00000| PB 0x000000070de00000| Untracked |  0
|   19|0x000000070e000000, 0x000000070e000000, 0x000000070e200000|  0%| F|  |TAMS 0x000000070e000000| PB 0x000000070e000000| Untracked |  0
|   20|0x000000070e200000, 0x000000070e200000, 0x000000070e400000|  0%| F|  |TAMS 0x000000070e200000| PB 0x000000070e200000| Untracked |  0
|   21|0x000000070e400000, 0x000000070e400000, 0x000000070e600000|  0%| F|  |TAMS 0x000000070e400000| PB 0x000000070e400000| Untracked |  0
|   22|0x000000070e600000, 0x000000070e600000, 0x000000070e800000|  0%| F|  |TAMS 0x000000070e600000| PB 0x000000070e600000| Untracked |  0
|   23|0x000000070e800000, 0x000000070e800000, 0x000000070ea00000|  0%| F|  |TAMS 0x000000070e800000| PB 0x000000070e800000| Untracked |  0
|   24|0x000000070ea00000, 0x000000070ea00000, 0x000000070ec00000|  0%| F|  |TAMS 0x000000070ea00000| PB 0x000000070ea00000| Untracked |  0
|   25|0x000000070ec00000, 0x000000070ec00000, 0x000000070ee00000|  0%| F|  |TAMS 0x000000070ec00000| PB 0x000000070ec00000| Untracked |  0
|   26|0x000000070ee00000, 0x000000070ee00000, 0x000000070f000000|  0%| F|  |TAMS 0x000000070ee00000| PB 0x000000070ee00000| Untracked |  0
|   27|0x000000070f000000, 0x000000070f0d3ad0, 0x000000070f200000| 41%| E|CS|TAMS 0x000000070f000000| PB 0x000000070f000000| Complete  |  1
|   28|0x000000070f200000, 0x000000070f400000, 0x000000070f400000|100%| E|CS|TAMS 0x000000070f200000| PB 0x000000070f200000| Complete  |  0
|   29|0x000000070f400000, 0x000000070f600000, 0x000000070f600000|100%| E|CS|TAMS 0x000000070f400000| PB 0x000000070f400000| Complete  |  0
|   30|0x000000070f600000, 0x000000070f800000, 0x000000070f800000|100%| E|CS|TAMS 0x000000070f600000| PB 0x000000070f600000| Complete  |  0
|   31|0x000000070f800000, 0x000000070fa00000, 0x000000070fa00000|100%| E|CS|TAMS 0x000000070f800000| PB 0x000000070f800000| Complete  |  0
|   32|0x000000070fa00000, 0x000000070fc00000, 0x000000070fc00000|100%| E|CS|TAMS 0x000000070fa00000| PB 0x000000070fa00000| Complete  |  0
|   33|0x000000070fc00000, 0x000000070fe00000, 0x000000070fe00000|100%| E|CS|TAMS 0x000000070fc00000| PB 0x000000070fc00000| Complete  |  0
|   34|0x000000070fe00000, 0x0000000710000000, 0x0000000710000000|100%| E|CS|TAMS 0x000000070fe00000| PB 0x000000070fe00000| Complete  |  0
|   35|0x0000000710000000, 0x0000000710200000, 0x0000000710200000|100%| S|CS|TAMS 0x0000000710000000| PB 0x0000000710000000| Complete  |  0
|   36|0x0000000710200000, 0x0000000710400000, 0x0000000710400000|100%| S|CS|TAMS 0x0000000710200000| PB 0x0000000710200000| Complete  |  0
|   37|0x0000000710400000, 0x0000000710600000, 0x0000000710600000|100%| E|CS|TAMS 0x0000000710400000| PB 0x0000000710400000| Complete  |  0
|   38|0x0000000710600000, 0x0000000710800000, 0x0000000710800000|100%| E|CS|TAMS 0x0000000710600000| PB 0x0000000710600000| Complete  |  0
|   39|0x0000000710800000, 0x0000000710a00000, 0x0000000710a00000|100%| E|CS|TAMS 0x0000000710800000| PB 0x0000000710800000| Complete  |  0
|   40|0x0000000710a00000, 0x0000000710c00000, 0x0000000710c00000|100%| E|CS|TAMS 0x0000000710a00000| PB 0x0000000710a00000| Complete  |  0
|   41|0x0000000710c00000, 0x0000000710e00000, 0x0000000710e00000|100%| E|CS|TAMS 0x0000000710c00000| PB 0x0000000710c00000| Complete  |  0
|   42|0x0000000710e00000, 0x0000000711000000, 0x0000000711000000|100%| E|CS|TAMS 0x0000000710e00000| PB 0x0000000710e00000| Complete  |  0
|   43|0x0000000711000000, 0x0000000711200000, 0x0000000711200000|100%| E|CS|TAMS 0x0000000711000000| PB 0x0000000711000000| Complete  |  0
| 1954|0x00000007ffe00000, 0x00000007fff24178, 0x0000000800000000| 57%| O|  |TAMS 0x00000007ffe00000| PB 0x00000007ffe00000| Untracked |  0

Card table byte_map: [0x000071d5415dc000,0x000071d541d7f000] _byte_map_base: 0x000071d53dd7f000
Refinement table byte_map: [0x000071d540e39000,0x000071d5415dc000] _byte_map_base: 0x000071d53d5dc000

Marking Bits: (CMBitMap*) 0x000071d53c07b640
 Bits: [0x000071d5204e6000, 0x000071d5241fe000)

Polling page: 0x000071d544ae7000

Metaspace:
Metaspace        used 16057K, committed 16320K, reserved 1114112K
 class space     used 1540K, committed 1664K, reserved 1048576K

Usage:
  Non-class:     14,18 MB used.
      Class:      1,50 MB used.
       Both:     15,68 MB used.

Virtual space:
  Non-class space:       64,00 MB reserved,      14,31 MB ( 22%) committed,  1 nodes.
      Class space:        1,00 GB reserved,       1,62 MB ( <1%) committed,  1 nodes.
             Both:        1,06 GB reserved,      15,94 MB (  1%) committed. 

Chunk freelists:
   Non-Class:  985,00 KB
       Class:  14,23 MB
        Both:  15,19 MB

MaxMetaspaceSize: unlimited
CompressedClassSpaceSize: 1,00 GB
Initial GC threshold: 21,00 MB
Current GC threshold: 21,00 MB
CDS: on
 - commit_granule_bytes: 65536.
 - commit_granule_words: 8192.
 - virtual_space_node_default_size: 8388608.
 - enlarge_chunks_in_place: 1.
UseCompressedClassPointers 1, UseCompactObjectHeaders 0
Narrow klass pointer bits 32, Max shift 3
Narrow klass base: 0x000000006d000000, Narrow klass shift: 0
Encoding Range: [0x000000006d000000 - 0x000000016d000000), (4294967296 bytes)
Klass Range:    [0x000000006d000000 - 0x00000000ae000000), (1090519040 bytes)
Klass ID Range:  [8 - 1090519033) (1090519025)
Protection zone: [0x000000006d000000 - 0x000000006d001000), (4096 bytes)


Internal statistics:

num_allocs_failed_limit: 0.
num_arena_births: 250.
num_arena_deaths: 0.
num_vsnodes_births: 2.
num_vsnodes_deaths: 0.
num_space_committed: 255.
num_space_uncommitted: 0.
num_chunks_returned_to_freelist: 0.
num_chunks_taken_from_freelist: 384.
num_chunk_merges: 0.
num_chunk_splits: 212.
num_chunks_enlarged: 81.
num_inconsistent_stats: 0.

CodeHeap 'non-profiled nmethods': size=120032Kb used=2074Kb max_used=2074Kb free=117958Kb
 bounds [0x000071d52bcc8000, 0x000071d52bf38000, 0x000071d533200000]
CodeHeap 'profiled nmethods': size=120032Kb used=5947Kb max_used=5947Kb free=114084Kb
 bounds [0x000071d5241fe000, 0x000071d5247ce000, 0x000071d52b736000]
CodeHeap 'non-nmethods': size=5704Kb used=1925Kb max_used=2047Kb free=3778Kb
 bounds [0x000071d52b736000, 0x000071d52b9a6000, 0x000071d52bcc8000]
CodeCache: size=245768Kb, used=9946Kb, max_used=10068Kb, free=235820Kb
 total_blobs=4677, nmethods=3915, adapters=667, full_count=0
Compilation: enabled, stopped_count=0, restarted_count=0

Compilation events (20 events):
Event: 151,296 Thread 0x000071d53c0fde10 3906       4       sun.java2d.marlin.DMarlinRenderingEngine::strokeTo (397 bytes)
Event: 151,300 Thread 0x000071d53c0fde10 nmethod 3906 0x000071d52bec6588 code [0x000071d52bec66a0, 0x000071d52bec6d70]
Event: 151,330 Thread 0x000071d53c0fde10 3907   !   4       sun.font.FontDesignMetrics::getMetrics (265 bytes)
Event: 151,347 Thread 0x000071d53c0fde10 nmethod 3907 0x000071d52bec6d88 code [0x000071d52bec6e80, 0x000071d52bec8ac8]
Event: 151,397 Thread 0x000071d53c0fde10 3908       4       sun.java2d.Disposer::addRecord (17 bytes)
Event: 151,397 Thread 0x000071d53c0fde10 nmethod 3908 0x000071d52bec8b08 code [0x000071d52bec8c00, 0x000071d52bec8d00]
Event: 151,397 Thread 0x000071d53c0fde10 3909       4       sun.font.FontDesignMetrics$MetricsKey::equals (49 bytes)
Event: 151,399 Thread 0x000071d53c0fde10 nmethod 3909 0x000071d52bec8e08 code [0x000071d52bec8f00, 0x000071d52bec9300]
Event: 151,697 Thread 0x000071d53c0fde10 3910       4       java.awt.image.BufferedImage::<init> (1021 bytes)
Event: 151,717 Thread 0x000071d53c0fde10 nmethod 3910 0x000071d52bec9308 code [0x000071d52bec9400, 0x000071d52beca708]
Event: 151,744 Thread 0x000071d53c0fde10 3911       4       java.awt.image.DirectColorModel::createCompatibleWritableRaster (114 bytes)
Event: 151,770 Thread 0x000071d53c0fde10 nmethod 3911 0x000071d52beca788 code [0x000071d52beca880, 0x000071d52becc1c8]
Event: 151,780 Thread 0x000071d53c0fde10 3912       4       sun.awt.image.BufImgSurfaceData::createData (909 bytes)
Event: 151,786 Thread 0x000071d53c0fde10 nmethod 3912 0x000071d52becc208 code [0x000071d52becc300, 0x000071d52beccbd0]
Event: 152,263 Thread 0x000071d53c0fde10 3913       4       java.lang.FdLibm$Acos::compute (407 bytes)
Event: 152,263 Thread 0x000071d53c0fde10 nmethod 3913 0x000071d52beccc08 code [0x000071d52beccd80, 0x000071d52beccef0]
Event: 152,645 Thread 0x000071d53c0fde10 3914       4       main.UI::drawSubWindow (111 bytes)
Event: 152,653 Thread 0x000071d53c0fde10 nmethod 3914 0x000071d52beccf08 code [0x000071d52becd020, 0x000071d52bece448]
Event: 152,776 Thread 0x000071d53c0fde10 3915       4       java.util.ImmutableCollections$SetN::probe (56 bytes)
Event: 152,779 Thread 0x000071d53c0fde10 nmethod 3915 0x000071d52bece488 code [0x000071d52bece580, 0x000071d52bece7d8]

GC Heap Usage History (20 events):
Event: 0,130 {heap Before GC invocations=0 (full 0):
 garbage-first heap   total reserved 4003840K, committed 10240K, used 5264K [0x000000070ba00000, 0x0000000800000000)
  region size 2M, 2 eden (4M), 0 survivor (0M), 1 old (2M), 0 humongous (0M), 2 free (4M)
}
Event: 0,132 {heap After GC invocations=1 (full 0):
 garbage-first heap   total reserved 4003840K, committed 10240K, used 2192K [0x000000070ba00000, 0x0000000800000000)
  region size 2M, 0 eden (0M), 1 survivor (2M), 1 old (2M), 0 humongous (0M), 3 free (6M)
}
Event: 0,146 {heap Before GC invocations=1 (full 0):
 garbage-first heap   total reserved 4003840K, committed 10240K, used 4240K [0x000000070ba00000, 0x0000000800000000)
  region size 2M, 1 eden (2M), 1 survivor (2M), 1 old (2M), 0 humongous (0M), 2 free (4M)
}
Event: 0,148 {heap After GC invocations=2 (full 0):
 garbage-first heap   total reserved 4003840K, committed 10240K, used 2223K [0x000000070ba00000, 0x0000000800000000)
  region size 2M, 0 eden (0M), 1 survivor (2M), 1 old (2M), 0 humongous (0M), 3 free (6M)
}
Event: 0,181 {heap Before GC invocations=2 (full 0):
 garbage-first heap   total reserved 4003840K, committed 10240K, used 4271K [0x000000070ba00000, 0x0000000800000000)
  region size 2M, 1 eden (2M), 1 survivor (2M), 1 old (2M), 0 humongous (0M), 2 free (4M)
}
Event: 0,183 {heap After GC invocations=3 (full 0):
 garbage-first heap   total reserved 4003840K, committed 30720K, used 3091K [0x000000070ba00000, 0x0000000800000000)
  region size 2M, 0 eden (0M), 1 survivor (2M), 1 old (2M), 0 humongous (0M), 13 free (26M)
}
Event: 0,248 {heap Before GC invocations=3 (full 0):
 garbage-first heap   total reserved 4003840K, committed 30720K, used 15379K [0x000000070ba00000, 0x0000000800000000)
  region size 2M, 7 eden (14M), 1 survivor (2M), 1 old (2M), 0 humongous (0M), 6 free (12M)
}
Event: 0,252 {heap After GC invocations=4 (full 0):
 garbage-first heap   total reserved 4003840K, committed 30720K, used 3877K [0x000000070ba00000, 0x0000000800000000)
  region size 2M, 0 eden (0M), 1 survivor (2M), 2 old (4M), 0 humongous (0M), 12 free (24M)
}
Event: 0,287 {heap Before GC invocations=4 (full 0):
 garbage-first heap   total reserved 4003840K, committed 30720K, used 16165K [0x000000070ba00000, 0x0000000800000000)
  region size 2M, 6 eden (12M), 1 survivor (2M), 2 old (4M), 0 humongous (0M), 6 free (12M)
}
Event: 0,289 {heap After GC invocations=5 (full 0):
 garbage-first heap   total reserved 4003840K, committed 30720K, used 4108K [0x000000070ba00000, 0x0000000800000000)
  region size 2M, 0 eden (0M), 1 survivor (2M), 2 old (4M), 0 humongous (0M), 12 free (24M)
}
Event: 0,461 {heap Before GC invocations=5 (full 0):
 garbage-first heap   total reserved 4003840K, committed 30720K, used 18444K [0x000000070ba00000, 0x0000000800000000)
  region size 2M, 7 eden (14M), 1 survivor (2M), 2 old (4M), 0 humongous (0M), 5 free (10M)
}
Event: 0,463 {heap After GC invocations=6 (full 0):
 garbage-first heap   total reserved 4003840K, committed 30720K, used 8030K [0x000000070ba00000, 0x0000000800000000)
  region size 2M, 0 eden (0M), 1 survivor (2M), 4 old (8M), 0 humongous (0M), 10 free (20M)
}
Event: 4,089 {heap Before GC invocations=6 (full 0):
 garbage-first heap   total reserved 4003840K, committed 30720K, used 16222K [0x000000070ba00000, 0x0000000800000000)
  region size 2M, 3 eden (6M), 1 survivor (2M), 4 old (8M), 2 humongous (4M), 5 free (10M)
}
Event: 4,093 {heap After GC invocations=7 (full 0):
 garbage-first heap   total reserved 4003840K, committed 92160K, used 13271K [0x000000070ba00000, 0x0000000800000000)
  region size 2M, 0 eden (0M), 1 survivor (2M), 5 old (10M), 2 humongous (4M), 37 free (74M)
}
Event: 35,261 {heap Before GC invocations=7 (full 0):
 garbage-first heap   total reserved 4003840K, committed 92160K, used 33751K [0x000000070ba00000, 0x0000000800000000)
  region size 2M, 5 eden (10M), 1 survivor (2M), 5 old (10M), 7 humongous (14M), 27 free (54M)
}
Event: 35,262 {heap After GC invocations=8 (full 0):
 garbage-first heap   total reserved 4003840K, committed 92160K, used 25634K [0x000000070ba00000, 0x0000000800000000)
  region size 2M, 0 eden (0M), 1 survivor (2M), 5 old (10M), 7 humongous (14M), 32 free (64M)
}
Event: 76,978 {heap Before GC invocations=8 (full 0):
 garbage-first heap   total reserved 4003840K, committed 92160K, used 39970K [0x000000070ba00000, 0x0000000800000000)
  region size 2M, 8 eden (16M), 1 survivor (2M), 5 old (10M), 7 humongous (14M), 24 free (48M)
}
Event: 76,979 {heap After GC invocations=9 (full 0):
 garbage-first heap   total reserved 4003840K, committed 92160K, used 31016K [0x000000070ba00000, 0x0000000800000000)
  region size 2M, 0 eden (0M), 2 survivor (4M), 7 old (14M), 7 humongous (14M), 29 free (58M)
}
Event: 125,179 {heap Before GC invocations=9 (full 0):
 garbage-first heap   total reserved 4003840K, committed 92160K, used 43304K [0x000000070ba00000, 0x0000000800000000)
  region size 2M, 7 eden (14M), 2 survivor (4M), 7 old (14M), 7 humongous (14M), 22 free (44M)
}
Event: 125,181 {heap After GC invocations=10 (full 0):
 garbage-first heap   total reserved 4003840K, committed 92160K, used 36719K [0x000000070ba00000, 0x0000000800000000)
  region size 2M, 0 eden (0M), 2 survivor (4M), 10 old (20M), 7 humongous (14M), 26 free (52M)
}

Metaspace Usage History (20 events):
Event: 0,130 {metaspace Before GC invocations=0 (full 0):
 Metaspace       used 4373K, committed 4544K, reserved 1114112K
  class space    used 392K, committed 448K, reserved 1048576K
}
Event: 0,132 {metaspace After GC invocations=1 (full 0):
 Metaspace       used 4373K, committed 4544K, reserved 1114112K
  class space    used 392K, committed 448K, reserved 1048576K
}
Event: 0,146 {metaspace Before GC invocations=1 (full 0):
 Metaspace       used 4587K, committed 4800K, reserved 1114112K
  class space    used 434K, committed 512K, reserved 1048576K
}
Event: 0,148 {metaspace After GC invocations=2 (full 0):
 Metaspace       used 4587K, committed 4800K, reserved 1114112K
  class space    used 434K, committed 512K, reserved 1048576K
}
Event: 0,181 {metaspace Before GC invocations=2 (full 0):
 Metaspace       used 7664K, committed 7872K, reserved 1114112K
  class space    used 771K, committed 896K, reserved 1048576K
}
Event: 0,183 {metaspace After GC invocations=3 (full 0):
 Metaspace       used 7664K, committed 7872K, reserved 1114112K
  class space    used 771K, committed 896K, reserved 1048576K
}
Event: 0,248 {metaspace Before GC invocations=3 (full 0):
 Metaspace       used 8745K, committed 8960K, reserved 1114112K
  class space    used 882K, committed 1024K, reserved 1048576K
}
Event: 0,252 {metaspace After GC invocations=4 (full 0):
 Metaspace       used 8745K, committed 8960K, reserved 1114112K
  class space    used 882K, committed 1024K, reserved 1048576K
}
Event: 0,287 {metaspace Before GC invocations=4 (full 0):
 Metaspace       used 9544K, committed 9728K, reserved 1114112K
  class space    used 962K, committed 1024K, reserved 1048576K
}
Event: 0,289 {metaspace After GC invocations=5 (full 0):
 Metaspace       used 9544K, committed 9728K, reserved 1114112K
  class space    used 962K, committed 1024K, reserved 1048576K
}
Event: 0,461 {metaspace Before GC invocations=5 (full 0):
 Metaspace       used 13364K, committed 13632K, reserved 1114112K
  class space    used 1397K, committed 1536K, reserved 1048576K
}
Event: 0,463 {metaspace After GC invocations=6 (full 0):
 Metaspace       used 13364K, committed 13632K, reserved 1114112K
  class space    used 1397K, committed 1536K, reserved 1048576K
}
Event: 4,089 {metaspace Before GC invocations=6 (full 0):
 Metaspace       used 14351K, committed 14592K, reserved 1114112K
  class space    used 1478K, committed 1536K, reserved 1048576K
}
Event: 4,093 {metaspace After GC invocations=7 (full 0):
 Metaspace       used 14351K, committed 14592K, reserved 1114112K
  class space    used 1478K, committed 1536K, reserved 1048576K
}
Event: 35,261 {metaspace Before GC invocations=7 (full 0):
 Metaspace       used 15377K, committed 15680K, reserved 1114112K
  class space    used 1530K, committed 1664K, reserved 1048576K
}
Event: 35,262 {metaspace After GC invocations=8 (full 0):
 Metaspace       used 15377K, committed 15680K, reserved 1114112K
  class space    used 1530K, committed 1664K, reserved 1048576K
}
Event: 76,978 {metaspace Before GC invocations=8 (full 0):
 Metaspace       used 15833K, committed 16128K, reserved 1114112K
  class space    used 1536K, committed 1664K, reserved 1048576K
}
Event: 76,979 {metaspace After GC invocations=9 (full 0):
 Metaspace       used 15833K, committed 16128K, reserved 1114112K
  class space    used 1536K, committed 1664K, reserved 1048576K
}
Event: 125,179 {metaspace Before GC invocations=9 (full 0):
 Metaspace       used 15959K, committed 16256K, reserved 1114112K
  class space    used 1536K, committed 1664K, reserved 1048576K
}
Event: 125,181 {metaspace After GC invocations=10 (full 0):
 Metaspace       used 15959K, committed 16256K, reserved 1114112K
  class space    used 1536K, committed 1664K, reserved 1048576K
}

Dll operation events (20 events):
Event: 0,050 Attempting to load shared library /home/alexender19/.jdks/openjdk-26.0.1/lib/libzip.so
Event: 0,050 Loaded shared library /home/alexender19/.jdks/openjdk-26.0.1/lib/libzip.so
Event: 0,060 Attempting to load shared library /home/alexender19/.jdks/openjdk-26.0.1/lib/libnet.so
Event: 0,060 Loaded shared library /home/alexender19/.jdks/openjdk-26.0.1/lib/libnet.so
Event: 0,066 Attempting to load shared library /home/alexender19/.jdks/openjdk-26.0.1/lib/libextnet.so
Event: 0,066 Loaded shared library /home/alexender19/.jdks/openjdk-26.0.1/lib/libextnet.so
Event: 0,066 Attempting to load shared library /home/alexender19/.jdks/openjdk-26.0.1/lib/libjimage.so
Event: 0,066 Loaded shared library /home/alexender19/.jdks/openjdk-26.0.1/lib/libjimage.so
Event: 0,072 Attempting to load shared library /home/alexender19/.jdks/openjdk-26.0.1/lib/libawt.so
Event: 0,072 Loaded shared library /home/alexender19/.jdks/openjdk-26.0.1/lib/libawt.so
Event: 0,073 Attempting to load shared library /home/alexender19/.jdks/openjdk-26.0.1/lib/libawt_xawt.so
Event: 0,074 Loaded shared library /home/alexender19/.jdks/openjdk-26.0.1/lib/libawt_xawt.so
Event: 0,096 Attempting to load shared library /home/alexender19/.jdks/openjdk-26.0.1/lib/libfontmanager.so
Event: 0,096 Loaded shared library /home/alexender19/.jdks/openjdk-26.0.1/lib/libfontmanager.so
Event: 0,160 Attempting to load shared library /home/alexender19/.jdks/openjdk-26.0.1/lib/libmanagement.so
Event: 0,160 Loaded shared library /home/alexender19/.jdks/openjdk-26.0.1/lib/libmanagement.so
Event: 0,165 Attempting to load shared library /home/alexender19/.jdks/openjdk-26.0.1/lib/libmanagement_ext.so
Event: 0,165 Loaded shared library /home/alexender19/.jdks/openjdk-26.0.1/lib/libmanagement_ext.so
Event: 3,949 Attempting to load shared library /home/alexender19/.jdks/openjdk-26.0.1/lib/libjsound.so
Event: 3,950 Loaded shared library /home/alexender19/.jdks/openjdk-26.0.1/lib/libjsound.so

Deoptimization events (20 events):
Event: 136,126 Thread 0x000071d53c375620 DEOPT PACKING pc=0x000071d52be56544 sp=0x000071d4bf1f88d0
Event: 136,126 Thread 0x000071d53c375620 DEOPT UNPACKING pc=0x000071d52b86a779 sp=0x000071d4bf1f8890 mode 2
Event: 136,126 Thread 0x000071d53c375620 Uncommon trap: trap_request=0xffffffc6 fr.pc=0x000071d52be3d7c4 relative=0x0000000000000e44
Event: 136,126 Thread 0x000071d53c375620 Uncommon trap: reason=bimorphic_or_optimized_type_check action=maybe_recompile pc=0x000071d52be3d7c4 method=entity.Entity.update()V @ 1 c2
Event: 136,126 Thread 0x000071d53c375620 DEOPT PACKING pc=0x000071d52be3d7c4 sp=0x000071d4bf1f8850
Event: 136,126 Thread 0x000071d53c375620 DEOPT UNPACKING pc=0x000071d52b86a779 sp=0x000071d4bf1f8818 mode 2
Event: 136,143 Thread 0x000071d53c375620 Uncommon trap: trap_request=0xffffffc6 fr.pc=0x000071d52be3d7c4 relative=0x0000000000000e44
Event: 136,143 Thread 0x000071d53c375620 Uncommon trap: reason=bimorphic_or_optimized_type_check action=maybe_recompile pc=0x000071d52be3d7c4 method=entity.Entity.update()V @ 1 c2
Event: 136,143 Thread 0x000071d53c375620 DEOPT PACKING pc=0x000071d52be3d7c4 sp=0x000071d4bf1f8840
Event: 136,143 Thread 0x000071d53c375620 DEOPT UNPACKING pc=0x000071d52b86a779 sp=0x000071d4bf1f8808 mode 2
Event: 136,160 Thread 0x000071d53c375620 Uncommon trap: trap_request=0xffffffc6 fr.pc=0x000071d52be3d7c4 relative=0x0000000000000e44
Event: 136,160 Thread 0x000071d53c375620 Uncommon trap: reason=bimorphic_or_optimized_type_check action=maybe_recompile pc=0x000071d52be3d7c4 method=entity.Entity.update()V @ 1 c2
Event: 136,160 Thread 0x000071d53c375620 DEOPT PACKING pc=0x000071d52be3d7c4 sp=0x000071d4bf1f8840
Event: 136,160 Thread 0x000071d53c375620 DEOPT UNPACKING pc=0x000071d52b86a779 sp=0x000071d4bf1f8808 mode 2
Event: 136,444 Thread 0x000071d53c375620 DEOPT PACKING pc=0x000071d52479b187 sp=0x000071d4bf1f8760
Event: 136,444 Thread 0x000071d53c375620 DEOPT UNPACKING pc=0x000071d52b786e8f sp=0x000071d4bf1f7d48 mode 0
Event: 140,461 Thread 0x000071d53c375620 DEOPT PACKING pc=0x000071d52479b187 sp=0x000071d4bf1f8760
Event: 140,461 Thread 0x000071d53c375620 DEOPT UNPACKING pc=0x000071d52b786e8f sp=0x000071d4bf1f7d48 mode 0
Event: 144,477 Thread 0x000071d53c375620 DEOPT PACKING pc=0x000071d52479b06f sp=0x000071d4bf1f8760
Event: 144,477 Thread 0x000071d53c375620 DEOPT UNPACKING pc=0x000071d52b786e8f sp=0x000071d4bf1f7d48 mode 0

Classes loaded (20 events):
Event: 21,284 Loading class sun/java2d/pipe/AATileGenerator done
Event: 21,284 Loading class sun/java2d/marlin/MarlinTileGenerator done
Event: 21,284 Loading class sun/java2d/marlin/Stroker
Event: 21,284 Loading class sun/java2d/marlin/Stroker done
Event: 21,284 Loading class sun/java2d/marlin/Dasher
Event: 21,284 Loading class sun/java2d/marlin/Dasher done
Event: 21,284 Loading class sun/java2d/marlin/Dasher$LengthIterator
Event: 21,284 Loading class sun/java2d/marlin/Dasher$LengthIterator done
Event: 21,284 Loading class sun/java2d/marlin/MergeSort
Event: 21,284 Loading class sun/java2d/marlin/MergeSort done
Event: 21,284 Loading class sun/java2d/marlin/MarlinUtils
Event: 21,284 Loading class sun/java2d/marlin/MarlinUtils done
Event: 21,284 Loading class sun/java2d/marlin/DPQSSorterContext
Event: 21,284 Loading class sun/java2d/marlin/DPQSSorterContext done
Event: 21,284 Loading class sun/java2d/marlin/Helpers
Event: 21,284 Loading class sun/java2d/marlin/Helpers done
Event: 21,285 Loading class java/lang/FdLibm$Acos
Event: 21,285 Loading class java/lang/FdLibm$Acos done
Event: 21,285 Loading class java/lang/FdLibm
Event: 21,285 Loading class java/lang/FdLibm done

Classes unloaded (0 events):
No events

Classes redefined (0 events):
No events

Internal exceptions (20 events):
Event: 149,770 Thread 0x000071d4a4001820 Exception <a 'sun/nio/fs/UnixException'{0x000000070f48ad60}> (0x000000070f48ad60) 
thrown [open/src/hotspot/share/prims/jni.cpp, line 514]
Event: 149,770 Thread 0x000071d4a4001820 Exception <a 'sun/nio/fs/UnixException'{0x000000070f48b828}> (0x000000070f48b828) 
thrown [open/src/hotspot/share/prims/jni.cpp, line 514]
Event: 149,770 Thread 0x000071d4a4001820 Exception <a 'sun/nio/fs/UnixException'{0x000000070f48c2f0}> (0x000000070f48c2f0) 
thrown [open/src/hotspot/share/prims/jni.cpp, line 514]
Event: 149,770 Thread 0x000071d4a4001820 Exception <a 'sun/nio/fs/UnixException'{0x000000070f48cdc0}> (0x000000070f48cdc0) 
thrown [open/src/hotspot/share/prims/jni.cpp, line 514]
Event: 149,770 Thread 0x000071d4a4001820 Exception <a 'sun/nio/fs/UnixException'{0x000000070f48d890}> (0x000000070f48d890) 
thrown [open/src/hotspot/share/prims/jni.cpp, line 514]
Event: 150,772 Thread 0x000071d4a4001820 Exception <a 'sun/nio/fs/UnixException'{0x000000070f579600}> (0x000000070f579600) 
thrown [open/src/hotspot/share/prims/jni.cpp, line 514]
Event: 150,772 Thread 0x000071d4a4001820 Exception <a 'sun/nio/fs/UnixException'{0x000000070f57a0c8}> (0x000000070f57a0c8) 
thrown [open/src/hotspot/share/prims/jni.cpp, line 514]
Event: 150,772 Thread 0x000071d4a4001820 Exception <a 'sun/nio/fs/UnixException'{0x000000070f57ab90}> (0x000000070f57ab90) 
thrown [open/src/hotspot/share/prims/jni.cpp, line 514]
Event: 150,772 Thread 0x000071d4a4001820 Exception <a 'sun/nio/fs/UnixException'{0x000000070f57b660}> (0x000000070f57b660) 
thrown [open/src/hotspot/share/prims/jni.cpp, line 514]
Event: 150,772 Thread 0x000071d4a4001820 Exception <a 'sun/nio/fs/UnixException'{0x000000070f57c130}> (0x000000070f57c130) 
thrown [open/src/hotspot/share/prims/jni.cpp, line 514]
Event: 151,774 Thread 0x000071d4a4001820 Exception <a 'sun/nio/fs/UnixException'{0x000000070f24df68}> (0x000000070f24df68) 
thrown [open/src/hotspot/share/prims/jni.cpp, line 514]
Event: 151,774 Thread 0x000071d4a4001820 Exception <a 'sun/nio/fs/UnixException'{0x000000070f24ea30}> (0x000000070f24ea30) 
thrown [open/src/hotspot/share/prims/jni.cpp, line 514]
Event: 151,774 Thread 0x000071d4a4001820 Exception <a 'sun/nio/fs/UnixException'{0x000000070f24f4f8}> (0x000000070f24f4f8) 
thrown [open/src/hotspot/share/prims/jni.cpp, line 514]
Event: 151,774 Thread 0x000071d4a4001820 Exception <a 'sun/nio/fs/UnixException'{0x000000070f24ffc8}> (0x000000070f24ffc8) 
thrown [open/src/hotspot/share/prims/jni.cpp, line 514]
Event: 151,774 Thread 0x000071d4a4001820 Exception <a 'sun/nio/fs/UnixException'{0x000000070f250a98}> (0x000000070f250a98) 
thrown [open/src/hotspot/share/prims/jni.cpp, line 514]
Event: 152,776 Thread 0x000071d4a4001820 Exception <a 'sun/nio/fs/UnixException'{0x000000070f026370}> (0x000000070f026370) 
thrown [open/src/hotspot/share/prims/jni.cpp, line 514]
Event: 152,776 Thread 0x000071d4a4001820 Exception <a 'sun/nio/fs/UnixException'{0x000000070f026e38}> (0x000000070f026e38) 
thrown [open/src/hotspot/share/prims/jni.cpp, line 514]
Event: 152,776 Thread 0x000071d4a4001820 Exception <a 'sun/nio/fs/UnixException'{0x000000070f027900}> (0x000000070f027900) 
thrown [open/src/hotspot/share/prims/jni.cpp, line 514]
Event: 152,776 Thread 0x000071d4a4001820 Exception <a 'sun/nio/fs/UnixException'{0x000000070f0283d0}> (0x000000070f0283d0) 
thrown [open/src/hotspot/share/prims/jni.cpp, line 514]
Event: 152,776 Thread 0x000071d4a4001820 Exception <a 'sun/nio/fs/UnixException'{0x000000070f028ea0}> (0x000000070f028ea0) 
thrown [open/src/hotspot/share/prims/jni.cpp, line 514]

VM Operations (20 events):
Event: 0,461 Executing safepoint VM operation: G1CollectForAllocation (G1 Evacuation Pause)
Event: 0,463 Executing safepoint VM operation: G1CollectForAllocation (G1 Evacuation Pause) done
Event: 0,521 Executing non-safepoint VM operation: HandshakeAllThreads (Deoptimize)
Event: 0,521 Executing non-safepoint VM operation: HandshakeAllThreads (Deoptimize) done
Event: 4,089 Executing safepoint VM operation: G1TryInitiateConcMark (G1 Humongous Allocation)
Event: 4,093 Executing safepoint VM operation: G1TryInitiateConcMark (G1 Humongous Allocation) done
Event: 35,261 Executing safepoint VM operation: G1CollectForAllocation (G1 Evacuation Pause)
Event: 35,262 Executing safepoint VM operation: G1CollectForAllocation (G1 Evacuation Pause) done
Event: 60,033 Executing non-safepoint VM operation: HandshakeAllThreads (DeflationHandshakeClosure)
Event: 60,033 Executing non-safepoint VM operation: HandshakeAllThreads (DeflationHandshakeClosure) done
Event: 60,034 Executing non-safepoint VM operation: RendezvousGCThreads
Event: 60,034 Executing non-safepoint VM operation: RendezvousGCThreads done
Event: 76,978 Executing safepoint VM operation: G1CollectForAllocation (G1 Evacuation Pause)
Event: 76,979 Executing safepoint VM operation: G1CollectForAllocation (G1 Evacuation Pause) done
Event: 120,052 Executing non-safepoint VM operation: HandshakeAllThreads (DeflationHandshakeClosure)
Event: 120,052 Executing non-safepoint VM operation: HandshakeAllThreads (DeflationHandshakeClosure) done
Event: 120,052 Executing non-safepoint VM operation: RendezvousGCThreads
Event: 120,052 Executing non-safepoint VM operation: RendezvousGCThreads done
Event: 125,179 Executing safepoint VM operation: G1CollectForAllocation (G1 Evacuation Pause)
Event: 125,181 Executing safepoint VM operation: G1CollectForAllocation (G1 Evacuation Pause) done

Memory protections (20 events):
Event: 145,137 Protecting memory [0x000071d367031000,0x000071d367035000] with protection modes 0
Event: 145,318 Protecting memory [0x000071d365718000,0x000071d36571c000] with protection modes 0
Event: 145,489 Protecting memory [0x000071d363dff000,0x000071d363e03000] with protection modes 0
Event: 145,669 Protecting memory [0x000071d3624e6000,0x000071d3624ea000] with protection modes 0
Event: 145,971 Protecting memory [0x000071d360bcd000,0x000071d360bd1000] with protection modes 0
Event: 146,260 Protecting memory [0x000071d35f2b4000,0x000071d35f2b8000] with protection modes 0
Event: 146,437 Protecting memory [0x000071d35d99b000,0x000071d35d99f000] with protection modes 0
Event: 146,609 Protecting memory [0x000071d35c082000,0x000071d35c086000] with protection modes 0
Event: 146,765 Protecting memory [0x000071d35a769000,0x000071d35a76d000] with protection modes 0
Event: 147,116 Protecting memory [0x000071d358e50000,0x000071d358e54000] with protection modes 0
Event: 147,459 Protecting memory [0x000071d357537000,0x000071d35753b000] with protection modes 0
Event: 147,630 Protecting memory [0x000071d355c1e000,0x000071d355c22000] with protection modes 0
Event: 147,806 Protecting memory [0x000071d354305000,0x000071d354309000] with protection modes 0
Event: 148,077 Protecting memory [0x000071d3529ec000,0x000071d3529f0000] with protection modes 0
Event: 148,258 Protecting memory [0x000071d3510d3000,0x000071d3510d7000] with protection modes 0
Event: 150,101 Protecting memory [0x000071d34f7ba000,0x000071d34f7be000] with protection modes 0
Event: 151,444 Protecting memory [0x000071d34dea1000,0x000071d34dea5000] with protection modes 0
Event: 151,594 Protecting memory [0x000071d34c588000,0x000071d34c58c000] with protection modes 0
Event: 151,762 Protecting memory [0x000071d34ac6f000,0x000071d34ac73000] with protection modes 0
Event: 152,953 Protecting memory [0x000071d349356000,0x000071d34935a000] with protection modes 0

Nmethod flushes (0 events):
No events

Events (20 events):
Event: 145,137 Thread 0x000071d53c36d940 Thread added: 0x000071d48888f250
Event: 145,318 Thread 0x000071d53c36d940 Thread added: 0x000071d488925340
Event: 145,489 Thread 0x000071d53c36d940 Thread added: 0x000071d4889bb010
Event: 145,669 Thread 0x000071d53c36d940 Thread added: 0x000071d488a51610
Event: 145,971 Thread 0x000071d53c36d940 Thread added: 0x000071d488ae7c30
Event: 146,260 Thread 0x000071d53c36d940 Thread added: 0x000071d488b7d900
Event: 146,437 Thread 0x000071d53c36d940 Thread added: 0x000071d488c13e50
Event: 146,609 Thread 0x000071d53c36d940 Thread added: 0x000071d488caa0c0
Event: 146,765 Thread 0x000071d53c36d940 Thread added: 0x000071d488d40190
Event: 147,116 Thread 0x000071d53c36d940 Thread added: 0x000071d488dd6140
Event: 147,459 Thread 0x000071d53c36d940 Thread added: 0x000071d488e6c070
Event: 147,630 Thread 0x000071d53c36d940 Thread added: 0x000071d488f06930
Event: 147,806 Thread 0x000071d53c36d940 Thread added: 0x000071d488f9cd00
Event: 148,077 Thread 0x000071d53c36d940 Thread added: 0x000071d4890332b0
Event: 148,258 Thread 0x000071d53c36d940 Thread added: 0x000071d4890c9260
Event: 150,101 Thread 0x000071d53c36d940 Thread added: 0x000071d48915f370
Event: 151,444 Thread 0x000071d53c36d940 Thread added: 0x000071d4891f5470
Event: 151,594 Thread 0x000071d53c36d940 Thread added: 0x000071d48928b650
Event: 151,762 Thread 0x000071d53c36d940 Thread added: 0x000071d4893214f0
Event: 152,953 Thread 0x000071d53c36d940 Thread added: 0x000071d4893b7590


Dynamic libraries:
6d000000-6d001000 ---p 00000000 00:00 0 
6d001000-6dda6000 rw-p 00001000 103:05 2767891                           /home/alexender19/.jdks/openjdk-26.0.1/lib/server/classes.jsa
6dda6000-6e000000 ---p 00000000 00:00 0 
6e000000-6e040000 rw-p 00000000 00:00 0 
6e040000-6e060000 rw-p 00000000 00:00 0 
6e060000-6e0c0000 rw-p 00000000 00:00 0 
6e0c0000-6e0e0000 rw-p 00000000 00:00 0 
6e0e0000-6e140000 rw-p 00000000 00:00 0 
6e140000-6e160000 rw-p 00000000 00:00 0 
6e160000-6e190000 rw-p 00000000 00:00 0 
6e190000-6e1c0000 ---p 00000000 00:00 0 
6e1c0000-6e1d0000 rw-p 00000000 00:00 0 
6e1d0000-ae000000 ---p 00000000 00:00 0 
70ba00000-711200000 rw-p 00000000 00:00 0 
711200000-7ffe00000 ---p 00000000 00:00 0 
7ffe00000-7fff25000 rw-p 00ddb000 103:05 2767891                         /home/alexender19/.jdks/openjdk-26.0.1/lib/server/classes.jsa
7fff25000-800000000 rw-p 00000000 00:00 0 
567c520b1000-567c520b2000 r-xp 00000000 103:05 2767474                   /home/alexender19/.jdks/openjdk-26.0.1/bin/java
567c520b3000-567c520b4000 r--p 00001000 103:05 2767474                   /home/alexender19/.jdks/openjdk-26.0.1/bin/java
567c520b4000-567c520b5000 rw-p 00002000 103:05 2767474                   /home/alexender19/.jdks/openjdk-26.0.1/bin/java
567c85a00000-567c85adf000 rw-p 00000000 00:00 0                          [heap]
71d347b52000-71d347b53000 rw-s 00000000 00:01 5248                       /memfd:pipewire-memfd:flags=0x0000000f,type=2,size=2312 (deleted)
71d347b53000-71d347b54000 ---p 00000000 00:00 0 
71d347b54000-71d348354000 rw-p 00000000 00:00 0 
71d348354000-71d348355000 ---p 00000000 00:00 0 
71d348355000-71d348b55000 rw-p 00000000 00:00 0 
71d348b55000-71d348b56000 ---p 00000000 00:00 0 
71d348b56000-71d349356000 rw-p 00000000 00:00 0 
71d349356000-71d34935a000 ---p 00000000 00:00 0 
71d34935a000-71d349456000 rw-p 00000000 00:00 0 
71d349456000-71d349457000 rw-s 00000000 00:01 3234                       /memfd:pipewire-memfd:flags=0x0000000f,type=2,size=4096 (deleted)
71d349457000-71d349460000 rw-s 00000000 00:01 3236                       /memfd:pipewire-memfd:flags=0x0000000f,type=2,size=32832 (deleted)
71d349460000-71d349469000 rw-s 00000000 00:01 3235                       /memfd:pipewire-memfd:flags=0x0000000f,type=2,size=32832 (deleted)
71d349469000-71d34946a000 rw-s 00000000 00:01 5156                       /memfd:pipewire-memfd:flags=0x0000000f,type=2,size=2312 (deleted)
71d34946a000-71d34946b000 rw-s 00000000 00:01 3233                       /memfd:pipewire-memfd:flags=0x0000000f,type=2,size=2312 (deleted)
71d34946b000-71d34946c000 rw-s 00000000 00:01 2203                       /memfd:pipewire-memfd:flags=0x0000000f,type=2,size=2312 (deleted)
71d34946c000-71d34946d000 ---p 00000000 00:00 0 
71d34946d000-71d349c6d000 rw-p 00000000 00:00 0 
71d349c6d000-71d349c6e000 ---p 00000000 00:00 0 
71d349c6e000-71d34a46e000 rw-p 00000000 00:00 0 
71d34a46e000-71d34a46f000 ---p 00000000 00:00 0 
71d34a46f000-71d34ac6f000 rw-p 00000000 00:00 0 
71d34ac6f000-71d34ac73000 ---p 00000000 00:00 0 
71d34ac73000-71d34ad6f000 rw-p 00000000 00:00 0 
71d34ad6f000-71d34ad70000 rw-s 00000000 00:01 187                        /memfd:pipewire-memfd:flags=0x0000000f,type=2,size=4096 (deleted)
71d34ad70000-71d34ad79000 rw-s 00000000 00:01 189                        /memfd:pipewire-memfd:flags=0x0000000f,type=2,size=32832 (deleted)
71d34ad79000-71d34ad82000 rw-s 00000000 00:01 188                        /memfd:pipewire-memfd:flags=0x0000000f,type=2,size=32832 (deleted)
71d34ad82000-71d34ad83000 rw-s 00000000 00:01 5156                       /memfd:pipewire-memfd:flags=0x0000000f,type=2,size=2312 (deleted)
71d34ad83000-71d34ad84000 rw-s 00000000 00:01 186                        /memfd:pipewire-memfd:flags=0x0000000f,type=2,size=2312 (deleted)
71d34ad84000-71d34ad85000 rw-s 00000000 00:01 1166                       /memfd:pipewire-memfd:flags=0x0000000f,type=2,size=2312 (deleted)
71d34ad85000-71d34ad86000 ---p 00000000 00:00 0 
71d34ad86000-71d34b586000 rw-p 00000000 00:00 0 
71d34b586000-71d34b587000 ---p 00000000 00:00 0 
71d34b587000-71d34bd87000 rw-p 00000000 00:00 0 
71d34bd87000-71d34bd88000 ---p 00000000 00:00 0 
71d34bd88000-71d34c588000 rw-p 00000000 00:00 0 
71d34c588000-71d34c58c000 ---p 00000000 00:00 0 
71d34c58c000-71d34c688000 rw-p 00000000 00:00 0 
71d34c688000-71d34c689000 rw-s 00000000 00:01 5245                       /memfd:pipewire-memfd:flags=0x0000000f,type=2,size=4096 (deleted)
71d34c689000-71d34c692000 rw-s 00000000 00:01 5247                       /memfd:pipewire-memfd:flags=0x0000000f,type=2,size=32832 (deleted)
71d34c692000-71d34c69b000 rw-s 00000000 00:01 5246                       /memfd:pipewire-memfd:flags=0x0000000f,type=2,size=32832 (deleted)
71d34c69b000-71d34c69c000 rw-s 00000000 00:01 5156                       /memfd:pipewire-memfd:flags=0x0000000f,type=2,size=2312 (deleted)
71d34c69c000-71d34c69d000 rw-s 00000000 00:01 5244                       /memfd:pipewire-memfd:flags=0x0000000f,type=2,size=2312 (deleted)
71d34c69d000-71d34c69e000 rw-s 00000000 00:01 6292                       /memfd:pipewire-memfd:flags=0x0000000f,type=2,size=2312 (deleted)
71d34c69e000-71d34c69f000 ---p 00000000 00:00 0 
71d34c69f000-71d34ce9f000 rw-p 00000000 00:00 0 
71d34ce9f000-71d34cea0000 ---p 00000000 00:00 0 
71d34cea0000-71d34d6a0000 rw-p 00000000 00:00 0 
71d34d6a0000-71d34d6a1000 ---p 00000000 00:00 0 
71d34d6a1000-71d34dea1000 rw-p 00000000 00:00 0 
71d34dea1000-71d34dea5000 ---p 00000000 00:00 0 
71d34dea5000-71d34dfa1000 rw-p 00000000 00:00 0 
71d34dfa1000-71d34dfa2000 rw-s 00000000 00:01 185                        /memfd:pipewire-memfd:flags=0x0000000f,type=2,size=4096 (deleted)
71d34dfa2000-71d34dfab000 rw-s 00000000 00:01 5243                       /memfd:pipewire-memfd:flags=0x0000000f,type=2,size=32832 (deleted)
71d34dfab000-71d34dfb4000 rw-s 00000000 00:01 5242                       /memfd:pipewire-memfd:flags=0x0000000f,type=2,size=32832 (deleted)
71d34dfb4000-71d34dfb5000 rw-s 00000000 00:01 5156                       /memfd:pipewire-memfd:flags=0x0000000f,type=2,size=2312 (deleted)
71d34dfb5000-71d34dfb6000 rw-s 00000000 00:01 184                        /memfd:pipewire-memfd:flags=0x0000000f,type=2,size=2312 (deleted)
71d34dfb6000-71d34dfb7000 rw-s 00000000 00:01 6291                       /memfd:pipewire-memfd:flags=0x0000000f,type=2,size=2312 (deleted)
71d34dfb7000-71d34dfb8000 ---p 00000000 00:00 0 
71d34dfb8000-71d34e7b8000 rw-p 00000000 00:00 0 
71d34e7b8000-71d34e7b9000 ---p 00000000 00:00 0 
71d34e7b9000-71d34efb9000 rw-p 00000000 00:00 0 
71d34efb9000-71d34efba000 ---p 00000000 00:00 0 
71d34efba000-71d34f7ba000 rw-p 00000000 00:00 0 
71d34f7ba000-71d34f7be000 ---p 00000000 00:00 0 
71d34f7be000-71d34f8ba000 rw-p 00000000 00:00 0 
71d34f8ba000-71d34f8bb000 rw-s 00000000 00:01 181                        /memfd:pipewire-memfd:flags=0x0000000f,type=2,size=4096 (deleted)
71d34f8bb000-71d34f8c4000 rw-s 00000000 00:01 183                        /memfd:pipewire-memfd:flags=0x0000000f,type=2,size=32832 (deleted)
71d34f8c4000-71d34f8cd000 rw-s 00000000 00:01 182                        /memfd:pipewire-memfd:flags=0x0000000f,type=2,size=32832 (deleted)
71d34f8cd000-71d34f8ce000 rw-s 00000000 00:01 5156                       /memfd:pipewire-memfd:flags=0x0000000f,type=2,size=2312 (deleted)
71d34f8ce000-71d34f8cf000 rw-s 00000000 00:01 180                        /memfd:pipewire-memfd:flags=0x0000000f,type=2,size=2312 (deleted)
71d34f8cf000-71d34f8d0000 rw-s 00000000 00:01 1165                       /memfd:pipewire-memfd:flags=0x0000000f,type=2,size=2312 (deleted)
71d34f8d0000-71d34f8d1000 ---p 00000000 00:00 0 
71d34f8d1000-71d3500d1000 rw-p 00000000 00:00 0 
71d3500d1000-71d3500d2000 ---p 00000000 00:00 0 
71d3500d2000-71d3508d2000 rw-p 00000000 00:00 0 
71d3508d2000-71d3508d3000 ---p 00000000 00:00 0 
71d3508d3000-71d3510d3000 rw-p 00000000 00:00 0 
71d3510d3000-71d3510d7000 ---p 00000000 00:00 0 
71d3510d7000-71d3511d3000 rw-p 00000000 00:00 0 
71d3511d3000-71d3511d4000 rw-s 00000000 00:01 1164                       /memfd:pipewire-memfd:flags=0x0000000f,type=2,size=4096 (deleted)
71d3511d4000-71d3511dd000 rw-s 00000000 00:01 4260                       /memfd:pipewire-memfd:flags=0x0000000f,type=2,size=32832 (deleted)
71d3511dd000-71d3511e6000 rw-s 00000000 00:01 4259                       /memfd:pipewire-memfd:flags=0x0000000f,type=2,size=32832 (deleted)
71d3511e6000-71d3511e7000 rw-s 00000000 00:01 5156                       /memfd:pipewire-memfd:flags=0x0000000f,type=2,size=2312 (deleted)
71d3511e7000-71d3511e8000 rw-s 00000000 00:01 1163                       /memfd:pipewire-memfd:flags=0x0000000f,type=2,size=2312 (deleted)
71d3511e8000-71d3511e9000 rw-s 00000000 00:01 5240                       /memfd:pipewire-memfd:flags=0x0000000f,type=2,size=2312 (deleted)
71d3511e9000-71d3511ea000 ---p 00000000 00:00 0 
71d3511ea000-71d3519ea000 rw-p 00000000 00:00 0 
71d3519ea000-71d3519eb000 ---p 00000000 00:00 0 
71d3519eb000-71d3521eb000 rw-p 00000000 00:00 0 
71d3521eb000-71d3521ec000 ---p 00000000 00:00 0 
71d3521ec000-71d3529ec000 rw-p 00000000 00:00 0 
71d3529ec000-71d3529f0000 ---p 00000000 00:00 0 
71d3529f0000-71d352aec000 rw-p 00000000 00:00 0 
71d352aec000-71d352aed000 rw-s 00000000 00:01 177                        /memfd:pipewire-memfd:flags=0x0000000f,type=2,size=4096 (deleted)
71d352aed000-71d352af6000 rw-s 00000000 00:01 179                        /memfd:pipewire-memfd:flags=0x0000000f,type=2,size=32832 (deleted)
71d352af6000-71d352aff000 rw-s 00000000 00:01 178                        /memfd:pipewire-memfd:flags=0x0000000f,type=2,size=32832 (deleted)
71d352aff000-71d352b00000 rw-s 00000000 00:01 5156                       /memfd:pipewire-memfd:flags=0x0000000f,type=2,size=2312 (deleted)
71d352b00000-71d352b01000 rw-s 00000000 00:01 176                        /memfd:pipewire-memfd:flags=0x0000000f,type=2,size=2312 (deleted)
71d352b01000-71d352b02000 rw-s 00000000 00:01 3232                       /memfd:pipewire-memfd:flags=0x0000000f,type=2,size=2312 (deleted)
71d352b02000-71d352b03000 ---p 00000000 00:00 0 
71d352b03000-71d353303000 rw-p 00000000 00:00 0 
71d353303000-71d353304000 ---p 00000000 00:00 0 
71d353304000-71d353b04000 rw-p 00000000 00:00 0 
71d353b04000-71d353b05000 ---p 00000000 00:00 0 
71d353b05000-71d354305000 rw-p 00000000 00:00 0 
71d354305000-71d354309000 ---p 00000000 00:00 0 
71d354309000-71d354405000 rw-p 00000000 00:00 0 
71d354405000-71d354406000 rw-s 00000000 00:01 4256                       /memfd:pipewire-memfd:flags=0x0000000f,type=2,size=4096 (deleted)
71d354406000-71d35440f000 rw-s 00000000 00:01 4258                       /memfd:pipewire-memfd:flags=0x0000000f,type=2,size=32832 (deleted)
71d35440f000-71d354418000 rw-s 00000000 00:01 4257                       /memfd:pipewire-memfd:flags=0x0000000f,type=2,size=32832 (deleted)
71d354418000-71d354419000 rw-s 00000000 00:01 5156                       /memfd:pipewire-memfd:flags=0x0000000f,type=2,size=2312 (deleted)
71d354419000-71d35441a000 rw-s 00000000 00:01 4255                       /memfd:pipewire-memfd:flags=0x0000000f,type=2,size=2312 (deleted)
71d35441a000-71d35441b000 rw-s 00000000 00:01 5239                       /memfd:pipewire-memfd:flags=0x0000000f,type=2,size=2312 (deleted)
71d35441b000-71d35441c000 ---p 00000000 00:00 0 
71d35441c000-71d354c1c000 rw-p 00000000 00:00 0 
71d354c1c000-71d354c1d000 ---p 00000000 00:00 0 
71d354c1d000-71d35541d000 rw-p 00000000 00:00 0 
71d35541d000-71d35541e000 ---p 00000000 00:00 0 
71d35541e000-71d355c1e000 rw-p 00000000 00:00 0 
71d355c1e000-71d355c22000 ---p 00000000 00:00 0 
71d355c22000-71d355d1e000 rw-p 00000000 00:00 0 
71d355d1e000-71d355d1f000 rw-s 00000000 00:01 1160                       /memfd:pipewire-memfd:flags=0x0000000f,type=2,size=4096 (deleted)
71d355d1f000-71d355d28000 rw-s 00000000 00:01 1162                       /memfd:pipewire-memfd:flags=0x0000000f,type=2,size=32832 (deleted)
71d355d28000-71d355d31000 rw-s 00000000 00:01 1161                       /memfd:pipewire-memfd:flags=0x0000000f,type=2,size=32832 (deleted)
71d355d31000-71d355d32000 rw-s 00000000 00:01 5156                       /memfd:pipewire-memfd:flags=0x0000000f,type=2,size=2312 (deleted)
71d355d32000-71d355d33000 rw-s 00000000 00:01 1159                       /memfd:pipewire-memfd:flags=0x0000000f,type=2,size=2312 (deleted)
71d355d33000-71d355d34000 rw-s 00000000 00:01 2202                       /memfd:pipewire-memfd:flags=0x0000000f,type=2,size=2312 (deleted)
71d355d34000-71d355d35000 ---p 00000000 00:00 0 
71d355d35000-71d356535000 rw-p 00000000 00:00 0 
71d356535000-71d356536000 ---p 00000000 00:00 0 
71d356536000-71d356d36000 rw-p 00000000 00:00 0 
71d356d36000-71d356d37000 ---p 00000000 00:00 0 
71d356d37000-71d357537000 rw-p 00000000 00:00 0 
71d357537000-71d35753b000 ---p 00000000 00:00 0 
71d35753b000-71d357637000 rw-p 00000000 00:00 0 
71d357637000-71d357638000 rw-s 00000000 00:01 2201                       /memfd:pipewire-memfd:flags=0x0000000f,type=2,size=4096 (deleted)
71d357638000-71d357641000 rw-s 00000000 00:01 175                        /memfd:pipewire-memfd:flags=0x0000000f,type=2,size=32832 (deleted)
71d357641000-71d35764a000 rw-s 00000000 00:01 174                        /memfd:pipewire-memfd:flags=0x0000000f,type=2,size=32832 (deleted)
71d35764a000-71d35764b000 rw-s 00000000 00:01 5156                       /memfd:pipewire-memfd:flags=0x0000000f,type=2,size=2312 (deleted)
71d35764b000-71d35764c000 rw-s 00000000 00:01 2200                       /memfd:pipewire-memfd:flags=0x0000000f,type=2,size=2312 (deleted)
71d35764c000-71d35764d000 rw-s 00000000 00:01 3231                       /memfd:pipewire-memfd:flags=0x0000000f,type=2,size=2312 (deleted)
71d35764d000-71d35764e000 ---p 00000000 00:00 0 
71d35764e000-71d357e4e000 rw-p 00000000 00:00 0 
71d357e4e000-71d357e4f000 ---p 00000000 00:00 0 
71d357e4f000-71d35864f000 rw-p 00000000 00:00 0 
71d35864f000-71d358650000 ---p 00000000 00:00 0 
71d358650000-71d358e50000 rw-p 00000000 00:00 0 
71d358e50000-71d358e54000 ---p 00000000 00:00 0 
71d358e54000-71d358f50000 rw-p 00000000 00:00 0 
71d358f50000-71d358f51000 rw-s 00000000 00:01 7327                       /memfd:pipewire-memfd:flags=0x0000000f,type=2,size=4096 (deleted)
71d358f51000-71d358f5a000 rw-s 00000000 00:01 2199                       /memfd:pipewire-memfd:flags=0x0000000f,type=2,size=32832 (deleted)
71d358f5a000-71d358f63000 rw-s 00000000 00:01 2198                       /memfd:pipewire-memfd:flags=0x0000000f,type=2,size=32832 (deleted)
71d358f63000-71d358f64000 rw-s 00000000 00:01 5156                       /memfd:pipewire-memfd:flags=0x0000000f,type=2,size=2312 (deleted)
71d358f64000-71d358f65000 rw-s 00000000 00:01 3230                       /memfd:pipewire-memfd:flags=0x0000000f,type=2,size=2312 (deleted)
71d358f65000-71d358f66000 rw-s 00000000 00:01 5238                       /memfd:pipewire-memfd:flags=0x0000000f,type=2,size=2312 (deleted)
71d358f66000-71d358f67000 ---p 00000000 00:00 0 
71d358f67000-71d359767000 rw-p 00000000 00:00 0 
71d359767000-71d359768000 ---p 00000000 00:00 0 
71d359768000-71d359f68000 rw-p 00000000 00:00 0 
71d359f68000-71d359f69000 ---p 00000000 00:00 0 
71d359f69000-71d35a769000 rw-p 00000000 00:00 0 
71d35a769000-71d35a76d000 ---p 00000000 00:00 0 
71d35a76d000-71d35a869000 rw-p 00000000 00:00 0 
71d35a869000-71d35a86a000 rw-s 00000000 00:01 5237                       /memfd:pipewire-memfd:flags=0x0000000f,type=2,size=4096 (deleted)
71d35a86a000-71d35a873000 rw-s 00000000 00:01 7326                       /memfd:pipewire-memfd:flags=0x0000000f,type=2,size=32832 (deleted)
71d35a873000-71d35a87c000 rw-s 00000000 00:01 7325                       /memfd:pipewire-memfd:flags=0x0000000f,type=2,size=32832 (deleted)
71d35a87c000-71d35a87d000 rw-s 00000000 00:01 5156                       /memfd:pipewire-memfd:flags=0x0000000f,type=2,size=2312 (deleted)
71d35a87d000-71d35a87e000 rw-s 00000000 00:01 5236                       /memfd:pipewire-memfd:flags=0x0000000f,type=2,size=2312 (deleted)
71d35a87e000-71d35a87f000 rw-s 00000000 00:01 4254                       /memfd:pipewire-memfd:flags=0x0000000f,type=2,size=2312 (deleted)
71d35a87f000-71d35a880000 ---p 00000000 00:00 0 
71d35a880000-71d35b080000 rw-p 00000000 00:00 0 
71d35b080000-71d35b081000 ---p 00000000 00:00 0 
71d35b081000-71d35b881000 rw-p 00000000 00:00 0 
71d35b881000-71d35b882000 ---p 00000000 00:00 0 
71d35b882000-71d35c082000 rw-p 00000000 00:00 0 
71d35c082000-71d35c086000 ---p 00000000 00:00 0 
71d35c086000-71d35c182000 rw-p 00000000 00:00 0 
71d35c182000-71d35c183000 rw-s 00000000 00:01 2197                       /memfd:pipewire-memfd:flags=0x0000000f,type=2,size=4096 (deleted)
71d35c183000-71d35c18c000 rw-s 00000000 00:01 1158                       /memfd:pipewire-memfd:flags=0x0000000f,type=2,size=32832 (deleted)
71d35c18c000-71d35c195000 rw-s 00000000 00:01 1157                       /memfd:pipewire-memfd:flags=0x0000000f,type=2,size=32832 (deleted)
71d35c195000-71d35c196000 rw-s 00000000 00:01 5156                       /memfd:pipewire-memfd:flags=0x0000000f,type=2,size=2312 (deleted)
71d35c196000-71d35c197000 rw-s 00000000 00:01 2196                       /memfd:pipewire-memfd:flags=0x0000000f,type=2,size=2312 (deleted)
71d35c197000-71d35c198000 rw-s 00000000 00:01 4253                       /memfd:pipewire-memfd:flags=0x0000000f,type=2,size=2312 (deleted)
71d35c198000-71d35c199000 ---p 00000000 00:00 0 
71d35c199000-71d35c999000 rw-p 00000000 00:00 0 
71d35c999000-71d35c99a000 ---p 00000000 00:00 0 
71d35c99a000-71d35d19a000 rw-p 00000000 00:00 0 
71d35d19a000-71d35d19b000 ---p 00000000 00:00 0 
71d35d19b000-71d35d99b000 rw-p 00000000 00:00 0 
71d35d99b000-71d35d99f000 ---p 00000000 00:00 0 
71d35d99f000-71d35da9b000 rw-p 00000000 00:00 0 
71d35da9b000-71d35da9c000 rw-s 00000000 00:01 5235                       /memfd:pipewire-memfd:flags=0x0000000f,type=2,size=4096 (deleted)
71d35da9c000-71d35daa5000 rw-s 00000000 00:01 173                        /memfd:pipewire-memfd:flags=0x0000000f,type=2,size=32832 (deleted)
71d35daa5000-71d35daae000 rw-s 00000000 00:01 172                        /memfd:pipewire-memfd:flags=0x0000000f,type=2,size=32832 (deleted)
71d35daae000-71d35daaf000 rw-s 00000000 00:01 5156                       /memfd:pipewire-memfd:flags=0x0000000f,type=2,size=2312 (deleted)
71d35daaf000-71d35dab0000 rw-s 00000000 00:01 5234                       /memfd:pipewire-memfd:flags=0x0000000f,type=2,size=2312 (deleted)
71d35dab0000-71d35dab1000 rw-s 00000000 00:01 1156                       /memfd:pipewire-memfd:flags=0x0000000f,type=2,size=2312 (deleted)
71d35dab1000-71d35dab2000 ---p 00000000 00:00 0 
71d35dab2000-71d35e2b2000 rw-p 00000000 00:00 0 
71d35e2b2000-71d35e2b3000 ---p 00000000 00:00 0 
71d35e2b3000-71d35eab3000 rw-p 00000000 00:00 0 
71d35eab3000-71d35eab4000 ---p 00000000 00:00 0 
71d35eab4000-71d35f2b4000 rw-p 00000000 00:00 0 
71d35f2b4000-71d35f2b8000 ---p 00000000 00:00 0 
71d35f2b8000-71d35f3b4000 rw-p 00000000 00:00 0 
71d35f3b4000-71d35f3b5000 rw-s 00000000 00:01 4250                       /memfd:pipewire-memfd:flags=0x0000000f,type=2,size=4096 (deleted)
71d35f3b5000-71d35f3be000 rw-s 00000000 00:01 4252                       /memfd:pipewire-memfd:flags=0x0000000f,type=2,size=32832 (deleted)
71d35f3be000-71d35f3c7000 rw-s 00000000 00:01 4251                       /memfd:pipewire-memfd:flags=0x0000000f,type=2,size=32832 (deleted)
71d35f3c7000-71d35f3c8000 rw-s 00000000 00:01 5156                       /memfd:pipewire-memfd:flags=0x0000000f,type=2,size=2312 (deleted)
71d35f3c8000-71d35f3c9000 rw-s 00000000 00:01 4249                       /memfd:pipewire-memfd:flags=0x0000000f,type=2,size=2312 (deleted)
71d35f3c9000-71d35f3ca000 rw-s 00000000 00:01 2195                       /memfd:pipewire-memfd:flags=0x0000000f,type=2,size=2312 (deleted)
71d35f3ca000-71d35f3cb000 ---p 00000000 00:00 0 
71d35f3cb000-71d35fbcb000 rw-p 00000000 00:00 0 
71d35fbcb000-71d35fbcc000 ---p 00000000 00:00 0 
71d35fbcc000-71d3603cc000 rw-p 00000000 00:00 0 
71d3603cc000-71d3603cd000 ---p 00000000 00:00 0 
71d3603cd000-71d360bcd000 rw-p 00000000 00:00 0 
71d360bcd000-71d360bd1000 ---p 00000000 00:00 0 
71d360bd1000-71d360ccd000 rw-p 00000000 00:00 0 
71d360ccd000-71d360cce000 rw-s 00000000 00:01 171                        /memfd:pipewire-memfd:flags=0x0000000f,type=2,size=4096 (deleted)
71d360cce000-71d360cd7000 rw-s 00000000 00:01 4248                       /memfd:pipewire-memfd:flags=0x0000000f,type=2,size=32832 (deleted)
71d360cd7000-71d360ce0000 rw-s 00000000 00:01 4247                       /memfd:pipewire-memfd:flags=0x0000000f,type=2,size=32832 (deleted)
71d360ce0000-71d360ce1000 rw-s 00000000 00:01 5156                       /memfd:pipewire-memfd:flags=0x0000000f,type=2,size=2312 (deleted)
71d360ce1000-71d360ce2000 rw-s 00000000 00:01 170                        /memfd:pipewire-memfd:flags=0x0000000f,type=2,size=2312 (deleted)
71d360ce2000-71d360ce3000 rw-s 00000000 00:01 7324                       /memfd:pipewire-memfd:flags=0x0000000f,type=2,size=2312 (deleted)
71d360ce3000-71d360ce4000 ---p 00000000 00:00 0 
71d360ce4000-71d3614e4000 rw-p 00000000 00:00 0 
71d3614e4000-71d3614e5000 ---p 00000000 00:00 0 
71d3614e5000-71d361ce5000 rw-p 00000000 00:00 0 
71d361ce5000-71d361ce6000 ---p 00000000 00:00 0 
71d361ce6000-71d3624e6000 rw-p 00000000 00:00 0 
71d3624e6000-71d3624ea000 ---p 00000000 00:00 0 
71d3624ea000-71d3625e6000 rw-p 00000000 00:00 0 
71d3625e6000-71d3625e7000 rw-s 00000000 00:01 5233                       /memfd:pipewire-memfd:flags=0x0000000f,type=2,size=4096 (deleted)
71d3625e7000-71d3625f0000 rw-s 00000000 00:01 3229                       /memfd:pipewire-memfd:flags=0x0000000f,type=2,size=32832 (deleted)
71d3625f0000-71d3625f9000 rw-s 00000000 00:01 3228                       /memfd:pipewire-memfd:flags=0x0000000f,type=2,size=32832 (deleted)
71d3625f9000-71d3625fa000 rw-s 00000000 00:01 5156                       /memfd:pipewire-memfd:flags=0x0000000f,type=2,size=2312 (deleted)
71d3625fa000-71d3625fb000 rw-s 00000000 00:01 5232                       /memfd:pipewire-memfd:flags=0x0000000f,type=2,size=2312 (deleted)
71d3625fb000-71d3625fc000 rw-s 00000000 00:01 7323                       /memfd:pipewire-memfd:flags=0x0000000f,type=2,size=2312 (deleted)
71d3625fc000-71d3625fd000 ---p 00000000 00:00 0 
71d3625fd000-71d362dfd000 rw-p 00000000 00:00 0 
71d362dfd000-71d362dfe000 ---p 00000000 00:00 0 
71d362dfe000-71d3635fe000 rw-p 00000000 00:00 0 
71d3635fe000-71d3635ff000 ---p 00000000 00:00 0 
71d3635ff000-71d363dff000 rw-p 00000000 00:00 0 
71d363dff000-71d363e03000 ---p 00000000 00:00 0 
71d363e03000-71d363eff000 rw-p 00000000 00:00 0 
71d363eff000-71d363f00000 rw-s 00000000 00:01 7322                       /memfd:pipewire-memfd:flags=0x0000000f,type=2,size=4096 (deleted)
71d363f00000-71d363f09000 rw-s 00000000 00:01 1155                       /memfd:pipewire-memfd:flags=0x0000000f,type=2,size=32832 (deleted)
71d363f09000-71d363f12000 rw-s 00000000 00:01 1154                       /memfd:pipewire-memfd:flags=0x0000000f,type=2,size=32832 (deleted)
71d363f12000-71d363f13000 rw-s 00000000 00:01 5156                       /memfd:pipewire-memfd:flags=0x0000000f,type=2,size=2312 (deleted)
71d363f13000-71d363f14000 rw-s 00000000 00:01 7321                       /memfd:pipewire-memfd:flags=0x0000000f,type=2,size=2312 (deleted)
71d363f14000-71d363f15000 rw-s 00000000 00:01 2194                       /memfd:pipewire-memfd:flags=0x0000000f,type=2,size=2312 (deleted)
71d363f15000-71d363f16000 ---p 00000000 00:00 0 
71d363f16000-71d364716000 rw-p 00000000 00:00 0 
71d364716000-71d364717000 ---p 00000000 00:00 0 
71d364717000-71d364f17000 rw-p 00000000 00:00 0 
71d364f17000-71d364f18000 ---p 00000000 00:00 0 
71d364f18000-71d365718000 rw-p 00000000 00:00 0 
71d365718000-71d36571c000 ---p 00000000 00:00 0 
71d36571c000-71d365818000 rw-p 00000000 00:00 0 
71d365818000-71d365819000 rw-s 00000000 00:01 2191                       /memfd:pipewire-memfd:flags=0x0000000f,type=2,size=4096 (deleted)
71d365819000-71d365822000 rw-s 00000000 00:01 2193                       /memfd:pipewire-memfd:flags=0x0000000f,type=2,size=32832 (deleted)
71d365822000-71d36582b000 rw-s 00000000 00:01 2192                       /memfd:pipewire-memfd:flags=0x0000000f,type=2,size=32832 (deleted)
71d36582b000-71d36582c000 rw-s 00000000 00:01 5156                       /memfd:pipewire-memfd:flags=0x0000000f,type=2,size=2312 (deleted)
71d36582c000-71d36582d000 rw-s 00000000 00:01 2190                       /memfd:pipewire-memfd:flags=0x0000000f,type=2,size=2312 (deleted)
71d36582d000-71d36582e000 rw-s 00000000 00:01 1153                       /memfd:pipewire-memfd:flags=0x0000000f,type=2,size=2312 (deleted)
71d36582e000-71d36582f000 ---p 00000000 00:00 0 
71d36582f000-71d36602f000 rw-p 00000000 00:00 0 
71d36602f000-71d366030000 ---p 00000000 00:00 0 
71d366030000-71d366830000 rw-p 00000000 00:00 0 
71d366830000-71d366831000 ---p 00000000 00:00 0 
71d366831000-71d367031000 rw-p 00000000 00:00 0 
71d367031000-71d367035000 ---p 00000000 00:00 0 
71d367035000-71d367131000 rw-p 00000000 00:00 0 
71d367131000-71d367132000 rw-s 00000000 00:01 1150                       /memfd:pipewire-memfd:flags=0x0000000f,type=2,size=4096 (deleted)
71d367132000-71d36713b000 rw-s 00000000 00:01 1152                       /memfd:pipewire-memfd:flags=0x0000000f,type=2,size=32832 (deleted)
71d36713b000-71d367144000 rw-s 00000000 00:01 1151                       /memfd:pipewire-memfd:flags=0x0000000f,type=2,size=32832 (deleted)
71d367144000-71d367145000 rw-s 00000000 00:01 5156                       /memfd:pipewire-memfd:flags=0x0000000f,type=2,size=2312 (deleted)
71d367145000-71d367146000 rw-s 00000000 00:01 1149                       /memfd:pipewire-memfd:flags=0x0000000f,type=2,size=2312 (deleted)
71d367146000-71d367147000 rw-s 00000000 00:01 7320                       /memfd:pipewire-memfd:flags=0x0000000f,type=2,size=2312 (deleted)
71d367147000-71d367148000 ---p 00000000 00:00 0 
71d367148000-71d367948000 rw-p 00000000 00:00 0 
71d367948000-71d367949000 ---p 00000000 00:00 0 
71d367949000-71d368149000 rw-p 00000000 00:00 0 
71d368149000-71d36814a000 ---p 00000000 00:00 0 
71d36814a000-71d36894a000 rw-p 00000000 00:00 0 
71d36894a000-71d36894e000 ---p 00000000 00:00 0 
71d36894e000-71d368a4a000 rw-p 00000000 00:00 0 
71d368a4a000-71d368a4b000 rw-s 00000000 00:01 6288                       /memfd:pipewire-memfd:flags=0x0000000f,type=2,size=4096 (deleted)
71d368a4b000-71d368a54000 rw-s 00000000 00:01 6290                       /memfd:pipewire-memfd:flags=0x0000000f,type=2,size=32832 (deleted)
71d368a54000-71d368a5d000 rw-s 00000000 00:01 6289                       /memfd:pipewire-memfd:flags=0x0000000f,type=2,size=32832 (deleted)
71d368a5d000-71d368a5e000 rw-s 00000000 00:01 5156                       /memfd:pipewire-memfd:flags=0x0000000f,type=2,size=2312 (deleted)
71d368a5e000-71d368a5f000 rw-s 00000000 00:01 6287                       /memfd:pipewire-memfd:flags=0x0000000f,type=2,size=2312 (deleted)
71d368a5f000-71d368a60000 rw-s 00000000 00:01 4246                       /memfd:pipewire-memfd:flags=0x0000000f,type=2,size=2312 (deleted)
71d368a60000-71d368a61000 ---p 00000000 00:00 0 
71d368a61000-71d369261000 rw-p 00000000 00:00 0 
71d369261000-71d369262000 ---p 00000000 00:00 0 
71d369262000-71d369a62000 rw-p 00000000 00:00 0 
71d369a62000-71d369a63000 ---p 00000000 00:00 0 
71d369a63000-71d36a263000 rw-p 00000000 00:00 0 
71d36a263000-71d36a267000 ---p 00000000 00:00 0 
71d36a267000-71d36a363000 rw-p 00000000 00:00 0 
71d36a363000-71d36a364000 rw-s 00000000 00:01 2187                       /memfd:pipewire-memfd:flags=0x0000000f,type=2,size=4096 (deleted)
71d36a364000-71d36a36d000 rw-s 00000000 00:01 2189                       /memfd:pipewire-memfd:flags=0x0000000f,type=2,size=32832 (deleted)
71d36a36d000-71d36a376000 rw-s 00000000 00:01 2188                       /memfd:pipewire-memfd:flags=0x0000000f,type=2,size=32832 (deleted)
71d36a376000-71d36a377000 rw-s 00000000 00:01 5156                       /memfd:pipewire-memfd:flags=0x0000000f,type=2,size=2312 (deleted)
71d36a377000-71d36a378000 rw-s 00000000 00:01 2186                       /memfd:pipewire-memfd:flags=0x0000000f,type=2,size=2312 (deleted)
71d36a378000-71d36a379000 rw-s 00000000 00:01 1148                       /memfd:pipewire-memfd:flags=0x0000000f,type=2,size=2312 (deleted)
71d36a379000-71d36a37a000 ---p 00000000 00:00 0 
71d36a37a000-71d36ab7a000 rw-p 00000000 00:00 0 
71d36ab7a000-71d36ab7b000 ---p 00000000 00:00 0 
71d36ab7b000-71d36b37b000 rw-p 00000000 00:00 0 
71d36b37b000-71d36b37c000 ---p 00000000 00:00 0 
71d36b37c000-71d36bb7c000 rw-p 00000000 00:00 0 
71d36bb7c000-71d36bb80000 ---p 00000000 00:00 0 
71d36bb80000-71d36bc7c000 rw-p 00000000 00:00 0 
71d36bc7c000-71d36bc7d000 rw-s 00000000 00:01 2185                       /memfd:pipewire-memfd:flags=0x0000000f,type=2,size=4096 (deleted)
71d36bc7d000-71d36bc86000 rw-s 00000000 00:01 169                        /memfd:pipewire-memfd:flags=0x0000000f,type=2,size=32832 (deleted)
71d36bc86000-71d36bc8f000 rw-s 00000000 00:01 168                        /memfd:pipewire-memfd:flags=0x0000000f,type=2,size=32832 (deleted)
71d36bc8f000-71d36bc90000 rw-s 00000000 00:01 5156                       /memfd:pipewire-memfd:flags=0x0000000f,type=2,size=2312 (deleted)
71d36bc90000-71d36bc91000 rw-s 00000000 00:01 2184                       /memfd:pipewire-memfd:flags=0x0000000f,type=2,size=2312 (deleted)
71d36bc91000-71d36bc92000 rw-s 00000000 00:01 1147                       /memfd:pipewire-memfd:flags=0x0000000f,type=2,size=2312 (deleted)
71d36bc92000-71d36bc93000 ---p 00000000 00:00 0 
71d36bc93000-71d36c493000 rw-p 00000000 00:00 0 
71d36c493000-71d36c494000 ---p 00000000 00:00 0 
71d36c494000-71d36cc94000 rw-p 00000000 00:00 0 
71d36cc94000-71d36cc95000 ---p 00000000 00:00 0 
71d36cc95000-71d36d495000 rw-p 00000000 00:00 0 
71d36d495000-71d36d499000 ---p 00000000 00:00 0 
71d36d499000-71d36d595000 rw-p 00000000 00:00 0 
71d36d595000-71d36d596000 rw-s 00000000 00:01 6286                       /memfd:pipewire-memfd:flags=0x0000000f,type=2,size=4096 (deleted)
71d36d596000-71d36d59f000 rw-s 00000000 00:01 4245                       /memfd:pipewire-memfd:flags=0x0000000f,type=2,size=32832 (deleted)
71d36d59f000-71d36d5a8000 rw-s 00000000 00:01 4244                       /memfd:pipewire-memfd:flags=0x0000000f,type=2,size=32832 (deleted)
71d36d5a8000-71d36d5a9000 rw-s 00000000 00:01 5156                       /memfd:pipewire-memfd:flags=0x0000000f,type=2,size=2312 (deleted)
71d36d5a9000-71d36d5aa000 rw-s 00000000 00:01 6285                       /memfd:pipewire-memfd:flags=0x0000000f,type=2,size=2312 (deleted)
71d36d5aa000-71d36d5ab000 rw-s 00000000 00:01 167                        /memfd:pipewire-memfd:flags=0x0000000f,type=2,size=2312 (deleted)
71d36d5ab000-71d36d5ac000 ---p 00000000 00:00 0 
71d36d5ac000-71d36ddac000 rw-p 00000000 00:00 0 
71d36ddac000-71d36ddad000 ---p 00000000 00:00 0 
71d36ddad000-71d36e5ad000 rw-p 00000000 00:00 0 
71d36e5ad000-71d36e5ae000 ---p 00000000 00:00 0 
71d36e5ae000-71d36edae000 rw-p 00000000 00:00 0 
71d36edae000-71d36edb2000 ---p 00000000 00:00 0 
71d36edb2000-71d36eeae000 rw-p 00000000 00:00 0 
71d36eeae000-71d36eeaf000 rw-s 00000000 00:01 6282                       /memfd:pipewire-memfd:flags=0x0000000f,type=2,size=4096 (deleted)
71d36eeaf000-71d36eeb8000 rw-s 00000000 00:01 6284                       /memfd:pipewire-memfd:flags=0x0000000f,type=2,size=32832 (deleted)
71d36eeb8000-71d36eec1000 rw-s 00000000 00:01 6283                       /memfd:pipewire-memfd:flags=0x0000000f,type=2,size=32832 (deleted)
71d36eec1000-71d36eec2000 rw-s 00000000 00:01 5156                       /memfd:pipewire-memfd:flags=0x0000000f,type=2,size=2312 (deleted)
71d36eec2000-71d36eec3000 rw-s 00000000 00:01 6281                       /memfd:pipewire-memfd:flags=0x0000000f,type=2,size=2312 (deleted)
71d36eec3000-71d36eec4000 rw-s 00000000 00:01 3227                       /memfd:pipewire-memfd:flags=0x0000000f,type=2,size=2312 (deleted)
71d36eec4000-71d36eec5000 ---p 00000000 00:00 0 
71d36eec5000-71d36f6c5000 rw-p 00000000 00:00 0 
71d36f6c5000-71d36f6c6000 ---p 00000000 00:00 0 
71d36f6c6000-71d36fec6000 rw-p 00000000 00:00 0 
71d36fec6000-71d36fec7000 ---p 00000000 00:00 0 
71d36fec7000-71d3706c7000 rw-p 00000000 00:00 0 
71d3706c7000-71d3706cb000 ---p 00000000 00:00 0 
71d3706cb000-71d3707c7000 rw-p 00000000 00:00 0 
71d3707c7000-71d3707c8000 rw-s 00000000 00:01 3224                       /memfd:pipewire-memfd:flags=0x0000000f,type=2,size=4096 (deleted)
71d3707c8000-71d3707d1000 rw-s 00000000 00:01 3226                       /memfd:pipewire-memfd:flags=0x0000000f,type=2,size=32832 (deleted)
71d3707d1000-71d3707da000 rw-s 00000000 00:01 3225                       /memfd:pipewire-memfd:flags=0x0000000f,type=2,size=32832 (deleted)
71d3707da000-71d3707db000 rw-s 00000000 00:01 5156                       /memfd:pipewire-memfd:flags=0x0000000f,type=2,size=2312 (deleted)
71d3707db000-71d3707dc000 rw-s 00000000 00:01 3223                       /memfd:pipewire-memfd:flags=0x0000000f,type=2,size=2312 (deleted)
71d3707dc000-71d3707dd000 rw-s 00000000 00:01 6280                       /memfd:pipewire-memfd:flags=0x0000000f,type=2,size=2312 (deleted)
71d3707dd000-71d3707de000 ---p 00000000 00:00 0 
71d3707de000-71d370fde000 rw-p 00000000 00:00 0 
71d370fde000-71d370fdf000 ---p 00000000 00:00 0 
71d370fdf000-71d3717df000 rw-p 00000000 00:00 0 
71d3717df000-71d3717e0000 ---p 00000000 00:00 0 
71d3717e0000-71d371fe0000 rw-p 00000000 00:00 0 
71d371fe0000-71d371fe4000 ---p 00000000 00:00 0 
71d371fe4000-71d3720e0000 rw-p 00000000 00:00 0 
71d3720e0000-71d3720e1000 rw-s 00000000 00:01 2183                       /memfd:pipewire-memfd:flags=0x0000000f,type=2,size=4096 (deleted)
71d3720e1000-71d3720ea000 rw-s 00000000 00:01 166                        /memfd:pipewire-memfd:flags=0x0000000f,type=2,size=32832 (deleted)
71d3720ea000-71d3720f3000 rw-s 00000000 00:01 165                        /memfd:pipewire-memfd:flags=0x0000000f,type=2,size=32832 (deleted)
71d3720f3000-71d3720f4000 rw-s 00000000 00:01 5156                       /memfd:pipewire-memfd:flags=0x0000000f,type=2,size=2312 (deleted)
71d3720f4000-71d3720f5000 rw-s 00000000 00:01 2182                       /memfd:pipewire-memfd:flags=0x0000000f,type=2,size=2312 (deleted)
71d3720f5000-71d3720f6000 rw-s 00000000 00:01 5231                       /memfd:pipewire-memfd:flags=0x0000000f,type=2,size=2312 (deleted)
71d3720f6000-71d3720f7000 ---p 00000000 00:00 0 
71d3720f7000-71d3728f7000 rw-p 00000000 00:00 0 
71d3728f7000-71d3728f8000 ---p 00000000 00:00 0 
71d3728f8000-71d3730f8000 rw-p 00000000 00:00 0 
71d3730f8000-71d3730f9000 ---p 00000000 00:00 0 
71d3730f9000-71d3738f9000 rw-p 00000000 00:00 0 
71d3738f9000-71d3738fd000 ---p 00000000 00:00 0 
71d3738fd000-71d3739f9000 rw-p 00000000 00:00 0 
71d3739f9000-71d3739fa000 rw-s 00000000 00:01 4241                       /memfd:pipewire-memfd:flags=0x0000000f,type=2,size=4096 (deleted)
71d3739fa000-71d373a03000 rw-s 00000000 00:01 4243                       /memfd:pipewire-memfd:flags=0x0000000f,type=2,size=32832 (deleted)
71d373a03000-71d373a0c000 rw-s 00000000 00:01 4242                       /memfd:pipewire-memfd:flags=0x0000000f,type=2,size=32832 (deleted)
71d373a0c000-71d373a0d000 rw-s 00000000 00:01 5156                       /memfd:pipewire-memfd:flags=0x0000000f,type=2,size=2312 (deleted)
71d373a0d000-71d373a0e000 rw-s 00000000 00:01 4240                       /memfd:pipewire-memfd:flags=0x0000000f,type=2,size=2312 (deleted)
71d373a0e000-71d373a0f000 rw-s 00000000 00:01 164                        /memfd:pipewire-memfd:flags=0x0000000f,type=2,size=2312 (deleted)
71d373a0f000-71d373a10000 ---p 00000000 00:00 0 
71d373a10000-71d374210000 rw-p 00000000 00:00 0 
71d374210000-71d374211000 ---p 00000000 00:00 0 
71d374211000-71d374a11000 rw-p 00000000 00:00 0 
71d374a11000-71d374a12000 ---p 00000000 00:00 0 
71d374a12000-71d375212000 rw-p 00000000 00:00 0 
71d375212000-71d375216000 ---p 00000000 00:00 0 
71d375216000-71d375312000 rw-p 00000000 00:00 0 
71d375312000-71d375313000 rw-s 00000000 00:01 6279                       /memfd:pipewire-memfd:flags=0x0000000f,type=2,size=4096 (deleted)
71d375313000-71d37531c000 rw-s 00000000 00:01 1146                       /memfd:pipewire-memfd:flags=0x0000000f,type=2,size=32832 (deleted)
71d37531c000-71d375325000 rw-s 00000000 00:01 1145                       /memfd:pipewire-memfd:flags=0x0000000f,type=2,size=32832 (deleted)
71d375325000-71d375326000 rw-s 00000000 00:01 5156                       /memfd:pipewire-memfd:flags=0x0000000f,type=2,size=2312 (deleted)
71d375326000-71d375327000 rw-s 00000000 00:01 6278                       /memfd:pipewire-memfd:flags=0x0000000f,type=2,size=2312 (deleted)
71d375327000-71d375328000 rw-s 00000000 00:01 3222                       /memfd:pipewire-memfd:flags=0x0000000f,type=2,size=2312 (deleted)
71d375328000-71d375329000 ---p 00000000 00:00 0 
71d375329000-71d375b29000 rw-p 00000000 00:00 0 
71d375b29000-71d375b2a000 ---p 00000000 00:00 0 
71d375b2a000-71d37632a000 rw-p 00000000 00:00 0 
71d37632a000-71d37632b000 ---p 00000000 00:00 0 
71d37632b000-71d376b2b000 rw-p 00000000 00:00 0 
71d376b2b000-71d376b2f000 ---p 00000000 00:00 0 
71d376b2f000-71d376c2b000 rw-p 00000000 00:00 0 
71d376c2b000-71d376c2c000 rw-s 00000000 00:01 1142                       /memfd:pipewire-memfd:flags=0x0000000f,type=2,size=4096 (deleted)
71d376c2c000-71d376c35000 rw-s 00000000 00:01 1144                       /memfd:pipewire-memfd:flags=0x0000000f,type=2,size=32832 (deleted)
71d376c35000-71d376c3e000 rw-s 00000000 00:01 1143                       /memfd:pipewire-memfd:flags=0x0000000f,type=2,size=32832 (deleted)
71d376c3e000-71d376c3f000 rw-s 00000000 00:01 5156                       /memfd:pipewire-memfd:flags=0x0000000f,type=2,size=2312 (deleted)
71d376c3f000-71d376c40000 rw-s 00000000 00:01 1141                       /memfd:pipewire-memfd:flags=0x0000000f,type=2,size=2312 (deleted)
71d376c40000-71d376c41000 rw-s 00000000 00:01 6277                       /memfd:pipewire-memfd:flags=0x0000000f,type=2,size=2312 (deleted)
71d376c41000-71d376c42000 ---p 00000000 00:00 0 
71d376c42000-71d377442000 rw-p 00000000 00:00 0 
71d377442000-71d377443000 ---p 00000000 00:00 0 
71d377443000-71d377c43000 rw-p 00000000 00:00 0 
71d377c43000-71d377c44000 ---p 00000000 00:00 0 
71d377c44000-71d378444000 rw-p 00000000 00:00 0 
71d378444000-71d378448000 ---p 00000000 00:00 0 
71d378448000-71d378544000 rw-p 00000000 00:00 0 
71d378544000-71d378545000 rw-s 00000000 00:01 4237                       /memfd:pipewire-memfd:flags=0x0000000f,type=2,size=4096 (deleted)
71d378545000-71d37854e000 rw-s 00000000 00:01 4239                       /memfd:pipewire-memfd:flags=0x0000000f,type=2,size=32832 (deleted)
71d37854e000-71d378557000 rw-s 00000000 00:01 4238                       /memfd:pipewire-memfd:flags=0x0000000f,type=2,size=32832 (deleted)
71d378557000-71d378558000 rw-s 00000000 00:01 5156                       /memfd:pipewire-memfd:flags=0x0000000f,type=2,size=2312 (deleted)
71d378558000-71d378559000 rw-s 00000000 00:01 4236                       /memfd:pipewire-memfd:flags=0x0000000f,type=2,size=2312 (deleted)
71d378559000-71d37855a000 rw-s 00000000 00:01 163                        /memfd:pipewire-memfd:flags=0x0000000f,type=2,size=2312 (deleted)
71d37855a000-71d37855b000 ---p 00000000 00:00 0 
71d37855b000-71d378d5b000 rw-p 00000000 00:00 0 
71d378d5b000-71d378d5c000 ---p 00000000 00:00 0 
71d378d5c000-71d37955c000 rw-p 00000000 00:00 0 
71d37955c000-71d37955d000 ---p 00000000 00:00 0 
71d37955d000-71d379d5d000 rw-p 00000000 00:00 0 
71d379d5d000-71d379d61000 ---p 00000000 00:00 0 
71d379d61000-71d379e5d000 rw-p 00000000 00:00 0 
71d379e5d000-71d379e5e000 rw-s 00000000 00:01 3219                       /memfd:pipewire-memfd:flags=0x0000000f,type=2,size=4096 (deleted)
71d379e5e000-71d379e67000 rw-s 00000000 00:01 3221                       /memfd:pipewire-memfd:flags=0x0000000f,type=2,size=32832 (deleted)
71d379e67000-71d379e70000 rw-s 00000000 00:01 3220                       /memfd:pipewire-memfd:flags=0x0000000f,type=2,size=32832 (deleted)
71d379e70000-71d379e71000 rw-s 00000000 00:01 5156                       /memfd:pipewire-memfd:flags=0x0000000f,type=2,size=2312 (deleted)
71d379e71000-71d379e72000 rw-s 00000000 00:01 3218                       /memfd:pipewire-memfd:flags=0x0000000f,type=2,size=2312 (deleted)
71d379e72000-71d379e73000 rw-s 00000000 00:01 162                        /memfd:pipewire-memfd:flags=0x0000000f,type=2,size=2312 (deleted)
71d379e73000-71d379e74000 ---p 00000000 00:00 0 
71d379e74000-71d37a674000 rw-p 00000000 00:00 0 
71d37a674000-71d37a675000 ---p 00000000 00:00 0 
71d37a675000-71d37ae75000 rw-p 00000000 00:00 0 
71d37ae75000-71d37ae76000 ---p 00000000 00:00 0 
71d37ae76000-71d37b676000 rw-p 00000000 00:00 0 
71d37b676000-71d37b67a000 ---p 00000000 00:00 0 
71d37b67a000-71d37b776000 rw-p 00000000 00:00 0 
71d37b776000-71d37b777000 rw-s 00000000 00:01 3215                       /memfd:pipewire-memfd:flags=0x0000000f,type=2,size=4096 (deleted)
71d37b777000-71d37b780000 rw-s 00000000 00:01 3217                       /memfd:pipewire-memfd:flags=0x0000000f,type=2,size=32832 (deleted)
71d37b780000-71d37b789000 rw-s 00000000 00:01 3216                       /memfd:pipewire-memfd:flags=0x0000000f,type=2,size=32832 (deleted)
71d37b789000-71d37b78a000 rw-s 00000000 00:01 5156                       /memfd:pipewire-memfd:flags=0x0000000f,type=2,size=2312 (deleted)
71d37b78a000-71d37b78b000 rw-s 00000000 00:01 7319                       /memfd:pipewire-memfd:flags=0x0000000f,type=2,size=2312 (deleted)
71d37b78b000-71d37b78c000 rw-s 00000000 00:01 4235                       /memfd:pipewire-memfd:flags=0x0000000f,type=2,size=2312 (deleted)
71d37b78c000-71d37b78d000 ---p 00000000 00:00 0 
71d37b78d000-71d37bf8d000 rw-p 00000000 00:00 0 
71d37bf8d000-71d37bf8e000 ---p 00000000 00:00 0 
71d37bf8e000-71d37c78e000 rw-p 00000000 00:00 0 
71d37c78e000-71d37c78f000 ---p 00000000 00:00 0 
71d37c78f000-71d37cf8f000 rw-p 00000000 00:00 0 
71d37cf8f000-71d37cf93000 ---p 00000000 00:00 0 
71d37cf93000-71d37d08f000 rw-p 00000000 00:00 0 
71d37d08f000-71d37d090000 rw-s 00000000 00:01 5230                       /memfd:pipewire-memfd:flags=0x0000000f,type=2,size=4096 (deleted)
71d37d090000-71d37d099000 rw-s 00000000 00:01 161                        /memfd:pipewire-memfd:flags=0x0000000f,type=2,size=32832 (deleted)
71d37d099000-71d37d0a2000 rw-s 00000000 00:01 160                        /memfd:pipewire-memfd:flags=0x0000000f,type=2,size=32832 (deleted)
71d37d0a2000-71d37d0a3000 rw-s 00000000 00:01 5156                       /memfd:pipewire-memfd:flags=0x0000000f,type=2,size=2312 (deleted)
71d37d0a3000-71d37d0a4000 rw-s 00000000 00:01 5229                       /memfd:pipewire-memfd:flags=0x0000000f,type=2,size=2312 (deleted)
71d37d0a4000-71d37d0a5000 rw-s 00000000 00:01 1140                       /memfd:pipewire-memfd:flags=0x0000000f,type=2,size=2312 (deleted)
71d37d0a5000-71d37d0a6000 ---p 00000000 00:00 0 
71d37d0a6000-71d37d8a6000 rw-p 00000000 00:00 0 
71d37d8a6000-71d37d8a7000 ---p 00000000 00:00 0 
71d37d8a7000-71d37e0a7000 rw-p 00000000 00:00 0 
71d37e0a7000-71d37e0a8000 ---p 00000000 00:00 0 
71d37e0a8000-71d37e8a8000 rw-p 00000000 00:00 0 
71d37e8a8000-71d37e8ac000 ---p 00000000 00:00 0 
71d37e8ac000-71d37e9a8000 rw-p 00000000 00:00 0 
71d37e9a8000-71d37e9a9000 rw-s 00000000 00:01 6276                       /memfd:pipewire-memfd:flags=0x0000000f,type=2,size=4096 (deleted)
71d37e9a9000-71d37e9b2000 rw-s 00000000 00:01 3214                       /memfd:pipewire-memfd:flags=0x0000000f,type=2,size=32832 (deleted)
71d37e9b2000-71d37e9bb000 rw-s 00000000 00:01 3213                       /memfd:pipewire-memfd:flags=0x0000000f,type=2,size=32832 (deleted)
71d37e9bb000-71d37e9bc000 rw-s 00000000 00:01 5156                       /memfd:pipewire-memfd:flags=0x0000000f,type=2,size=2312 (deleted)
71d37e9bc000-71d37e9bd000 rw-s 00000000 00:01 6275                       /memfd:pipewire-memfd:flags=0x0000000f,type=2,size=2312 (deleted)
71d37e9bd000-71d37e9be000 rw-s 00000000 00:01 7318                       /memfd:pipewire-memfd:flags=0x0000000f,type=2,size=2312 (deleted)
71d37e9be000-71d37e9bf000 ---p 00000000 00:00 0 
71d37e9bf000-71d37f1bf000 rw-p 00000000 00:00 0 
71d37f1bf000-71d37f1c0000 ---p 00000000 00:00 0 
71d37f1c0000-71d37f9c0000 rw-p 00000000 00:00 0 
71d37f9c0000-71d37f9c1000 ---p 00000000 00:00 0 
71d37f9c1000-71d3801c1000 rw-p 00000000 00:00 0 
71d3801c1000-71d3801c5000 ---p 00000000 00:00 0 
71d3801c5000-71d3802c1000 rw-p 00000000 00:00 0 
71d3802c1000-71d3802c2000 rw-s 00000000 00:01 2181                       /memfd:pipewire-memfd:flags=0x0000000f,type=2,size=4096 (deleted)
71d3802c2000-71d3802cb000 rw-s 00000000 00:01 6274                       /memfd:pipewire-memfd:flags=0x0000000f,type=2,size=32832 (deleted)
71d3802cb000-71d3802d4000 rw-s 00000000 00:01 6273                       /memfd:pipewire-memfd:flags=0x0000000f,type=2,size=32832 (deleted)
71d3802d4000-71d3802d5000 rw-s 00000000 00:01 5156                       /memfd:pipewire-memfd:flags=0x0000000f,type=2,size=2312 (deleted)
71d3802d5000-71d3802d6000 rw-s 00000000 00:01 2180                       /memfd:pipewire-memfd:flags=0x0000000f,type=2,size=2312 (deleted)
71d3802d6000-71d3802d7000 rw-s 00000000 00:01 4234                       /memfd:pipewire-memfd:flags=0x0000000f,type=2,size=2312 (deleted)
71d3802d7000-71d3802d8000 ---p 00000000 00:00 0 
71d3802d8000-71d380ad8000 rw-p 00000000 00:00 0 
71d380ad8000-71d380ad9000 ---p 00000000 00:00 0 
71d380ad9000-71d3812d9000 rw-p 00000000 00:00 0 
71d3812d9000-71d3812da000 ---p 00000000 00:00 0 
71d3812da000-71d381ada000 rw-p 00000000 00:00 0 
71d381ada000-71d381ade000 ---p 00000000 00:00 0 
71d381ade000-71d381bda000 rw-p 00000000 00:00 0 
71d381bda000-71d381bdb000 rw-s 00000000 00:01 2177                       /memfd:pipewire-memfd:flags=0x0000000f,type=2,size=4096 (deleted)
71d381bdb000-71d381be4000 rw-s 00000000 00:01 2179                       /memfd:pipewire-memfd:flags=0x0000000f,type=2,size=32832 (deleted)
71d381be4000-71d381bed000 rw-s 00000000 00:01 2178                       /memfd:pipewire-memfd:flags=0x0000000f,type=2,size=32832 (deleted)
71d381bed000-71d381bee000 rw-s 00000000 00:01 5156                       /memfd:pipewire-memfd:flags=0x0000000f,type=2,size=2312 (deleted)
71d381bee000-71d381bef000 rw-s 00000000 00:01 2176                       /memfd:pipewire-memfd:flags=0x0000000f,type=2,size=2312 (deleted)
71d381bef000-71d381bf0000 rw-s 00000000 00:01 5228                       /memfd:pipewire-memfd:flags=0x0000000f,type=2,size=2312 (deleted)
71d381bf0000-71d381bf1000 ---p 00000000 00:00 0 
71d381bf1000-71d3823f1000 rw-p 00000000 00:00 0 
71d3823f1000-71d3823f2000 ---p 00000000 00:00 0 
71d3823f2000-71d382bf2000 rw-p 00000000 00:00 0 
71d382bf2000-71d382bf3000 ---p 00000000 00:00 0 
71d382bf3000-71d3833f3000 rw-p 00000000 00:00 0 
71d3833f3000-71d3833f7000 ---p 00000000 00:00 0 
71d3833f7000-71d3834f3000 rw-p 00000000 00:00 0 
71d3834f3000-71d3834f4000 rw-s 00000000 00:01 7315                       /memfd:pipewire-memfd:flags=0x0000000f,type=2,size=4096 (deleted)
71d3834f4000-71d3834fd000 rw-s 00000000 00:01 7317                       /memfd:pipewire-memfd:flags=0x0000000f,type=2,size=32832 (deleted)
71d3834fd000-71d383506000 rw-s 00000000 00:01 7316                       /memfd:pipewire-memfd:flags=0x0000000f,type=2,size=32832 (deleted)
71d383506000-71d383507000 rw-s 00000000 00:01 5156                       /memfd:pipewire-memfd:flags=0x0000000f,type=2,size=2312 (deleted)
71d383507000-71d383508000 rw-s 00000000 00:01 7314                       /memfd:pipewire-memfd:flags=0x0000000f,type=2,size=2312 (deleted)
71d383508000-71d383509000 rw-s 00000000 00:01 159                        /memfd:pipewire-memfd:flags=0x0000000f,type=2,size=2312 (deleted)
71d383509000-71d38350a000 ---p 00000000 00:00 0 
71d38350a000-71d383d0a000 rw-p 00000000 00:00 0 
71d383d0a000-71d383d0b000 ---p 00000000 00:00 0 
71d383d0b000-71d38450b000 rw-p 00000000 00:00 0 
71d38450b000-71d38450c000 ---p 00000000 00:00 0 
71d38450c000-71d384d0c000 rw-p 00000000 00:00 0 
71d384d0c000-71d384d10000 ---p 00000000 00:00 0 
71d384d10000-71d384e0c000 rw-p 00000000 00:00 0 
71d384e0c000-71d384e0d000 rw-s 00000000 00:01 156                        /memfd:pipewire-memfd:flags=0x0000000f,type=2,size=4096 (deleted)
71d384e0d000-71d384e16000 rw-s 00000000 00:01 158                        /memfd:pipewire-memfd:flags=0x0000000f,type=2,size=32832 (deleted)
71d384e16000-71d384e1f000 rw-s 00000000 00:01 157                        /memfd:pipewire-memfd:flags=0x0000000f,type=2,size=32832 (deleted)
71d384e1f000-71d384e20000 rw-s 00000000 00:01 5156                       /memfd:pipewire-memfd:flags=0x0000000f,type=2,size=2312 (deleted)
71d384e20000-71d384e21000 rw-s 00000000 00:01 155                        /memfd:pipewire-memfd:flags=0x0000000f,type=2,size=2312 (deleted)
71d384e21000-71d384e22000 rw-s 00000000 00:01 5227                       /memfd:pipewire-memfd:flags=0x0000000f,type=2,size=2312 (deleted)
71d384e22000-71d384e23000 ---p 00000000 00:00 0 
71d384e23000-71d385623000 rw-p 00000000 00:00 0 
71d385623000-71d385624000 ---p 00000000 00:00 0 
71d385624000-71d385e24000 rw-p 00000000 00:00 0 
71d385e24000-71d385e25000 ---p 00000000 00:00 0 
71d385e25000-71d386625000 rw-p 00000000 00:00 0 
71d386625000-71d386629000 ---p 00000000 00:00 0 
71d386629000-71d386725000 rw-p 00000000 00:00 0 
71d386725000-71d386726000 rw-s 00000000 00:01 7311                       /memfd:pipewire-memfd:flags=0x0000000f,type=2,size=4096 (deleted)
71d386726000-71d38672f000 rw-s 00000000 00:01 7313                       /memfd:pipewire-memfd:flags=0x0000000f,type=2,size=32832 (deleted)
71d38672f000-71d386738000 rw-s 00000000 00:01 7312                       /memfd:pipewire-memfd:flags=0x0000000f,type=2,size=32832 (deleted)
71d386738000-71d386739000 rw-s 00000000 00:01 5156                       /memfd:pipewire-memfd:flags=0x0000000f,type=2,size=2312 (deleted)
71d386739000-71d38673a000 rw-s 00000000 00:01 7310                       /memfd:pipewire-memfd:flags=0x0000000f,type=2,size=2312 (deleted)
71d38673a000-71d38673b000 rw-s 00000000 00:01 3212                       /memfd:pipewire-memfd:flags=0x0000000f,type=2,size=2312 (deleted)
71d38673b000-71d38673c000 ---p 00000000 00:00 0 
71d38673c000-71d386f3c000 rw-p 00000000 00:00 0 
71d386f3c000-71d386f3d000 ---p 00000000 00:00 0 
71d386f3d000-71d38773d000 rw-p 00000000 00:00 0 
71d38773d000-71d38773e000 ---p 00000000 00:00 0 
71d38773e000-71d387f3e000 rw-p 00000000 00:00 0 
71d387f3e000-71d387f42000 ---p 00000000 00:00 0 
71d387f42000-71d38803e000 rw-p 00000000 00:00 0 
71d38803e000-71d38803f000 rw-s 00000000 00:01 7309                       /memfd:pipewire-memfd:flags=0x0000000f,type=2,size=4096 (deleted)
71d38803f000-71d388048000 rw-s 00000000 00:01 6272                       /memfd:pipewire-memfd:flags=0x0000000f,type=2,size=32832 (deleted)
71d388048000-71d388051000 rw-s 00000000 00:01 6271                       /memfd:pipewire-memfd:flags=0x0000000f,type=2,size=32832 (deleted)
71d388051000-71d388052000 rw-s 00000000 00:01 5156                       /memfd:pipewire-memfd:flags=0x0000000f,type=2,size=2312 (deleted)
71d388052000-71d388053000 rw-s 00000000 00:01 7308                       /memfd:pipewire-memfd:flags=0x0000000f,type=2,size=2312 (deleted)
71d388053000-71d388054000 rw-s 00000000 00:01 2175                       /memfd:pipewire-memfd:flags=0x0000000f,type=2,size=2312 (deleted)
71d388054000-71d388055000 ---p 00000000 00:00 0 
71d388055000-71d388855000 rw-p 00000000 00:00 0 
71d388855000-71d388856000 ---p 00000000 00:00 0 
71d388856000-71d389056000 rw-p 00000000 00:00 0 
71d389056000-71d389057000 ---p 00000000 00:00 0 
71d389057000-71d389857000 rw-p 00000000 00:00 0 
71d389857000-71d38985b000 ---p 00000000 00:00 0 
71d38985b000-71d389957000 rw-p 00000000 00:00 0 
71d389957000-71d389958000 rw-s 00000000 00:01 2172                       /memfd:pipewire-memfd:flags=0x0000000f,type=2,size=4096 (deleted)
71d389958000-71d389961000 rw-s 00000000 00:01 2174                       /memfd:pipewire-memfd:flags=0x0000000f,type=2,size=32832 (deleted)
71d389961000-71d38996a000 rw-s 00000000 00:01 2173                       /memfd:pipewire-memfd:flags=0x0000000f,type=2,size=32832 (deleted)
71d38996a000-71d38996b000 rw-s 00000000 00:01 5156                       /memfd:pipewire-memfd:flags=0x0000000f,type=2,size=2312 (deleted)
71d38996b000-71d38996c000 rw-s 00000000 00:01 2171                       /memfd:pipewire-memfd:flags=0x0000000f,type=2,size=2312 (deleted)
71d38996c000-71d38996d000 rw-s 00000000 00:01 4233                       /memfd:pipewire-memfd:flags=0x0000000f,type=2,size=2312 (deleted)
71d38996d000-71d38996e000 ---p 00000000 00:00 0 
71d38996e000-71d38a16e000 rw-p 00000000 00:00 0 
71d38a16e000-71d38a16f000 ---p 00000000 00:00 0 
71d38a16f000-71d38a96f000 rw-p 00000000 00:00 0 
71d38a96f000-71d38a970000 ---p 00000000 00:00 0 
71d38a970000-71d38b170000 rw-p 00000000 00:00 0 
71d38b170000-71d38b174000 ---p 00000000 00:00 0 
71d38b174000-71d38b270000 rw-p 00000000 00:00 0 
71d38b270000-71d38b271000 rw-s 00000000 00:01 3209                       /memfd:pipewire-memfd:flags=0x0000000f,type=2,size=4096 (deleted)
71d38b271000-71d38b27a000 rw-s 00000000 00:01 3211                       /memfd:pipewire-memfd:flags=0x0000000f,type=2,size=32832 (deleted)
71d38b27a000-71d38b283000 rw-s 00000000 00:01 3210                       /memfd:pipewire-memfd:flags=0x0000000f,type=2,size=32832 (deleted)
71d38b283000-71d38b284000 rw-s 00000000 00:01 5156                       /memfd:pipewire-memfd:flags=0x0000000f,type=2,size=2312 (deleted)
71d38b284000-71d38b285000 rw-s 00000000 00:01 3208                       /memfd:pipewire-memfd:flags=0x0000000f,type=2,size=2312 (deleted)
71d38b285000-71d38b286000 rw-s 00000000 00:01 7307                       /memfd:pipewire-memfd:flags=0x0000000f,type=2,size=2312 (deleted)
71d38b286000-71d38b287000 ---p 00000000 00:00 0 
71d38b287000-71d38ba87000 rw-p 00000000 00:00 0 
71d38ba87000-71d38ba88000 ---p 00000000 00:00 0 
71d38ba88000-71d38c288000 rw-p 00000000 00:00 0 
71d38c288000-71d38c289000 ---p 00000000 00:00 0 
71d38c289000-71d38ca89000 rw-p 00000000 00:00 0 
71d38ca89000-71d38ca8d000 ---p 00000000 00:00 0 
71d38ca8d000-71d38cb89000 rw-p 00000000 00:00 0 
71d38cb89000-71d38cb8a000 rw-s 00000000 00:01 7306                       /memfd:pipewire-memfd:flags=0x0000000f,type=2,size=4096 (deleted)
71d38cb8a000-71d38cb93000 rw-s 00000000 00:01 154                        /memfd:pipewire-memfd:flags=0x0000000f,type=2,size=32832 (deleted)
71d38cb93000-71d38cb9c000 rw-s 00000000 00:01 153                        /memfd:pipewire-memfd:flags=0x0000000f,type=2,size=32832 (deleted)
71d38cb9c000-71d38cb9d000 rw-s 00000000 00:01 5156                       /memfd:pipewire-memfd:flags=0x0000000f,type=2,size=2312 (deleted)
71d38cb9d000-71d38cb9e000 rw-s 00000000 00:01 7305                       /memfd:pipewire-memfd:flags=0x0000000f,type=2,size=2312 (deleted)
71d38cb9e000-71d38cb9f000 rw-s 00000000 00:01 3207                       /memfd:pipewire-memfd:flags=0x0000000f,type=2,size=2312 (deleted)
71d38cb9f000-71d38cba0000 ---p 00000000 00:00 0 
71d38cba0000-71d38d3a0000 rw-p 00000000 00:00 0 
71d38d3a0000-71d38d3a1000 ---p 00000000 00:00 0 
71d38d3a1000-71d38dba1000 rw-p 00000000 00:00 0 
71d38dba1000-71d38dba2000 ---p 00000000 00:00 0 
71d38dba2000-71d38e3a2000 rw-p 00000000 00:00 0 
71d38e3a2000-71d38e3a6000 ---p 00000000 00:00 0 
71d38e3a6000-71d38e4a2000 rw-p 00000000 00:00 0 
71d38e4a2000-71d38e4a3000 rw-s 00000000 00:01 150                        /memfd:pipewire-memfd:flags=0x0000000f,type=2,size=4096 (deleted)
71d38e4a3000-71d38e4ac000 rw-s 00000000 00:01 152                        /memfd:pipewire-memfd:flags=0x0000000f,type=2,size=32832 (deleted)
71d38e4ac000-71d38e4b5000 rw-s 00000000 00:01 151                        /memfd:pipewire-memfd:flags=0x0000000f,type=2,size=32832 (deleted)
71d38e4b5000-71d38e4b6000 rw-s 00000000 00:01 5156                       /memfd:pipewire-memfd:flags=0x0000000f,type=2,size=2312 (deleted)
71d38e4b6000-71d38e4b7000 rw-s 00000000 00:01 5226                       /memfd:pipewire-memfd:flags=0x0000000f,type=2,size=2312 (deleted)
71d38e4b7000-71d38e4b8000 rw-s 00000000 00:01 1139                       /memfd:pipewire-memfd:flags=0x0000000f,type=2,size=2312 (deleted)
71d38e4b8000-71d38e4b9000 ---p 00000000 00:00 0 
71d38e4b9000-71d38ecb9000 rw-p 00000000 00:00 0 
71d38ecb9000-71d38ecba000 ---p 00000000 00:00 0 
71d38ecba000-71d38f4ba000 rw-p 00000000 00:00 0 
71d38f4ba000-71d38f4bb000 ---p 00000000 00:00 0 
71d38f4bb000-71d38fcbb000 rw-p 00000000 00:00 0 
71d38fcbb000-71d38fcbf000 ---p 00000000 00:00 0 
71d38fcbf000-71d38fdbb000 rw-p 00000000 00:00 0 
71d38fdbb000-71d38fdbc000 rw-s 00000000 00:01 1136                       /memfd:pipewire-memfd:flags=0x0000000f,type=2,size=4096 (deleted)
71d38fdbc000-71d38fdc5000 rw-s 00000000 00:01 1138                       /memfd:pipewire-memfd:flags=0x0000000f,type=2,size=32832 (deleted)
71d38fdc5000-71d38fdce000 rw-s 00000000 00:01 1137                       /memfd:pipewire-memfd:flags=0x0000000f,type=2,size=32832 (deleted)
71d38fdce000-71d38fdcf000 rw-s 00000000 00:01 5156                       /memfd:pipewire-memfd:flags=0x0000000f,type=2,size=2312 (deleted)
71d38fdcf000-71d38fdd0000 rw-s 00000000 00:01 1135                       /memfd:pipewire-memfd:flags=0x0000000f,type=2,size=2312 (deleted)
71d38fdd0000-71d38fdd1000 rw-s 00000000 00:01 7304                       /memfd:pipewire-memfd:flags=0x0000000f,type=2,size=2312 (deleted)
71d38fdd1000-71d38fdd2000 ---p 00000000 00:00 0 
71d38fdd2000-71d3905d2000 rw-p 00000000 00:00 0 
71d3905d2000-71d3905d3000 ---p 00000000 00:00 0 
71d3905d3000-71d390dd3000 rw-p 00000000 00:00 0 
71d390dd3000-71d390dd4000 ---p 00000000 00:00 0 
71d390dd4000-71d3915d4000 rw-p 00000000 00:00 0 
71d3915d4000-71d3915d8000 ---p 00000000 00:00 0 
71d3915d8000-71d3916d4000 rw-p 00000000 00:00 0 
71d3916d4000-71d3916d5000 rw-s 00000000 00:01 5225                       /memfd:pipewire-memfd:flags=0x0000000f,type=2,size=4096 (deleted)
71d3916d5000-71d3916de000 rw-s 00000000 00:01 149                        /memfd:pipewire-memfd:flags=0x0000000f,type=2,size=32832 (deleted)
71d3916de000-71d3916e7000 rw-s 00000000 00:01 148                        /memfd:pipewire-memfd:flags=0x0000000f,type=2,size=32832 (deleted)
71d3916e7000-71d3916e8000 rw-s 00000000 00:01 5156                       /memfd:pipewire-memfd:flags=0x0000000f,type=2,size=2312 (deleted)
71d3916e8000-71d3916e9000 rw-s 00000000 00:01 5224                       /memfd:pipewire-memfd:flags=0x0000000f,type=2,size=2312 (deleted)
71d3916e9000-71d3916ea000 rw-s 00000000 00:01 7303                       /memfd:pipewire-memfd:flags=0x0000000f,type=2,size=2312 (deleted)
71d3916ea000-71d3916eb000 ---p 00000000 00:00 0 
71d3916eb000-71d391eeb000 rw-p 00000000 00:00 0 
71d391eeb000-71d391eec000 ---p 00000000 00:00 0 
71d391eec000-71d3926ec000 rw-p 00000000 00:00 0 
71d3926ec000-71d3926ed000 ---p 00000000 00:00 0 
71d3926ed000-71d392eed000 rw-p 00000000 00:00 0 
71d392eed000-71d392ef1000 ---p 00000000 00:00 0 
71d392ef1000-71d392fed000 rw-p 00000000 00:00 0 
71d392fed000-71d392fee000 rw-s 00000000 00:01 145                        /memfd:pipewire-memfd:flags=0x0000000f,type=2,size=4096 (deleted)
71d392fee000-71d392ff7000 rw-s 00000000 00:01 147                        /memfd:pipewire-memfd:flags=0x0000000f,type=2,size=32832 (deleted)
71d392ff7000-71d393000000 rw-s 00000000 00:01 146                        /memfd:pipewire-memfd:flags=0x0000000f,type=2,size=32832 (deleted)
71d393000000-71d393001000 rw-s 00000000 00:01 5156                       /memfd:pipewire-memfd:flags=0x0000000f,type=2,size=2312 (deleted)
71d393001000-71d393002000 rw-s 00000000 00:01 5223                       /memfd:pipewire-memfd:flags=0x0000000f,type=2,size=2312 (deleted)
71d393002000-71d393003000 rw-s 00000000 00:01 4232                       /memfd:pipewire-memfd:flags=0x0000000f,type=2,size=2312 (deleted)
71d393003000-71d393004000 ---p 00000000 00:00 0 
71d393004000-71d393804000 rw-p 00000000 00:00 0 
71d393804000-71d393805000 ---p 00000000 00:00 0 
71d393805000-71d394005000 rw-p 00000000 00:00 0 
71d394005000-71d394006000 ---p 00000000 00:00 0 
71d394006000-71d394806000 rw-p 00000000 00:00 0 
71d394806000-71d39480a000 ---p 00000000 00:00 0 
71d39480a000-71d394906000 rw-p 00000000 00:00 0 
71d394906000-71d394907000 rw-s 00000000 00:01 6270                       /memfd:pipewire-memfd:flags=0x0000000f,type=2,size=4096 (deleted)
71d394907000-71d394910000 rw-s 00000000 00:01 2170                       /memfd:pipewire-memfd:flags=0x0000000f,type=2,size=32832 (deleted)
71d394910000-71d394919000 rw-s 00000000 00:01 2169                       /memfd:pipewire-memfd:flags=0x0000000f,type=2,size=32832 (deleted)
71d394919000-71d39491a000 rw-s 00000000 00:01 5156                       /memfd:pipewire-memfd:flags=0x0000000f,type=2,size=2312 (deleted)
71d39491a000-71d39491b000 rw-s 00000000 00:01 6269                       /memfd:pipewire-memfd:flags=0x0000000f,type=2,size=2312 (deleted)
71d39491b000-71d39491c000 rw-s 00000000 00:01 7302                       /memfd:pipewire-memfd:flags=0x0000000f,type=2,size=2312 (deleted)
71d39491c000-71d39491d000 ---p 00000000 00:00 0 
71d39491d000-71d39511d000 rw-p 00000000 00:00 0 
71d39511d000-71d39511e000 ---p 00000000 00:00 0 
71d39511e000-71d39591e000 rw-p 00000000 00:00 0 
71d39591e000-71d39591f000 ---p 00000000 00:00 0 
71d39591f000-71d39611f000 rw-p 00000000 00:00 0 
71d39611f000-71d396123000 ---p 00000000 00:00 0 
71d396123000-71d39621f000 rw-p 00000000 00:00 0 
71d39621f000-71d396220000 rw-s 00000000 00:01 6266                       /memfd:pipewire-memfd:flags=0x0000000f,type=2,size=4096 (deleted)
71d396220000-71d396229000 rw-s 00000000 00:01 6268                       /memfd:pipewire-memfd:flags=0x0000000f,type=2,size=32832 (deleted)
71d396229000-71d396232000 rw-s 00000000 00:01 6267                       /memfd:pipewire-memfd:flags=0x0000000f,type=2,size=32832 (deleted)
71d396232000-71d396233000 rw-s 00000000 00:01 5156                       /memfd:pipewire-memfd:flags=0x0000000f,type=2,size=2312 (deleted)
71d396233000-71d396234000 rw-s 00000000 00:01 6265                       /memfd:pipewire-memfd:flags=0x0000000f,type=2,size=2312 (deleted)
71d396234000-71d396235000 rw-s 00000000 00:01 4231                       /memfd:pipewire-memfd:flags=0x0000000f,type=2,size=2312 (deleted)
71d396235000-71d396236000 ---p 00000000 00:00 0 
71d396236000-71d396a36000 rw-p 00000000 00:00 0 
71d396a36000-71d396a37000 ---p 00000000 00:00 0 
71d396a37000-71d397237000 rw-p 00000000 00:00 0 
71d397237000-71d397238000 ---p 00000000 00:00 0 
71d397238000-71d397a38000 rw-p 00000000 00:00 0 
71d397a38000-71d397a3c000 ---p 00000000 00:00 0 
71d397a3c000-71d397b38000 rw-p 00000000 00:00 0 
71d397b38000-71d397b39000 rw-s 00000000 00:01 4230                       /memfd:pipewire-memfd:flags=0x0000000f,type=2,size=4096 (deleted)
71d397b39000-71d397b42000 rw-s 00000000 00:01 1134                       /memfd:pipewire-memfd:flags=0x0000000f,type=2,size=32832 (deleted)
71d397b42000-71d397b4b000 rw-s 00000000 00:01 1133                       /memfd:pipewire-memfd:flags=0x0000000f,type=2,size=32832 (deleted)
71d397b4b000-71d397b4c000 rw-s 00000000 00:01 5156                       /memfd:pipewire-memfd:flags=0x0000000f,type=2,size=2312 (deleted)
71d397b4c000-71d397b4d000 rw-s 00000000 00:01 4229                       /memfd:pipewire-memfd:flags=0x0000000f,type=2,size=2312 (deleted)
71d397b4d000-71d397b4e000 rw-s 00000000 00:01 3206                       /memfd:pipewire-memfd:flags=0x0000000f,type=2,size=2312 (deleted)
71d397b4e000-71d397b4f000 ---p 00000000 00:00 0 
71d397b4f000-71d39834f000 rw-p 00000000 00:00 0 
71d39834f000-71d398350000 ---p 00000000 00:00 0 
71d398350000-71d398b50000 rw-p 00000000 00:00 0 
71d398b50000-71d398b51000 ---p 00000000 00:00 0 
71d398b51000-71d399351000 rw-p 00000000 00:00 0 
71d399351000-71d399355000 ---p 00000000 00:00 0 
71d399355000-71d399451000 rw-p 00000000 00:00 0 
71d399451000-71d399452000 rw-s 00000000 00:01 4228                       /memfd:pipewire-memfd:flags=0x0000000f,type=2,size=4096 (deleted)
71d399452000-71d39945b000 rw-s 00000000 00:01 6264                       /memfd:pipewire-memfd:flags=0x0000000f,type=2,size=32832 (deleted)
71d39945b000-71d399464000 rw-s 00000000 00:01 6263                       /memfd:pipewire-memfd:flags=0x0000000f,type=2,size=32832 (deleted)
71d399464000-71d399465000 rw-s 00000000 00:01 5156                       /memfd:pipewire-memfd:flags=0x0000000f,type=2,size=2312 (deleted)
71d399465000-71d399466000 rw-s 00000000 00:01 4227                       /memfd:pipewire-memfd:flags=0x0000000f,type=2,size=2312 (deleted)
71d399466000-71d399467000 rw-s 00000000 00:01 144                        /memfd:pipewire-memfd:flags=0x0000000f,type=2,size=2312 (deleted)
71d399467000-71d399468000 ---p 00000000 00:00 0 
71d399468000-71d399c68000 rw-p 00000000 00:00 0 
71d399c68000-71d399c69000 ---p 00000000 00:00 0 
71d399c69000-71d39a469000 rw-p 00000000 00:00 0 
71d39a469000-71d39a46a000 ---p 00000000 00:00 0 
71d39a46a000-71d39ac6a000 rw-p 00000000 00:00 0 
71d39ac6a000-71d39ac6e000 ---p 00000000 00:00 0 
71d39ac6e000-71d39ad6a000 rw-p 00000000 00:00 0 
71d39ad6a000-71d39ad6b000 rw-s 00000000 00:01 7299                       /memfd:pipewire-memfd:flags=0x0000000f,type=2,size=4096 (deleted)
71d39ad6b000-71d39ad74000 rw-s 00000000 00:01 7301                       /memfd:pipewire-memfd:flags=0x0000000f,type=2,size=32832 (deleted)
71d39ad74000-71d39ad7d000 rw-s 00000000 00:01 7300                       /memfd:pipewire-memfd:flags=0x0000000f,type=2,size=32832 (deleted)
71d39ad7d000-71d39ad7e000 rw-s 00000000 00:01 5156                       /memfd:pipewire-memfd:flags=0x0000000f,type=2,size=2312 (deleted)
71d39ad7e000-71d39ad7f000 rw-s 00000000 00:01 7298                       /memfd:pipewire-memfd:flags=0x0000000f,type=2,size=2312 (deleted)
71d39ad7f000-71d39ad80000 rw-s 00000000 00:01 143                        /memfd:pipewire-memfd:flags=0x0000000f,type=2,size=2312 (deleted)
71d39ad80000-71d39ad81000 ---p 00000000 00:00 0 
71d39ad81000-71d39b581000 rw-p 00000000 00:00 0 
71d39b581000-71d39b582000 ---p 00000000 00:00 0 
71d39b582000-71d39bd82000 rw-p 00000000 00:00 0 
71d39bd82000-71d39bd83000 ---p 00000000 00:00 0 
71d39bd83000-71d39c583000 rw-p 00000000 00:00 0 
71d39c583000-71d39c587000 ---p 00000000 00:00 0 
71d39c587000-71d39c683000 rw-p 00000000 00:00 0 
71d39c683000-71d39c684000 rw-s 00000000 00:01 1132                       /memfd:pipewire-memfd:flags=0x0000000f,type=2,size=4096 (deleted)
71d39c684000-71d39c68d000 rw-s 00000000 00:01 3205                       /memfd:pipewire-memfd:flags=0x0000000f,type=2,size=32832 (deleted)
71d39c68d000-71d39c696000 rw-s 00000000 00:01 3204                       /memfd:pipewire-memfd:flags=0x0000000f,type=2,size=32832 (deleted)
71d39c696000-71d39c697000 rw-s 00000000 00:01 5156                       /memfd:pipewire-memfd:flags=0x0000000f,type=2,size=2312 (deleted)
71d39c697000-71d39c698000 rw-s 00000000 00:01 1131                       /memfd:pipewire-memfd:flags=0x0000000f,type=2,size=2312 (deleted)
71d39c698000-71d39c699000 rw-s 00000000 00:01 5222                       /memfd:pipewire-memfd:flags=0x0000000f,type=2,size=2312 (deleted)
71d39c699000-71d39c69a000 ---p 00000000 00:00 0 
71d39c69a000-71d39ce9a000 rw-p 00000000 00:00 0 
71d39ce9a000-71d39ce9b000 ---p 00000000 00:00 0 
71d39ce9b000-71d39d69b000 rw-p 00000000 00:00 0 
71d39d69b000-71d39d69c000 ---p 00000000 00:00 0 
71d39d69c000-71d39de9c000 rw-p 00000000 00:00 0 
71d39de9c000-71d39dea0000 ---p 00000000 00:00 0 
71d39dea0000-71d39df9c000 rw-p 00000000 00:00 0 
71d39df9c000-71d39df9d000 rw-s 00000000 00:01 3201                       /memfd:pipewire-memfd:flags=0x0000000f,type=2,size=4096 (deleted)
71d39df9d000-71d39dfa6000 rw-s 00000000 00:01 3203                       /memfd:pipewire-memfd:flags=0x0000000f,type=2,size=32832 (deleted)
71d39dfa6000-71d39dfaf000 rw-s 00000000 00:01 3202                       /memfd:pipewire-memfd:flags=0x0000000f,type=2,size=32832 (deleted)
71d39dfaf000-71d39dfb0000 rw-s 00000000 00:01 5156                       /memfd:pipewire-memfd:flags=0x0000000f,type=2,size=2312 (deleted)
71d39dfb0000-71d39dfb1000 rw-s 00000000 00:01 3200                       /memfd:pipewire-memfd:flags=0x0000000f,type=2,size=2312 (deleted)
71d39dfb1000-71d39dfb2000 rw-s 00000000 00:01 142                        /memfd:pipewire-memfd:flags=0x0000000f,type=2,size=2312 (deleted)
71d39dfb2000-71d39dfb3000 ---p 00000000 00:00 0 
71d39dfb3000-71d39e7b3000 rw-p 00000000 00:00 0 
71d39e7b3000-71d39e7b4000 ---p 00000000 00:00 0 
71d39e7b4000-71d39efb4000 rw-p 00000000 00:00 0 
71d39efb4000-71d39efb5000 ---p 00000000 00:00 0 
71d39efb5000-71d39f7b5000 rw-p 00000000 00:00 0 
71d39f7b5000-71d39f7b9000 ---p 00000000 00:00 0 
71d39f7b9000-71d39f8b5000 rw-p 00000000 00:00 0 
71d39f8b5000-71d39f8b6000 rw-s 00000000 00:01 1130                       /memfd:pipewire-memfd:flags=0x0000000f,type=2,size=4096 (deleted)
71d39f8b6000-71d39f8bf000 rw-s 00000000 00:01 2168                       /memfd:pipewire-memfd:flags=0x0000000f,type=2,size=32832 (deleted)
71d39f8bf000-71d39f8c8000 rw-s 00000000 00:01 2167                       /memfd:pipewire-memfd:flags=0x0000000f,type=2,size=32832 (deleted)
71d39f8c8000-71d39f8c9000 rw-s 00000000 00:01 5156                       /memfd:pipewire-memfd:flags=0x0000000f,type=2,size=2312 (deleted)
71d39f8c9000-71d39f8ca000 rw-s 00000000 00:01 1129                       /memfd:pipewire-memfd:flags=0x0000000f,type=2,size=2312 (deleted)
71d39f8ca000-71d39f8cb000 rw-s 00000000 00:01 4226                       /memfd:pipewire-memfd:flags=0x0000000f,type=2,size=2312 (deleted)
71d39f8cb000-71d39f8cc000 ---p 00000000 00:00 0 
71d39f8cc000-71d3a00cc000 rw-p 00000000 00:00 0 
71d3a00cc000-71d3a00cd000 ---p 00000000 00:00 0 
71d3a00cd000-71d3a08cd000 rw-p 00000000 00:00 0 
71d3a08cd000-71d3a08ce000 ---p 00000000 00:00 0 
71d3a08ce000-71d3a10ce000 rw-p 00000000 00:00 0 
71d3a10ce000-71d3a10d2000 ---p 00000000 00:00 0 
71d3a10d2000-71d3a11ce000 rw-p 00000000 00:00 0 
71d3a11ce000-71d3a11cf000 rw-s 00000000 00:01 139                        /memfd:pipewire-memfd:flags=0x0000000f,type=2,size=4096 (deleted)
71d3a11cf000-71d3a11d8000 rw-s 00000000 00:01 141                        /memfd:pipewire-memfd:flags=0x0000000f,type=2,size=32832 (deleted)
71d3a11d8000-71d3a11e1000 rw-s 00000000 00:01 140                        /memfd:pipewire-memfd:flags=0x0000000f,type=2,size=32832 (deleted)
71d3a11e1000-71d3a11e2000 rw-s 00000000 00:01 5156                       /memfd:pipewire-memfd:flags=0x0000000f,type=2,size=2312 (deleted)
71d3a11e2000-71d3a11e3000 rw-s 00000000 00:01 138                        /memfd:pipewire-memfd:flags=0x0000000f,type=2,size=2312 (deleted)
71d3a11e3000-71d3a11e4000 rw-s 00000000 00:01 7297                       /memfd:pipewire-memfd:flags=0x0000000f,type=2,size=2312 (deleted)
71d3a11e4000-71d3a11e5000 ---p 00000000 00:00 0 
71d3a11e5000-71d3a19e5000 rw-p 00000000 00:00 0 
71d3a19e5000-71d3a19e6000 ---p 00000000 00:00 0 
71d3a19e6000-71d3a21e6000 rw-p 00000000 00:00 0 
71d3a21e6000-71d3a21e7000 ---p 00000000 00:00 0 
71d3a21e7000-71d3a29e7000 rw-p 00000000 00:00 0 
71d3a29e7000-71d3a29eb000 ---p 00000000 00:00 0 
71d3a29eb000-71d3a2ae7000 rw-p 00000000 00:00 0 
71d3a2ae7000-71d3a2ae8000 rw-s 00000000 00:01 135                        /memfd:pipewire-memfd:flags=0x0000000f,type=2,size=4096 (deleted)
71d3a2ae8000-71d3a2af1000 rw-s 00000000 00:01 137                        /memfd:pipewire-memfd:flags=0x0000000f,type=2,size=32832 (deleted)
71d3a2af1000-71d3a2afa000 rw-s 00000000 00:01 136                        /memfd:pipewire-memfd:flags=0x0000000f,type=2,size=32832 (deleted)
71d3a2afa000-71d3a2afb000 rw-s 00000000 00:01 5156                       /memfd:pipewire-memfd:flags=0x0000000f,type=2,size=2312 (deleted)
71d3a2afb000-71d3a2afc000 rw-s 00000000 00:01 134                        /memfd:pipewire-memfd:flags=0x0000000f,type=2,size=2312 (deleted)
71d3a2afc000-71d3a2afd000 rw-s 00000000 00:01 7296                       /memfd:pipewire-memfd:flags=0x0000000f,type=2,size=2312 (deleted)
71d3a2afd000-71d3a2afe000 ---p 00000000 00:00 0 
71d3a2afe000-71d3a32fe000 rw-p 00000000 00:00 0 
71d3a32fe000-71d3a32ff000 ---p 00000000 00:00 0 
71d3a32ff000-71d3a3aff000 rw-p 00000000 00:00 0 
71d3a3aff000-71d3a3b00000 ---p 00000000 00:00 0 
71d3a3b00000-71d3a4300000 rw-p 00000000 00:00 0 
71d3a4300000-71d3a4304000 ---p 00000000 00:00 0 
71d3a4304000-71d3a4400000 rw-p 00000000 00:00 0 
71d3a4400000-71d3a4401000 rw-s 00000000 00:01 131                        /memfd:pipewire-memfd:flags=0x0000000f,type=2,size=4096 (deleted)
71d3a4401000-71d3a440a000 rw-s 00000000 00:01 133                        /memfd:pipewire-memfd:flags=0x0000000f,type=2,size=32832 (deleted)
71d3a440a000-71d3a4413000 rw-s 00000000 00:01 132                        /memfd:pipewire-memfd:flags=0x0000000f,type=2,size=32832 (deleted)
71d3a4413000-71d3a4414000 rw-s 00000000 00:01 5156                       /memfd:pipewire-memfd:flags=0x0000000f,type=2,size=2312 (deleted)
71d3a4414000-71d3a4415000 rw-s 00000000 00:01 130                        /memfd:pipewire-memfd:flags=0x0000000f,type=2,size=2312 (deleted)
71d3a4415000-71d3a4416000 rw-s 00000000 00:01 4225                       /memfd:pipewire-memfd:flags=0x0000000f,type=2,size=2312 (deleted)
71d3a4416000-71d3a4417000 ---p 00000000 00:00 0 
71d3a4417000-71d3a4c17000 rw-p 00000000 00:00 0 
71d3a4c17000-71d3a4c18000 ---p 00000000 00:00 0 
71d3a4c18000-71d3a5418000 rw-p 00000000 00:00 0 
71d3a5418000-71d3a5419000 ---p 00000000 00:00 0 
71d3a5419000-71d3a5c19000 rw-p 00000000 00:00 0 
71d3a5c19000-71d3a5c1d000 ---p 00000000 00:00 0 
71d3a5c1d000-71d3a5d19000 rw-p 00000000 00:00 0 
71d3a5d19000-71d3a5d1a000 rw-s 00000000 00:01 4224                       /memfd:pipewire-memfd:flags=0x0000000f,type=2,size=4096 (deleted)
71d3a5d1a000-71d3a5d23000 rw-s 00000000 00:01 129                        /memfd:pipewire-memfd:flags=0x0000000f,type=2,size=32832 (deleted)
71d3a5d23000-71d3a5d2c000 rw-s 00000000 00:01 128                        /memfd:pipewire-memfd:flags=0x0000000f,type=2,size=32832 (deleted)
71d3a5d2c000-71d3a5d2d000 rw-s 00000000 00:01 5156                       /memfd:pipewire-memfd:flags=0x0000000f,type=2,size=2312 (deleted)
71d3a5d2d000-71d3a5d2e000 rw-s 00000000 00:01 4223                       /memfd:pipewire-memfd:flags=0x0000000f,type=2,size=2312 (deleted)
71d3a5d2e000-71d3a5d2f000 rw-s 00000000 00:01 7295                       /memfd:pipewire-memfd:flags=0x0000000f,type=2,size=2312 (deleted)
71d3a5d2f000-71d3a5d30000 ---p 00000000 00:00 0 
71d3a5d30000-71d3a6530000 rw-p 00000000 00:00 0 
71d3a6530000-71d3a6531000 ---p 00000000 00:00 0 
71d3a6531000-71d3a6d31000 rw-p 00000000 00:00 0 
71d3a6d31000-71d3a6d32000 ---p 00000000 00:00 0 
71d3a6d32000-71d3a7532000 rw-p 00000000 00:00 0 
71d3a7532000-71d3a7536000 ---p 00000000 00:00 0 
71d3a7536000-71d3a7632000 rw-p 00000000 00:00 0 
71d3a7632000-71d3a7633000 rw-s 00000000 00:01 1128                       /memfd:pipewire-memfd:flags=0x0000000f,type=2,size=4096 (deleted)
71d3a7633000-71d3a763c000 rw-s 00000000 00:01 6262                       /memfd:pipewire-memfd:flags=0x0000000f,type=2,size=32832 (deleted)
71d3a763c000-71d3a7645000 rw-s 00000000 00:01 6261                       /memfd:pipewire-memfd:flags=0x0000000f,type=2,size=32832 (deleted)
71d3a7645000-71d3a7646000 rw-s 00000000 00:01 5156                       /memfd:pipewire-memfd:flags=0x0000000f,type=2,size=2312 (deleted)
71d3a7646000-71d3a7647000 rw-s 00000000 00:01 1127                       /memfd:pipewire-memfd:flags=0x0000000f,type=2,size=2312 (deleted)
71d3a7647000-71d3a7648000 rw-s 00000000 00:01 127                        /memfd:pipewire-memfd:flags=0x0000000f,type=2,size=2312 (deleted)
71d3a7648000-71d3a7649000 ---p 00000000 00:00 0 
71d3a7649000-71d3a7e49000 rw-p 00000000 00:00 0 
71d3a7e49000-71d3a7e4a000 ---p 00000000 00:00 0 
71d3a7e4a000-71d3a864a000 rw-p 00000000 00:00 0 
71d3a864a000-71d3a864b000 ---p 00000000 00:00 0 
71d3a864b000-71d3a8e4b000 rw-p 00000000 00:00 0 
71d3a8e4b000-71d3a8e4f000 ---p 00000000 00:00 0 
71d3a8e4f000-71d3a8f4b000 rw-p 00000000 00:00 0 
71d3a8f4b000-71d3a8f4c000 rw-s 00000000 00:01 3199                       /memfd:pipewire-memfd:flags=0x0000000f,type=2,size=4096 (deleted)
71d3a8f4c000-71d3a8f55000 rw-s 00000000 00:01 6260                       /memfd:pipewire-memfd:flags=0x0000000f,type=2,size=32832 (deleted)
71d3a8f55000-71d3a8f5e000 rw-s 00000000 00:01 6259                       /memfd:pipewire-memfd:flags=0x0000000f,type=2,size=32832 (deleted)
71d3a8f5e000-71d3a8f5f000 rw-s 00000000 00:01 5156                       /memfd:pipewire-memfd:flags=0x0000000f,type=2,size=2312 (deleted)
71d3a8f5f000-71d3a8f60000 rw-s 00000000 00:01 3198                       /memfd:pipewire-memfd:flags=0x0000000f,type=2,size=2312 (deleted)
71d3a8f60000-71d3a8f61000 rw-s 00000000 00:01 6258                       /memfd:pipewire-memfd:flags=0x0000000f,type=2,size=2312 (deleted)
71d3a8f61000-71d3a8f62000 ---p 00000000 00:00 0 
71d3a8f62000-71d3a9762000 rw-p 00000000 00:00 0 
71d3a9762000-71d3a9763000 ---p 00000000 00:00 0 
71d3a9763000-71d3a9f63000 rw-p 00000000 00:00 0 
71d3a9f63000-71d3a9f64000 ---p 00000000 00:00 0 
71d3a9f64000-71d3aa764000 rw-p 00000000 00:00 0 
71d3aa764000-71d3aa768000 ---p 00000000 00:00 0 
71d3aa768000-71d3aa864000 rw-p 00000000 00:00 0 
71d3aa864000-71d3aa865000 rw-s 00000000 00:01 126                        /memfd:pipewire-memfd:flags=0x0000000f,type=2,size=4096 (deleted)
71d3aa865000-71d3aa86e000 rw-s 00000000 00:01 6257                       /memfd:pipewire-memfd:flags=0x0000000f,type=2,size=32832 (deleted)
71d3aa86e000-71d3aa877000 rw-s 00000000 00:01 6256                       /memfd:pipewire-memfd:flags=0x0000000f,type=2,size=32832 (deleted)
71d3aa877000-71d3aa878000 rw-s 00000000 00:01 5156                       /memfd:pipewire-memfd:flags=0x0000000f,type=2,size=2312 (deleted)
71d3aa878000-71d3aa879000 rw-s 00000000 00:01 125                        /memfd:pipewire-memfd:flags=0x0000000f,type=2,size=2312 (deleted)
71d3aa879000-71d3aa87a000 rw-s 00000000 00:01 6255                       /memfd:pipewire-memfd:flags=0x0000000f,type=2,size=2312 (deleted)
71d3aa87a000-71d3aa87b000 ---p 00000000 00:00 0 
71d3aa87b000-71d3ab07b000 rw-p 00000000 00:00 0 
71d3ab07b000-71d3ab07c000 ---p 00000000 00:00 0 
71d3ab07c000-71d3ab87c000 rw-p 00000000 00:00 0 
71d3ab87c000-71d3ab87d000 ---p 00000000 00:00 0 
71d3ab87d000-71d3ac07d000 rw-p 00000000 00:00 0 
71d3ac07d000-71d3ac081000 ---p 00000000 00:00 0 
71d3ac081000-71d3ac17d000 rw-p 00000000 00:00 0 
71d3ac17d000-71d3ac17e000 rw-s 00000000 00:01 6254                       /memfd:pipewire-memfd:flags=0x0000000f,type=2,size=4096 (deleted)
71d3ac17e000-71d3ac187000 rw-s 00000000 00:01 2166                       /memfd:pipewire-memfd:flags=0x0000000f,type=2,size=32832 (deleted)
71d3ac187000-71d3ac190000 rw-s 00000000 00:01 2165                       /memfd:pipewire-memfd:flags=0x0000000f,type=2,size=32832 (deleted)
71d3ac190000-71d3ac191000 rw-s 00000000 00:01 5156                       /memfd:pipewire-memfd:flags=0x0000000f,type=2,size=2312 (deleted)
71d3ac191000-71d3ac192000 rw-s 00000000 00:01 6253                       /memfd:pipewire-memfd:flags=0x0000000f,type=2,size=2312 (deleted)
71d3ac192000-71d3ac193000 rw-s 00000000 00:01 7294                       /memfd:pipewire-memfd:flags=0x0000000f,type=2,size=2312 (deleted)
71d3ac193000-71d3ac194000 ---p 00000000 00:00 0 
71d3ac194000-71d3ac994000 rw-p 00000000 00:00 0 
71d3ac994000-71d3ac995000 ---p 00000000 00:00 0 
71d3ac995000-71d3ad195000 rw-p 00000000 00:00 0 
71d3ad195000-71d3ad196000 ---p 00000000 00:00 0 
71d3ad196000-71d3ad996000 rw-p 00000000 00:00 0 
71d3ad996000-71d3ad99a000 ---p 00000000 00:00 0 
71d3ad99a000-71d3ada96000 rw-p 00000000 00:00 0 
71d3ada96000-71d3ada97000 rw-s 00000000 00:01 3195                       /memfd:pipewire-memfd:flags=0x0000000f,type=2,size=4096 (deleted)
71d3ada97000-71d3adaa0000 rw-s 00000000 00:01 3197                       /memfd:pipewire-memfd:flags=0x0000000f,type=2,size=32832 (deleted)
71d3adaa0000-71d3adaa9000 rw-s 00000000 00:01 3196                       /memfd:pipewire-memfd:flags=0x0000000f,type=2,size=32832 (deleted)
71d3adaa9000-71d3adaaa000 rw-s 00000000 00:01 5156                       /memfd:pipewire-memfd:flags=0x0000000f,type=2,size=2312 (deleted)
71d3adaaa000-71d3adaab000 rw-s 00000000 00:01 3194                       /memfd:pipewire-memfd:flags=0x0000000f,type=2,size=2312 (deleted)
71d3adaab000-71d3adaac000 rw-s 00000000 00:01 124                        /memfd:pipewire-memfd:flags=0x0000000f,type=2,size=2312 (deleted)
71d3adaac000-71d3adaad000 ---p 00000000 00:00 0 
71d3adaad000-71d3ae2ad000 rw-p 00000000 00:00 0 
71d3ae2ad000-71d3ae2ae000 ---p 00000000 00:00 0 
71d3ae2ae000-71d3aeaae000 rw-p 00000000 00:00 0 
71d3aeaae000-71d3aeaaf000 ---p 00000000 00:00 0 
71d3aeaaf000-71d3af2af000 rw-p 00000000 00:00 0 
71d3af2af000-71d3af2b3000 ---p 00000000 00:00 0 
71d3af2b3000-71d3af3af000 rw-p 00000000 00:00 0 
71d3af3af000-71d3af3b0000 rw-s 00000000 00:01 123                        /memfd:pipewire-memfd:flags=0x0000000f,type=2,size=4096 (deleted)
71d3af3b0000-71d3af3b9000 rw-s 00000000 00:01 3193                       /memfd:pipewire-memfd:flags=0x0000000f,type=2,size=32832 (deleted)
71d3af3b9000-71d3af3c2000 rw-s 00000000 00:01 3192                       /memfd:pipewire-memfd:flags=0x0000000f,type=2,size=32832 (deleted)
71d3af3c2000-71d3af3c3000 rw-s 00000000 00:01 5156                       /memfd:pipewire-memfd:flags=0x0000000f,type=2,size=2312 (deleted)
71d3af3c3000-71d3af3c4000 rw-s 00000000 00:01 122                        /memfd:pipewire-memfd:flags=0x0000000f,type=2,size=2312 (deleted)
71d3af3c4000-71d3af3c5000 rw-s 00000000 00:01 3191                       /memfd:pipewire-memfd:flags=0x0000000f,type=2,size=2312 (deleted)
71d3af3c5000-71d3af3c6000 ---p 00000000 00:00 0 
71d3af3c6000-71d3afbc6000 rw-p 00000000 00:00 0 
71d3afbc6000-71d3afbc7000 ---p 00000000 00:00 0 
71d3afbc7000-71d3b03c7000 rw-p 00000000 00:00 0 
71d3b03c7000-71d3b03c8000 ---p 00000000 00:00 0 
71d3b03c8000-71d3b0bc8000 rw-p 00000000 00:00 0 
71d3b0bc8000-71d3b0bcc000 ---p 00000000 00:00 0 
71d3b0bcc000-71d3b0cc8000 rw-p 00000000 00:00 0 
71d3b0cc8000-71d3b0cc9000 rw-s 00000000 00:01 4220                       /memfd:pipewire-memfd:flags=0x0000000f,type=2,size=4096 (deleted)
71d3b0cc9000-71d3b0cd2000 rw-s 00000000 00:01 4222                       /memfd:pipewire-memfd:flags=0x0000000f,type=2,size=32832 (deleted)
71d3b0cd2000-71d3b0cdb000 rw-s 00000000 00:01 4221                       /memfd:pipewire-memfd:flags=0x0000000f,type=2,size=32832 (deleted)
71d3b0cdb000-71d3b0cdc000 rw-s 00000000 00:01 5156                       /memfd:pipewire-memfd:flags=0x0000000f,type=2,size=2312 (deleted)
71d3b0cdc000-71d3b0cdd000 rw-s 00000000 00:01 4219                       /memfd:pipewire-memfd:flags=0x0000000f,type=2,size=2312 (deleted)
71d3b0cdd000-71d3b0cde000 rw-s 00000000 00:01 2164                       /memfd:pipewire-memfd:flags=0x0000000f,type=2,size=2312 (deleted)
71d3b0cde000-71d3b0cdf000 ---p 00000000 00:00 0 
71d3b0cdf000-71d3b14df000 rw-p 00000000 00:00 0 
71d3b14df000-71d3b14e0000 ---p 00000000 00:00 0 
71d3b14e0000-71d3b1ce0000 rw-p 00000000 00:00 0 
71d3b1ce0000-71d3b1ce1000 ---p 00000000 00:00 0 
71d3b1ce1000-71d3b24e1000 rw-p 00000000 00:00 0 
71d3b24e1000-71d3b24e5000 ---p 00000000 00:00 0 
71d3b24e5000-71d3b25e1000 rw-p 00000000 00:00 0 
71d3b25e1000-71d3b25e2000 rw-s 00000000 00:01 4218                       /memfd:pipewire-memfd:flags=0x0000000f,type=2,size=4096 (deleted)
71d3b25e2000-71d3b25eb000 rw-s 00000000 00:01 2163                       /memfd:pipewire-memfd:flags=0x0000000f,type=2,size=32832 (deleted)
71d3b25eb000-71d3b25f4000 rw-s 00000000 00:01 2162                       /memfd:pipewire-memfd:flags=0x0000000f,type=2,size=32832 (deleted)
71d3b25f4000-71d3b25f5000 rw-s 00000000 00:01 5156                       /memfd:pipewire-memfd:flags=0x0000000f,type=2,size=2312 (deleted)
71d3b25f5000-71d3b25f6000 rw-s 00000000 00:01 4217                       /memfd:pipewire-memfd:flags=0x0000000f,type=2,size=2312 (deleted)
71d3b25f6000-71d3b25f7000 rw-s 00000000 00:01 5221                       /memfd:pipewire-memfd:flags=0x0000000f,type=2,size=2312 (deleted)
71d3b25f7000-71d3b25f8000 ---p 00000000 00:00 0 
71d3b25f8000-71d3b2df8000 rw-p 00000000 00:00 0 
71d3b2df8000-71d3b2df9000 ---p 00000000 00:00 0 
71d3b2df9000-71d3b35f9000 rw-p 00000000 00:00 0 
71d3b35f9000-71d3b35fa000 ---p 00000000 00:00 0 
71d3b35fa000-71d3b3dfa000 rw-p 00000000 00:00 0 
71d3b3dfa000-71d3b3dfe000 ---p 00000000 00:00 0 
71d3b3dfe000-71d3b3efa000 rw-p 00000000 00:00 0 
71d3b3efa000-71d3b3efb000 rw-s 00000000 00:01 121                        /memfd:pipewire-memfd:flags=0x0000000f,type=2,size=4096 (deleted)
71d3b3efb000-71d3b3f04000 rw-s 00000000 00:01 2161                       /memfd:pipewire-memfd:flags=0x0000000f,type=2,size=32832 (deleted)
71d3b3f04000-71d3b3f0d000 rw-s 00000000 00:01 2160                       /memfd:pipewire-memfd:flags=0x0000000f,type=2,size=32832 (deleted)
71d3b3f0d000-71d3b3f0e000 rw-s 00000000 00:01 5156                       /memfd:pipewire-memfd:flags=0x0000000f,type=2,size=2312 (deleted)
71d3b3f0e000-71d3b3f0f000 rw-s 00000000 00:01 120                        /memfd:pipewire-memfd:flags=0x0000000f,type=2,size=2312 (deleted)
71d3b3f0f000-71d3b3f10000 rw-s 00000000 00:01 4216                       /memfd:pipewire-memfd:flags=0x0000000f,type=2,size=2312 (deleted)
71d3b3f10000-71d3b3f11000 ---p 00000000 00:00 0 
71d3b3f11000-71d3b4711000 rw-p 00000000 00:00 0 
71d3b4711000-71d3b4712000 ---p 00000000 00:00 0 
71d3b4712000-71d3b4f12000 rw-p 00000000 00:00 0 
71d3b4f12000-71d3b4f13000 ---p 00000000 00:00 0 
71d3b4f13000-71d3b5713000 rw-p 00000000 00:00 0 
71d3b5713000-71d3b5717000 ---p 00000000 00:00 0 
71d3b5717000-71d3b5813000 rw-p 00000000 00:00 0 
71d3b5813000-71d3b5814000 rw-s 00000000 00:01 4215                       /memfd:pipewire-memfd:flags=0x0000000f,type=2,size=4096 (deleted)
71d3b5814000-71d3b581d000 rw-s 00000000 00:01 6252                       /memfd:pipewire-memfd:flags=0x0000000f,type=2,size=32832 (deleted)
71d3b581d000-71d3b5826000 rw-s 00000000 00:01 6251                       /memfd:pipewire-memfd:flags=0x0000000f,type=2,size=32832 (deleted)
71d3b5826000-71d3b5827000 rw-s 00000000 00:01 5156                       /memfd:pipewire-memfd:flags=0x0000000f,type=2,size=2312 (deleted)
71d3b5827000-71d3b5828000 rw-s 00000000 00:01 4214                       /memfd:pipewire-memfd:flags=0x0000000f,type=2,size=2312 (deleted)
71d3b5828000-71d3b5829000 rw-s 00000000 00:01 6250                       /memfd:pipewire-memfd:flags=0x0000000f,type=2,size=2312 (deleted)
71d3b5829000-71d3b582a000 ---p 00000000 00:00 0 
71d3b582a000-71d3b602a000 rw-p 00000000 00:00 0 
71d3b602a000-71d3b602b000 ---p 00000000 00:00 0 
71d3b602b000-71d3b682b000 rw-p 00000000 00:00 0 
71d3b682b000-71d3b682c000 ---p 00000000 00:00 0 
71d3b682c000-71d3b702c000 rw-p 00000000 00:00 0 
71d3b702c000-71d3b7030000 ---p 00000000 00:00 0 
71d3b7030000-71d3b712c000 rw-p 00000000 00:00 0 
71d3b712c000-71d3b712d000 rw-s 00000000 00:01 2159                       /memfd:pipewire-memfd:flags=0x0000000f,type=2,size=4096 (deleted)
71d3b712d000-71d3b7136000 rw-s 00000000 00:01 4213                       /memfd:pipewire-memfd:flags=0x0000000f,type=2,size=32832 (deleted)
71d3b7136000-71d3b713f000 rw-s 00000000 00:01 4212                       /memfd:pipewire-memfd:flags=0x0000000f,type=2,size=32832 (deleted)
71d3b713f000-71d3b7140000 ---p 00000000 00:00 0 
71d3b7140000-71d3b7940000 rw-p 00000000 00:00 0 
71d3b7940000-71d3b7941000 ---p 00000000 00:00 0 
71d3b7941000-71d3b8141000 rw-p 00000000 00:00 0 
71d3b8141000-71d3b8142000 ---p 00000000 00:00 0 
71d3b8142000-71d3b8942000 rw-p 00000000 00:00 0 
71d3b8942000-71d3b8946000 ---p 00000000 00:00 0 
71d3b8946000-71d3b8a42000 rw-p 00000000 00:00 0 
71d3b8a42000-71d3b8a4b000 rw-s 00000000 00:01 5219                       /memfd:pipewire-memfd:flags=0x0000000f,type=2,size=32832 (deleted)
71d3b8a4b000-71d3b8a54000 rw-s 00000000 00:01 5218                       /memfd:pipewire-memfd:flags=0x0000000f,type=2,size=32832 (deleted)
71d3b8a54000-71d3b8a55000 ---p 00000000 00:00 0 
71d3b8a55000-71d3b9255000 rw-p 00000000 00:00 0 
71d3b9255000-71d3b9256000 ---p 00000000 00:00 0 
71d3b9256000-71d3b9a56000 rw-p 00000000 00:00 0 
71d3b9a56000-71d3b9a57000 ---p 00000000 00:00 0 
71d3b9a57000-71d3ba257000 rw-p 00000000 00:00 0 
71d3ba257000-71d3ba25b000 ---p 00000000 00:00 0 
71d3ba25b000-71d3ba357000 rw-p 00000000 00:00 0 
71d3ba357000-71d3ba360000 rw-s 00000000 00:01 4211                       /memfd:pipewire-memfd:flags=0x0000000f,type=2,size=32832 (deleted)
71d3ba360000-71d3ba361000 ---p 00000000 00:00 0 
71d3ba361000-71d3bab61000 rw-p 00000000 00:00 0 
71d3bab61000-71d3bab62000 ---p 00000000 00:00 0 
71d3bab62000-71d3bb362000 rw-p 00000000 00:00 0 
71d3bb362000-71d3bb363000 ---p 00000000 00:00 0 
71d3bb363000-71d3bbb63000 rw-p 00000000 00:00 0 
71d3bbb63000-71d3bbb67000 ---p 00000000 00:00 0 
71d3bbb67000-71d3bbc63000 rw-p 00000000 00:00 0 
71d3bbc63000-71d3bbc64000 ---p 00000000 00:00 0 
71d3bbc64000-71d3bc464000 rw-p 00000000 00:00 0 
71d3bc464000-71d3bc465000 ---p 00000000 00:00 0 
71d3bc465000-71d3bcc65000 rw-p 00000000 00:00 0 
71d3bcc65000-71d3bcc66000 ---p 00000000 00:00 0 
71d3bcc66000-71d3bd466000 rw-p 00000000 00:00 0 
71d3bd466000-71d3bd46a000 ---p 00000000 00:00 0 
71d3bd46a000-71d3bd566000 rw-p 00000000 00:00 0 
71d3bd566000-71d3bd567000 ---p 00000000 00:00 0 
71d3bd567000-71d3bdd67000 rw-p 00000000 00:00 0 
71d3bdd67000-71d3bdd68000 ---p 00000000 00:00 0 
71d3bdd68000-71d3be568000 rw-p 00000000 00:00 0 
71d3be568000-71d3be569000 ---p 00000000 00:00 0 
71d3be569000-71d3bed69000 rw-p 00000000 00:00 0 
71d3bed69000-71d3bed6d000 ---p 00000000 00:00 0 
71d3bed6d000-71d3bee69000 rw-p 00000000 00:00 0 
71d3bee69000-71d3bee6a000 ---p 00000000 00:00 0 
71d3bee6a000-71d3bf66a000 rw-p 00000000 00:00 0 
71d3bf66a000-71d3bf66b000 ---p 00000000 00:00 0 
71d3bf66b000-71d3bfe6b000 rw-p 00000000 00:00 0 
71d3bfe6b000-71d3bfe6c000 ---p 00000000 00:00 0 
71d3bfe6c000-71d3c066c000 rw-p 00000000 00:00 0 
71d3c066c000-71d3c0670000 ---p 00000000 00:00 0 
71d3c0670000-71d3c076c000 rw-p 00000000 00:00 0 
71d3c076c000-71d3c076d000 ---p 00000000 00:00 0 
71d3c076d000-71d3c0f6d000 rw-p 00000000 00:00 0 
71d3c0f6d000-71d3c0f6e000 ---p 00000000 00:00 0 
71d3c0f6e000-71d3c176e000 rw-p 00000000 00:00 0 
71d3c176e000-71d3c176f000 ---p 00000000 00:00 0 
71d3c176f000-71d3c1f6f000 rw-p 00000000 00:00 0 
71d3c1f6f000-71d3c1f73000 ---p 00000000 00:00 0 
71d3c1f73000-71d3c206f000 rw-p 00000000 00:00 0 
71d3c206f000-71d3c2070000 ---p 00000000 00:00 0 
71d3c2070000-71d3c2870000 rw-p 00000000 00:00 0 
71d3c2870000-71d3c2871000 ---p 00000000 00:00 0 
71d3c2871000-71d3c3071000 rw-p 00000000 00:00 0 
71d3c3071000-71d3c3072000 ---p 00000000 00:00 0 
71d3c3072000-71d3c3872000 rw-p 00000000 00:00 0 
71d3c3872000-71d3c3876000 ---p 00000000 00:00 0 
71d3c3876000-71d3c3972000 rw-p 00000000 00:00 0 
71d3c3972000-71d3c3973000 ---p 00000000 00:00 0 
71d3c3973000-71d3c4173000 rw-p 00000000 00:00 0 
71d3c4173000-71d3c4174000 ---p 00000000 00:00 0 
71d3c4174000-71d3c4974000 rw-p 00000000 00:00 0 
71d3c4974000-71d3c4975000 ---p 00000000 00:00 0 
71d3c4975000-71d3c5175000 rw-p 00000000 00:00 0 
71d3c5175000-71d3c5179000 ---p 00000000 00:00 0 
71d3c5179000-71d3c5275000 rw-p 00000000 00:00 0 
71d3c5275000-71d3c5276000 ---p 00000000 00:00 0 
71d3c5276000-71d3c5a76000 rw-p 00000000 00:00 0 
71d3c5a76000-71d3c5a77000 ---p 00000000 00:00 0 
71d3c5a77000-71d3c6277000 rw-p 00000000 00:00 0 
71d3c6277000-71d3c6278000 ---p 00000000 00:00 0 
71d3c6278000-71d3c6a78000 rw-p 00000000 00:00 0 
71d3c6a78000-71d3c6a7c000 ---p 00000000 00:00 0 
71d3c6a7c000-71d3c6b78000 rw-p 00000000 00:00 0 
71d3c6b78000-71d3c6b79000 ---p 00000000 00:00 0 
71d3c6b79000-71d3c7379000 rw-p 00000000 00:00 0 
71d3c7379000-71d3c737a000 ---p 00000000 00:00 0 
71d3c737a000-71d3c7b7a000 rw-p 00000000 00:00 0 
71d3c7b7a000-71d3c7b7b000 ---p 00000000 00:00 0 
71d3c7b7b000-71d3c837b000 rw-p 00000000 00:00 0 
71d3c837b000-71d3c837f000 ---p 00000000 00:00 0 
71d3c837f000-71d3c847b000 rw-p 00000000 00:00 0 
71d3c847b000-71d3c847c000 ---p 00000000 00:00 0 
71d3c847c000-71d3c8c7c000 rw-p 00000000 00:00 0 
71d3c8c7c000-71d3c8c7d000 ---p 00000000 00:00 0 
71d3c8c7d000-71d3c947d000 rw-p 00000000 00:00 0 
71d3c947d000-71d3c947e000 ---p 00000000 00:00 0 
71d3c947e000-71d3c9c7e000 rw-p 00000000 00:00 0 
71d3c9c7e000-71d3c9c82000 ---p 00000000 00:00 0 
71d3c9c82000-71d3c9d7e000 rw-p 00000000 00:00 0 
71d3c9d7e000-71d3c9d7f000 ---p 00000000 00:00 0 
71d3c9d7f000-71d3ca57f000 rw-p 00000000 00:00 0 
71d3ca57f000-71d3ca580000 ---p 00000000 00:00 0 
71d3ca580000-71d3cad80000 rw-p 00000000 00:00 0 
71d3cad80000-71d3cad81000 ---p 00000000 00:00 0 
71d3cad81000-71d3cb581000 rw-p 00000000 00:00 0 
71d3cb581000-71d3cb585000 ---p 00000000 00:00 0 
71d3cb585000-71d3cb681000 rw-p 00000000 00:00 0 
71d3cb681000-71d3cb682000 ---p 00000000 00:00 0 
71d3cb682000-71d3cbe82000 rw-p 00000000 00:00 0 
71d3cbe82000-71d3cbe83000 ---p 00000000 00:00 0 
71d3cbe83000-71d3cc683000 rw-p 00000000 00:00 0 
71d3cc683000-71d3cc684000 ---p 00000000 00:00 0 
71d3cc684000-71d3cce84000 rw-p 00000000 00:00 0 
71d3cce84000-71d3cce88000 ---p 00000000 00:00 0 
71d3cce88000-71d3ccf84000 rw-p 00000000 00:00 0 
71d3ccf84000-71d3ccf85000 ---p 00000000 00:00 0 
71d3ccf85000-71d3cd785000 rw-p 00000000 00:00 0 
71d3cd785000-71d3cd786000 ---p 00000000 00:00 0 
71d3cd786000-71d3cdf86000 rw-p 00000000 00:00 0 
71d3cdf86000-71d3cdf87000 ---p 00000000 00:00 0 
71d3cdf87000-71d3ce787000 rw-p 00000000 00:00 0 
71d3ce787000-71d3ce78b000 ---p 00000000 00:00 0 
71d3ce78b000-71d3ce887000 rw-p 00000000 00:00 0 
71d3ce887000-71d3ce888000 ---p 00000000 00:00 0 
71d3ce888000-71d3cf088000 rw-p 00000000 00:00 0 
71d3cf088000-71d3cf089000 ---p 00000000 00:00 0 
71d3cf089000-71d3cf889000 rw-p 00000000 00:00 0 
71d3cf889000-71d3cf88a000 ---p 00000000 00:00 0 
71d3cf88a000-71d3d008a000 rw-p 00000000 00:00 0 
71d3d008a000-71d3d008e000 ---p 00000000 00:00 0 
71d3d008e000-71d3d018a000 rw-p 00000000 00:00 0 
71d3d018a000-71d3d018b000 ---p 00000000 00:00 0 
71d3d018b000-71d3d098b000 rw-p 00000000 00:00 0 
71d3d098b000-71d3d098c000 ---p 00000000 00:00 0 
71d3d098c000-71d3d118c000 rw-p 00000000 00:00 0 
71d3d118c000-71d3d118d000 ---p 00000000 00:00 0 
71d3d118d000-71d3d198d000 rw-p 00000000 00:00 0 
71d3d198d000-71d3d1991000 ---p 00000000 00:00 0 
71d3d1991000-71d3d1a8d000 rw-p 00000000 00:00 0 
71d3d1a8d000-71d3d1a8e000 ---p 00000000 00:00 0 
71d3d1a8e000-71d3d228e000 rw-p 00000000 00:00 0 
71d3d228e000-71d3d228f000 ---p 00000000 00:00 0 
71d3d228f000-71d3d2a8f000 rw-p 00000000 00:00 0 
71d3d2a8f000-71d3d2a90000 ---p 00000000 00:00 0 
71d3d2a90000-71d3d3290000 rw-p 00000000 00:00 0 
71d3d3290000-71d3d3294000 ---p 00000000 00:00 0 
71d3d3294000-71d3d3390000 rw-p 00000000 00:00 0 
71d3d3390000-71d3d3391000 ---p 00000000 00:00 0 
71d3d3391000-71d3d3b91000 rw-p 00000000 00:00 0 
71d3d3b91000-71d3d3b92000 ---p 00000000 00:00 0 
71d3d3b92000-71d3d4392000 rw-p 00000000 00:00 0 
71d3d4392000-71d3d4393000 ---p 00000000 00:00 0 
71d3d4393000-71d3d4b93000 rw-p 00000000 00:00 0 
71d3d4b93000-71d3d4b97000 ---p 00000000 00:00 0 
71d3d4b97000-71d3d4c93000 rw-p 00000000 00:00 0 
71d3d4c93000-71d3d4c94000 ---p 00000000 00:00 0 
71d3d4c94000-71d3d5494000 rw-p 00000000 00:00 0 
71d3d5494000-71d3d5495000 ---p 00000000 00:00 0 
71d3d5495000-71d3d5c95000 rw-p 00000000 00:00 0 
71d3d5c95000-71d3d5c96000 ---p 00000000 00:00 0 
71d3d5c96000-71d3d6496000 rw-p 00000000 00:00 0 
71d3d6496000-71d3d649a000 ---p 00000000 00:00 0 
71d3d649a000-71d3d6596000 rw-p 00000000 00:00 0 
71d3d6596000-71d3d6597000 ---p 00000000 00:00 0 
71d3d6597000-71d3d6d97000 rw-p 00000000 00:00 0 
71d3d6d97000-71d3d6d98000 ---p 00000000 00:00 0 
71d3d6d98000-71d3d7598000 rw-p 00000000 00:00 0 
71d3d7598000-71d3d7599000 ---p 00000000 00:00 0 
71d3d7599000-71d3d7d99000 rw-p 00000000 00:00 0 
71d3d7d99000-71d3d7d9d000 ---p 00000000 00:00 0 
71d3d7d9d000-71d3d7e99000 rw-p 00000000 00:00 0 
71d3d7e99000-71d3d7e9a000 ---p 00000000 00:00 0 
71d3d7e9a000-71d3d869a000 rw-p 00000000 00:00 0 
71d3d869a000-71d3d869b000 ---p 00000000 00:00 0 
71d3d869b000-71d3d8e9b000 rw-p 00000000 00:00 0 
71d3d8e9b000-71d3d8e9c000 ---p 00000000 00:00 0 
71d3d8e9c000-71d3d969c000 rw-p 00000000 00:00 0 
71d3d969c000-71d3d96a0000 ---p 00000000 00:00 0 
71d3d96a0000-71d3d979c000 rw-p 00000000 00:00 0 
71d3d979c000-71d3d979d000 ---p 00000000 00:00 0 
71d3d979d000-71d3d9f9d000 rw-p 00000000 00:00 0 
71d3d9f9d000-71d3d9f9e000 ---p 00000000 00:00 0 
71d3d9f9e000-71d3da79e000 rw-p 00000000 00:00 0 
71d3da79e000-71d3da79f000 ---p 00000000 00:00 0 
71d3da79f000-71d3daf9f000 rw-p 00000000 00:00 0 
71d3daf9f000-71d3dafa3000 ---p 00000000 00:00 0 
71d3dafa3000-71d3db09f000 rw-p 00000000 00:00 0 
71d3db09f000-71d3db0a0000 ---p 00000000 00:00 0 
71d3db0a0000-71d3db8a0000 rw-p 00000000 00:00 0 
71d3db8a0000-71d3db8a1000 ---p 00000000 00:00 0 
71d3db8a1000-71d3dc0a1000 rw-p 00000000 00:00 0 
71d3dc0a1000-71d3dc0a2000 ---p 00000000 00:00 0 
71d3dc0a2000-71d3dc8a2000 rw-p 00000000 00:00 0 
71d3dc8a2000-71d3dc8a6000 ---p 00000000 00:00 0 
71d3dc8a6000-71d3dc9a2000 rw-p 00000000 00:00 0 
71d3dc9a2000-71d3dc9a3000 ---p 00000000 00:00 0 
71d3dc9a3000-71d3dd1a3000 rw-p 00000000 00:00 0 
71d3dd1a3000-71d3dd1a4000 ---p 00000000 00:00 0 
71d3dd1a4000-71d3dd9a4000 rw-p 00000000 00:00 0 
71d3dd9a4000-71d3dd9a5000 ---p 00000000 00:00 0 
71d3dd9a5000-71d3de1a5000 rw-p 00000000 00:00 0 
71d3de1a5000-71d3de1a9000 ---p 00000000 00:00 0 
71d3de1a9000-71d3de2a5000 rw-p 00000000 00:00 0 
71d3de2a5000-71d3de2a6000 ---p 00000000 00:00 0 
71d3de2a6000-71d3deaa6000 rw-p 00000000 00:00 0 
71d3deaa6000-71d3deaa7000 ---p 00000000 00:00 0 
71d3deaa7000-71d3df2a7000 rw-p 00000000 00:00 0 
71d3df2a7000-71d3df2a8000 ---p 00000000 00:00 0 
71d3df2a8000-71d3dfaa8000 rw-p 00000000 00:00 0 
71d3dfaa8000-71d3dfaac000 ---p 00000000 00:00 0 
71d3dfaac000-71d3dfba8000 rw-p 00000000 00:00 0 
71d3dfba8000-71d3dfba9000 ---p 00000000 00:00 0 
71d3dfba9000-71d3e03a9000 rw-p 00000000 00:00 0 
71d3e03a9000-71d3e03aa000 ---p 00000000 00:00 0 
71d3e03aa000-71d3e0baa000 rw-p 00000000 00:00 0 
71d3e0baa000-71d3e0bab000 ---p 00000000 00:00 0 
71d3e0bab000-71d3e13ab000 rw-p 00000000 00:00 0 
71d3e13ab000-71d3e13af000 ---p 00000000 00:00 0 
71d3e13af000-71d3e14ab000 rw-p 00000000 00:00 0 
71d3e14ab000-71d3e14ac000 ---p 00000000 00:00 0 
71d3e14ac000-71d3e1cac000 rw-p 00000000 00:00 0 
71d3e1cac000-71d3e1cad000 ---p 00000000 00:00 0 
71d3e1cad000-71d3e24ad000 rw-p 00000000 00:00 0 
71d3e24ad000-71d3e24ae000 ---p 00000000 00:00 0 
71d3e24ae000-71d3e2cae000 rw-p 00000000 00:00 0 
71d3e2cae000-71d3e2cb2000 ---p 00000000 00:00 0 
71d3e2cb2000-71d3e2dae000 rw-p 00000000 00:00 0 
71d3e2dae000-71d3e2daf000 ---p 00000000 00:00 0 
71d3e2daf000-71d3e35af000 rw-p 00000000 00:00 0 
71d3e35af000-71d3e35b0000 ---p 00000000 00:00 0 
71d3e35b0000-71d3e3db0000 rw-p 00000000 00:00 0 
71d3e3db0000-71d3e3db1000 ---p 00000000 00:00 0 
71d3e3db1000-71d3e45b1000 rw-p 00000000 00:00 0 
71d3e45b1000-71d3e45b5000 ---p 00000000 00:00 0 
71d3e45b5000-71d3e46b1000 rw-p 00000000 00:00 0 
71d3e46b1000-71d3e46b2000 ---p 00000000 00:00 0 
71d3e46b2000-71d3e4eb2000 rw-p 00000000 00:00 0 
71d3e4eb2000-71d3e4eb3000 ---p 00000000 00:00 0 
71d3e4eb3000-71d3e56b3000 rw-p 00000000 00:00 0 
71d3e56b3000-71d3e56b4000 ---p 00000000 00:00 0 
71d3e56b4000-71d3e5eb4000 rw-p 00000000 00:00 0 
71d3e5eb4000-71d3e5eb8000 ---p 00000000 00:00 0 
71d3e5eb8000-71d3e5fb4000 rw-p 00000000 00:00 0 
71d3e5fb4000-71d3e5fb5000 ---p 00000000 00:00 0 
71d3e5fb5000-71d3e67b5000 rw-p 00000000 00:00 0 
71d3e67b5000-71d3e67b6000 ---p 00000000 00:00 0 
71d3e67b6000-71d3e6fb6000 rw-p 00000000 00:00 0 
71d3e6fb6000-71d3e6fb7000 ---p 00000000 00:00 0 
71d3e6fb7000-71d3e77b7000 rw-p 00000000 00:00 0 
71d3e77b7000-71d3e77b8000 ---p 00000000 00:00 0 
71d3e77b8000-71d3e7fb8000 rw-p 00000000 00:00 0 
71d3e7fb8000-71d3e7fb9000 ---p 00000000 00:00 0 
71d3e7fb9000-71d3e87b9000 rw-p 00000000 00:00 0 
71d3e87b9000-71d3e87ba000 ---p 00000000 00:00 0 
71d3e87ba000-71d3e8fba000 rw-p 00000000 00:00 0 
71d3e8fba000-71d3e8fbb000 ---p 00000000 00:00 0 
71d3e8fbb000-71d3e97bb000 rw-p 00000000 00:00 0 
71d3e97bb000-71d3e97bc000 ---p 00000000 00:00 0 
71d3e97bc000-71d3e9fbc000 rw-p 00000000 00:00 0 
71d3e9fbc000-71d3e9fbd000 ---p 00000000 00:00 0 
71d3e9fbd000-71d3ea7bd000 rw-p 00000000 00:00 0 
71d3ea7bd000-71d3ea7be000 ---p 00000000 00:00 0 
71d3ea7be000-71d3eafbe000 rw-p 00000000 00:00 0 
71d3eafbe000-71d3eafbf000 ---p 00000000 00:00 0 
71d3eafbf000-71d3eb7bf000 rw-p 00000000 00:00 0 
71d3eb7bf000-71d3eb7c0000 ---p 00000000 00:00 0 
71d3eb7c0000-71d3ebfc0000 rw-p 00000000 00:00 0 
71d3ebfc0000-71d3ebfc1000 ---p 00000000 00:00 0 
71d3ebfc1000-71d3ec7c1000 rw-p 00000000 00:00 0 
71d3ec7c1000-71d3ec7c2000 ---p 00000000 00:00 0 
71d3ec7c2000-71d3ecfc2000 rw-p 00000000 00:00 0 
71d3ecfc2000-71d3ecfc3000 ---p 00000000 00:00 0 
71d3ecfc3000-71d3ed7c3000 rw-p 00000000 00:00 0 
71d3ed7c3000-71d3ed7c4000 ---p 00000000 00:00 0 
71d3ed7c4000-71d3edfc4000 rw-p 00000000 00:00 0 
71d3edfc4000-71d3edfc5000 ---p 00000000 00:00 0 
71d3edfc5000-71d3ee7c5000 rw-p 00000000 00:00 0 
71d3ee7c5000-71d3ee7c6000 ---p 00000000 00:00 0 
71d3ee7c6000-71d3eefc6000 rw-p 00000000 00:00 0 
71d3eefc6000-71d3eefc7000 ---p 00000000 00:00 0 
71d3eefc7000-71d3ef7c7000 rw-p 00000000 00:00 0 
71d3ef7c7000-71d3ef7c8000 ---p 00000000 00:00 0 
71d3ef7c8000-71d3effc8000 rw-p 00000000 00:00 0 
71d3effc8000-71d3effc9000 ---p 00000000 00:00 0 
71d3effc9000-71d3f07c9000 rw-p 00000000 00:00 0 
71d3f07c9000-71d3f07ca000 ---p 00000000 00:00 0 
71d3f07ca000-71d3f0fca000 rw-p 00000000 00:00 0 
71d3f0fca000-71d3f0fcb000 ---p 00000000 00:00 0 
71d3f0fcb000-71d3f17cb000 rw-p 00000000 00:00 0 
71d3f17cb000-71d3f17cc000 ---p 00000000 00:00 0 
71d3f17cc000-71d3f1fcc000 rw-p 00000000 00:00 0 
71d3f1fcc000-71d3f1fcd000 ---p 00000000 00:00 0 
71d3f1fcd000-71d3f27cd000 rw-p 00000000 00:00 0 
71d3f27cd000-71d3f27ce000 ---p 00000000 00:00 0 
71d3f27ce000-71d3f2fce000 rw-p 00000000 00:00 0 
71d3f2fce000-71d3f2fcf000 ---p 00000000 00:00 0 
71d3f2fcf000-71d3f37cf000 rw-p 00000000 00:00 0 
71d3f37cf000-71d3f37d0000 ---p 00000000 00:00 0 
71d3f37d0000-71d3f3fd0000 rw-p 00000000 00:00 0 
71d3f3fd0000-71d3f3fd1000 ---p 00000000 00:00 0 
71d3f3fd1000-71d3f47d1000 rw-p 00000000 00:00 0 
71d3f47d1000-71d3f47d2000 ---p 00000000 00:00 0 
71d3f47d2000-71d3f4fd2000 rw-p 00000000 00:00 0 
71d3f4fd2000-71d3f4fd3000 ---p 00000000 00:00 0 
71d3f4fd3000-71d3f57d3000 rw-p 00000000 00:00 0 
71d3f57d3000-71d3f57d4000 ---p 00000000 00:00 0 
71d3f57d4000-71d3f5fd4000 rw-p 00000000 00:00 0 
71d3f5fd4000-71d3f5fd5000 ---p 00000000 00:00 0 
71d3f5fd5000-71d3f67d5000 rw-p 00000000 00:00 0 
71d3f67d5000-71d3f67d6000 ---p 00000000 00:00 0 
71d3f67d6000-71d3f6fd6000 rw-p 00000000 00:00 0 
71d3f6fd6000-71d3f6fd7000 ---p 00000000 00:00 0 
71d3f6fd7000-71d3f77d7000 rw-p 00000000 00:00 0 
71d3f77d7000-71d3f77d8000 ---p 00000000 00:00 0 
71d3f77d8000-71d3f7fd8000 rw-p 00000000 00:00 0 
71d3f7fd8000-71d3f7fd9000 ---p 00000000 00:00 0 
71d3f7fd9000-71d3f87d9000 rw-p 00000000 00:00 0 
71d3f87d9000-71d3f87da000 ---p 00000000 00:00 0 
71d3f87da000-71d3f8fda000 rw-p 00000000 00:00 0 
71d3f8fda000-71d3f8fdb000 ---p 00000000 00:00 0 
71d3f8fdb000-71d3f97db000 rw-p 00000000 00:00 0 
71d3f97db000-71d3f97dc000 ---p 00000000 00:00 0 
71d3f97dc000-71d3f9fdc000 rw-p 00000000 00:00 0 
71d3f9fdc000-71d3f9fdd000 ---p 00000000 00:00 0 
71d3f9fdd000-71d3fa7dd000 rw-p 00000000 00:00 0 
71d3fa7dd000-71d3fa7de000 ---p 00000000 00:00 0 
71d3fa7de000-71d3fafde000 rw-p 00000000 00:00 0 
71d3fafde000-71d3fafdf000 ---p 00000000 00:00 0 
71d3fafdf000-71d3fb7df000 rw-p 00000000 00:00 0 
71d3fb7df000-71d3fb7e0000 ---p 00000000 00:00 0 
71d3fb7e0000-71d3fbfe0000 rw-p 00000000 00:00 0 
71d3fbfe0000-71d3fbfe1000 ---p 00000000 00:00 0 
71d3fbfe1000-71d3fc7e1000 rw-p 00000000 00:00 0 
71d3fc7e1000-71d3fc7e2000 ---p 00000000 00:00 0 
71d3fc7e2000-71d3fcfe2000 rw-p 00000000 00:00 0 
71d3fcfe2000-71d3fcfe3000 ---p 00000000 00:00 0 
71d3fcfe3000-71d3fd7e3000 rw-p 00000000 00:00 0 
71d3fd7e3000-71d3fd7e4000 ---p 00000000 00:00 0 
71d3fd7e4000-71d3fdfe4000 rw-p 00000000 00:00 0 
71d3fdfe4000-71d3fdfe5000 ---p 00000000 00:00 0 
71d3fdfe5000-71d3fe7e5000 rw-p 00000000 00:00 0 
71d3fe7e5000-71d3fe7e6000 ---p 00000000 00:00 0 
71d3fe7e6000-71d3fefe6000 rw-p 00000000 00:00 0 
71d3fefe6000-71d3fefe7000 ---p 00000000 00:00 0 
71d3fefe7000-71d3ff7e7000 rw-p 00000000 00:00 0 
71d3ff7e7000-71d3ff7e8000 ---p 00000000 00:00 0 
71d3ff7e8000-71d3fffe8000 rw-p 00000000 00:00 0 
71d3fffe8000-71d3fffe9000 ---p 00000000 00:00 0 
71d3fffe9000-71d4007e9000 rw-p 00000000 00:00 0 
71d4007e9000-71d4007ea000 ---p 00000000 00:00 0 
71d4007ea000-71d400fea000 rw-p 00000000 00:00 0 
71d400fea000-71d400feb000 ---p 00000000 00:00 0 
71d400feb000-71d4017eb000 rw-p 00000000 00:00 0 
71d4017eb000-71d4017ec000 ---p 00000000 00:00 0 
71d4017ec000-71d401fec000 rw-p 00000000 00:00 0 
71d401fec000-71d401fed000 ---p 00000000 00:00 0 
71d401fed000-71d4027ed000 rw-p 00000000 00:00 0 
71d4027ed000-71d4027ee000 ---p 00000000 00:00 0 
71d4027ee000-71d402fee000 rw-p 00000000 00:00 0 
71d402fee000-71d402fef000 ---p 00000000 00:00 0 
71d402fef000-71d4037ef000 rw-p 00000000 00:00 0 
71d4037ef000-71d4037f0000 ---p 00000000 00:00 0 
71d4037f0000-71d403ff0000 rw-p 00000000 00:00 0 
71d403ff0000-71d403ff1000 ---p 00000000 00:00 0 
71d403ff1000-71d4047f1000 rw-p 00000000 00:00 0 
71d4047f1000-71d4047f2000 ---p 00000000 00:00 0 
71d4047f2000-71d404ff2000 rw-p 00000000 00:00 0 
71d404ff2000-71d404ff3000 ---p 00000000 00:00 0 
71d404ff3000-71d4057f3000 rw-p 00000000 00:00 0 
71d4057f3000-71d4057f4000 ---p 00000000 00:00 0 
71d4057f4000-71d405ff4000 rw-p 00000000 00:00 0 
71d405ff4000-71d405ff5000 ---p 00000000 00:00 0 
71d405ff5000-71d4067f5000 rw-p 00000000 00:00 0 
71d4067f5000-71d4067f6000 ---p 00000000 00:00 0 
71d4067f6000-71d406ff6000 rw-p 00000000 00:00 0 
71d406ff6000-71d406ff7000 ---p 00000000 00:00 0 
71d406ff7000-71d4077f7000 rw-p 00000000 00:00 0 
71d4077f7000-71d4077f8000 ---p 00000000 00:00 0 
71d4077f8000-71d407ff8000 rw-p 00000000 00:00 0 
71d407ff8000-71d407ff9000 ---p 00000000 00:00 0 
71d407ff9000-71d4087f9000 rw-p 00000000 00:00 0 
71d4087f9000-71d4087fa000 ---p 00000000 00:00 0 
71d4087fa000-71d408ffa000 rw-p 00000000 00:00 0 
71d408ffa000-71d408ffb000 ---p 00000000 00:00 0 
71d408ffb000-71d4097fb000 rw-p 00000000 00:00 0 
71d4097fb000-71d4097fc000 ---p 00000000 00:00 0 
71d4097fc000-71d409ffc000 rw-p 00000000 00:00 0 
71d409ffc000-71d409ffd000 ---p 00000000 00:00 0 
71d409ffd000-71d40a7fd000 rw-p 00000000 00:00 0 
71d40a7fd000-71d40a7fe000 ---p 00000000 00:00 0 
71d40a7fe000-71d40affe000 rw-p 00000000 00:00 0 
71d40affe000-71d40afff000 ---p 00000000 00:00 0 
71d40afff000-71d40b7ff000 rw-p 00000000 00:00 0 
71d40b7ff000-71d40b800000 ---p 00000000 00:00 0 
71d40b800000-71d40c000000 rw-p 00000000 00:00 0 
71d40c000000-71d40c0a9000 rw-p 00000000 00:00 0 
71d40c0a9000-71d410000000 ---p 00000000 00:00 0 
71d410000000-71d410001000 rw-s 00000000 00:01 5156                       /memfd:pipewire-memfd:flags=0x0000000f,type=2,size=2312 (deleted)
71d410001000-71d410002000 rw-s 00000000 00:01 2158                       /memfd:pipewire-memfd:flags=0x0000000f,type=2,size=2312 (deleted)
71d410002000-71d410003000 rw-s 00000000 00:01 5220                       /memfd:pipewire-memfd:flags=0x0000000f,type=2,size=2312 (deleted)
71d410003000-71d410004000 rw-s 00000000 00:01 5217                       /memfd:pipewire-memfd:flags=0x0000000f,type=2,size=4096 (deleted)
71d410004000-71d410005000 rw-s 00000000 00:01 5156                       /memfd:pipewire-memfd:flags=0x0000000f,type=2,size=2312 (deleted)
71d410005000-71d410006000 rw-s 00000000 00:01 5216                       /memfd:pipewire-memfd:flags=0x0000000f,type=2,size=2312 (deleted)
71d410006000-71d410007000 rw-s 00000000 00:01 3190                       /memfd:pipewire-memfd:flags=0x0000000f,type=2,size=2312 (deleted)
71d410007000-71d410008000 rw-s 00000000 00:01 2157                       /memfd:pipewire-memfd:flags=0x0000000f,type=2,size=4096 (deleted)
71d410008000-71d410011000 rw-s 00000000 00:01 4210                       /memfd:pipewire-memfd:flags=0x0000000f,type=2,size=32832 (deleted)
71d410011000-71d410012000 rw-s 00000000 00:01 5156                       /memfd:pipewire-memfd:flags=0x0000000f,type=2,size=2312 (deleted)
71d410012000-71d410013000 rw-s 00000000 00:01 2156                       /memfd:pipewire-memfd:flags=0x0000000f,type=2,size=2312 (deleted)
71d410013000-71d410014000 rw-s 00000000 00:01 119                        /memfd:pipewire-memfd:flags=0x0000000f,type=2,size=2312 (deleted)
71d410014000-71d410015000 rw-s 00000000 00:01 7293                       /memfd:pipewire-memfd:flags=0x0000000f,type=2,size=4096 (deleted)
71d410015000-71d41001e000 rw-s 00000000 00:01 2155                       /memfd:pipewire-memfd:flags=0x0000000f,type=2,size=32832 (deleted)
71d41001e000-71d410027000 rw-s 00000000 00:01 2154                       /memfd:pipewire-memfd:flags=0x0000000f,type=2,size=32832 (deleted)
71d410027000-71d410028000 rw-s 00000000 00:01 5156                       /memfd:pipewire-memfd:flags=0x0000000f,type=2,size=2312 (deleted)
71d410028000-71d410029000 rw-s 00000000 00:01 3189                       /memfd:pipewire-memfd:flags=0x0000000f,type=2,size=2312 (deleted)
71d410029000-71d41002a000 rw-s 00000000 00:01 4209                       /memfd:pipewire-memfd:flags=0x0000000f,type=2,size=2312 (deleted)
71d41002a000-71d41002b000 rw-s 00000000 00:01 2153                       /memfd:pipewire-memfd:flags=0x0000000f,type=2,size=4096 (deleted)
71d41002b000-71d410034000 rw-s 00000000 00:01 118                        /memfd:pipewire-memfd:flags=0x0000000f,type=2,size=32832 (deleted)
71d410034000-71d41003d000 rw-s 00000000 00:01 117                        /memfd:pipewire-memfd:flags=0x0000000f,type=2,size=32832 (deleted)
71d41003d000-71d41003e000 rw-s 00000000 00:01 5156                       /memfd:pipewire-memfd:flags=0x0000000f,type=2,size=2312 (deleted)
71d41003e000-71d41003f000 rw-s 00000000 00:01 2152                       /memfd:pipewire-memfd:flags=0x0000000f,type=2,size=2312 (deleted)
71d41003f000-71d410040000 rw-s 00000000 00:01 5215                       /memfd:pipewire-memfd:flags=0x0000000f,type=2,size=2312 (deleted)
71d410040000-71d410041000 rw-s 00000000 00:01 4206                       /memfd:pipewire-memfd:flags=0x0000000f,type=2,size=4096 (deleted)
71d410041000-71d41004a000 rw-s 00000000 00:01 4208                       /memfd:pipewire-memfd:flags=0x0000000f,type=2,size=32832 (deleted)
71d41004a000-71d410053000 rw-s 00000000 00:01 4207                       /memfd:pipewire-memfd:flags=0x0000000f,type=2,size=32832 (deleted)
71d410053000-71d410054000 rw-s 00000000 00:01 5156                       /memfd:pipewire-memfd:flags=0x0000000f,type=2,size=2312 (deleted)
71d410054000-71d410055000 rw-s 00000000 00:01 4205                       /memfd:pipewire-memfd:flags=0x0000000f,type=2,size=2312 (deleted)
71d410055000-71d410056000 rw-s 00000000 00:01 116                        /memfd:pipewire-memfd:flags=0x0000000f,type=2,size=2312 (deleted)
71d410056000-71d410057000 rw-s 00000000 00:01 6249                       /memfd:pipewire-memfd:flags=0x0000000f,type=2,size=4096 (deleted)
71d410057000-71d410060000 rw-s 00000000 00:01 2151                       /memfd:pipewire-memfd:flags=0x0000000f,type=2,size=32832 (deleted)
71d410060000-71d410069000 rw-s 00000000 00:01 2150                       /memfd:pipewire-memfd:flags=0x0000000f,type=2,size=32832 (deleted)
71d410069000-71d41006a000 rw-s 00000000 00:01 5156                       /memfd:pipewire-memfd:flags=0x0000000f,type=2,size=2312 (deleted)
71d41006a000-71d41006b000 rw-s 00000000 00:01 6248                       /memfd:pipewire-memfd:flags=0x0000000f,type=2,size=2312 (deleted)
71d41006b000-71d41006c000 rw-s 00000000 00:01 2149                       /memfd:pipewire-memfd:flags=0x0000000f,type=2,size=2312 (deleted)
71d41006c000-71d41006d000 rw-s 00000000 00:01 3186                       /memfd:pipewire-memfd:flags=0x0000000f,type=2,size=4096 (deleted)
71d41006d000-71d410076000 rw-s 00000000 00:01 3188                       /memfd:pipewire-memfd:flags=0x0000000f,type=2,size=32832 (deleted)
71d410076000-71d41007f000 rw-s 00000000 00:01 3187                       /memfd:pipewire-memfd:flags=0x0000000f,type=2,size=32832 (deleted)
71d41007f000-71d410080000 rw-s 00000000 00:01 5156                       /memfd:pipewire-memfd:flags=0x0000000f,type=2,size=2312 (deleted)
71d410080000-71d410081000 rw-s 00000000 00:01 3185                       /memfd:pipewire-memfd:flags=0x0000000f,type=2,size=2312 (deleted)
71d410081000-71d410082000 rw-s 00000000 00:01 115                        /memfd:pipewire-memfd:flags=0x0000000f,type=2,size=2312 (deleted)
71d410082000-71d410083000 rw-s 00000000 00:01 5214                       /memfd:pipewire-memfd:flags=0x0000000f,type=2,size=4096 (deleted)
71d410083000-71d41008c000 rw-s 00000000 00:01 2148                       /memfd:pipewire-memfd:flags=0x0000000f,type=2,size=32832 (deleted)
71d41008c000-71d410095000 rw-s 00000000 00:01 2147                       /memfd:pipewire-memfd:flags=0x0000000f,type=2,size=32832 (deleted)
71d410095000-71d410096000 rw-s 00000000 00:01 5156                       /memfd:pipewire-memfd:flags=0x0000000f,type=2,size=2312 (deleted)
71d410096000-71d410097000 rw-s 00000000 00:01 5213                       /memfd:pipewire-memfd:flags=0x0000000f,type=2,size=2312 (deleted)
71d410097000-71d410098000 rw-s 00000000 00:01 3184                       /memfd:pipewire-memfd:flags=0x0000000f,type=2,size=2312 (deleted)
71d410098000-71d410099000 rw-s 00000000 00:01 4202                       /memfd:pipewire-memfd:flags=0x0000000f,type=2,size=4096 (deleted)
71d410099000-71d4100a2000 rw-s 00000000 00:01 4204                       /memfd:pipewire-memfd:flags=0x0000000f,type=2,size=32832 (deleted)
71d4100a2000-71d4100ab000 rw-s 00000000 00:01 4203                       /memfd:pipewire-memfd:flags=0x0000000f,type=2,size=32832 (deleted)
71d4100ab000-71d4100ac000 rw-s 00000000 00:01 5156                       /memfd:pipewire-memfd:flags=0x0000000f,type=2,size=2312 (deleted)
71d4100ac000-71d4100ad000 rw-s 00000000 00:01 4201                       /memfd:pipewire-memfd:flags=0x0000000f,type=2,size=2312 (deleted)
71d4100ad000-71d4100ae000 rw-s 00000000 00:01 5212                       /memfd:pipewire-memfd:flags=0x0000000f,type=2,size=2312 (deleted)
71d4100ae000-71d4100af000 rw-s 00000000 00:01 3183                       /memfd:pipewire-memfd:flags=0x0000000f,type=2,size=4096 (deleted)
71d4100af000-71d4100b8000 rw-s 00000000 00:01 7292                       /memfd:pipewire-memfd:flags=0x0000000f,type=2,size=32832 (deleted)
71d4100b8000-71d4100c1000 rw-s 00000000 00:01 7291                       /memfd:pipewire-memfd:flags=0x0000000f,type=2,size=32832 (deleted)
71d4100c1000-71d4100c2000 rw-s 00000000 00:01 5156                       /memfd:pipewire-memfd:flags=0x0000000f,type=2,size=2312 (deleted)
71d4100c2000-71d4100c3000 rw-s 00000000 00:01 3182                       /memfd:pipewire-memfd:flags=0x0000000f,type=2,size=2312 (deleted)
71d4100c3000-71d4100c4000 rw-s 00000000 00:01 6247                       /memfd:pipewire-memfd:flags=0x0000000f,type=2,size=2312 (deleted)
71d4100c4000-71d4100c5000 rw-s 00000000 00:01 3181                       /memfd:pipewire-memfd:flags=0x0000000f,type=2,size=4096 (deleted)
71d4100c5000-71d4100ce000 rw-s 00000000 00:01 114                        /memfd:pipewire-memfd:flags=0x0000000f,type=2,size=32832 (deleted)
71d4100ce000-71d4100d7000 rw-s 00000000 00:01 113                        /memfd:pipewire-memfd:flags=0x0000000f,type=2,size=32832 (deleted)
71d4100d7000-71d4100d8000 rw-s 00000000 00:01 5156                       /memfd:pipewire-memfd:flags=0x0000000f,type=2,size=2312 (deleted)
71d4100d8000-71d4100d9000 rw-s 00000000 00:01 7290                       /memfd:pipewire-memfd:flags=0x0000000f,type=2,size=2312 (deleted)
71d4100d9000-71d4100da000 rw-s 00000000 00:01 1126                       /memfd:pipewire-memfd:flags=0x0000000f,type=2,size=2312 (deleted)
71d4100da000-71d4100db000 rw-s 00000000 00:01 6246                       /memfd:pipewire-memfd:flags=0x0000000f,type=2,size=4096 (deleted)
71d4100db000-71d4100e4000 rw-s 00000000 00:01 5211                       /memfd:pipewire-memfd:flags=0x0000000f,type=2,size=32832 (deleted)
71d4100e4000-71d4100ed000 rw-s 00000000 00:01 5210                       /memfd:pipewire-memfd:flags=0x0000000f,type=2,size=32832 (deleted)
71d4100ed000-71d4100ee000 rw-s 00000000 00:01 5156                       /memfd:pipewire-memfd:flags=0x0000000f,type=2,size=2312 (deleted)
71d4100ee000-71d4100ef000 rw-s 00000000 00:01 6245                       /memfd:pipewire-memfd:flags=0x0000000f,type=2,size=2312 (deleted)
71d4100ef000-71d4100f0000 rw-s 00000000 00:01 112                        /memfd:pipewire-memfd:flags=0x0000000f,type=2,size=2312 (deleted)
71d4100f0000-71d4100f9000 rw-s 00000000 00:01 2146                       /memfd:pipewire-memfd:flags=0x0000000f,type=2,size=32832 (deleted)
71d4100f9000-71d4100fd000 ---p 00000000 00:00 0 
71d4100fd000-71d4101f9000 rw-p 00000000 00:00 0 
71d4101f9000-71d4101fd000 ---p 00000000 00:00 0 
71d4101fd000-71d4102f9000 rw-p 00000000 00:00 0 
71d4102f9000-71d4102fd000 ---p 00000000 00:00 0 
71d4102fd000-71d4103f9000 rw-p 00000000 00:00 0 
71d4103f9000-71d4103fd000 ---p 00000000 00:00 0 
71d4103fd000-71d4104f9000 rw-p 00000000 00:00 0 
71d4104f9000-71d4104fd000 ---p 00000000 00:00 0 
71d4104fd000-71d4105f9000 rw-p 00000000 00:00 0 
71d4105f9000-71d4105fd000 ---p 00000000 00:00 0 
71d4105fd000-71d4106f9000 rw-p 00000000 00:00 0 
71d4106f9000-71d4106fd000 ---p 00000000 00:00 0 
71d4106fd000-71d4107f9000 rw-p 00000000 00:00 0 
71d4107f9000-71d4107fa000 ---p 00000000 00:00 0 
71d4107fa000-71d410ffa000 rw-p 00000000 00:00 0 
71d410ffa000-71d410ffb000 ---p 00000000 00:00 0 
71d410ffb000-71d4117fb000 rw-p 00000000 00:00 0 
71d4117fb000-71d4117fc000 ---p 00000000 00:00 0 
71d4117fc000-71d411ffc000 rw-p 00000000 00:00 0 
71d411ffc000-71d411ffd000 ---p 00000000 00:00 0 
71d411ffd000-71d4127fd000 rw-p 00000000 00:00 0 
71d4127fd000-71d4127fe000 ---p 00000000 00:00 0 
71d4127fe000-71d412ffe000 rw-p 00000000 00:00 0 
71d412ffe000-71d412fff000 ---p 00000000 00:00 0 
71d412fff000-71d4137ff000 rw-p 00000000 00:00 0 
71d4137ff000-71d413800000 ---p 00000000 00:00 0 
71d413800000-71d414000000 rw-p 00000000 00:00 0 
71d414000000-71d414526000 rw-p 00000000 00:00 0 
71d414526000-71d418000000 ---p 00000000 00:00 0 
71d418000000-71d418021000 rw-p 00000000 00:00 0 
71d418021000-71d41c000000 ---p 00000000 00:00 0 
71d41c000000-71d41c021000 rw-p 00000000 00:00 0 
71d41c021000-71d420000000 ---p 00000000 00:00 0 
71d420000000-71d420140000 rw-p 00000000 00:00 0 
71d420140000-71d424000000 ---p 00000000 00:00 0 
71d424000000-71d4245d4000 rw-p 00000000 00:00 0 
71d4245d4000-71d428000000 ---p 00000000 00:00 0 
71d428000000-71d428098000 rw-p 00000000 00:00 0 
71d428098000-71d42c000000 ---p 00000000 00:00 0 
71d42c000000-71d42c09b000 rw-p 00000000 00:00 0 
71d42c09b000-71d430000000 ---p 00000000 00:00 0 
71d430000000-71d430021000 rw-p 00000000 00:00 0 
71d430021000-71d434000000 ---p 00000000 00:00 0 
71d434000000-71d434001000 rw-s 00000000 00:01 2144                       /memfd:pipewire-memfd:flags=0x0000000f,type=2,size=4096 (deleted)
71d434001000-71d43400a000 rw-s 00000000 00:01 2145                       /memfd:pipewire-memfd:flags=0x0000000f,type=2,size=32832 (deleted)
71d43400a000-71d43400b000 rw-s 00000000 00:01 5156                       /memfd:pipewire-memfd:flags=0x0000000f,type=2,size=2312 (deleted)
71d43400b000-71d43400c000 rw-s 00000000 00:01 2143                       /memfd:pipewire-memfd:flags=0x0000000f,type=2,size=2312 (deleted)
71d43400c000-71d43400d000 rw-s 00000000 00:01 6244                       /memfd:pipewire-memfd:flags=0x0000000f,type=2,size=2312 (deleted)
71d43400d000-71d43400e000 rw-s 00000000 00:01 109                        /memfd:pipewire-memfd:flags=0x0000000f,type=2,size=4096 (deleted)
71d43400e000-71d434017000 rw-s 00000000 00:01 111                        /memfd:pipewire-memfd:flags=0x0000000f,type=2,size=32832 (deleted)
71d434017000-71d434020000 rw-s 00000000 00:01 110                        /memfd:pipewire-memfd:flags=0x0000000f,type=2,size=32832 (deleted)
71d434020000-71d434021000 rw-s 00000000 00:01 5156                       /memfd:pipewire-memfd:flags=0x0000000f,type=2,size=2312 (deleted)
71d434021000-71d434022000 rw-s 00000000 00:01 5209                       /memfd:pipewire-memfd:flags=0x0000000f,type=2,size=2312 (deleted)
71d434022000-71d434023000 rw-s 00000000 00:01 2142                       /memfd:pipewire-memfd:flags=0x0000000f,type=2,size=2312 (deleted)
71d434023000-71d434024000 rw-s 00000000 00:01 3180                       /memfd:pipewire-memfd:flags=0x0000000f,type=2,size=4096 (deleted)
71d434024000-71d43402d000 rw-s 00000000 00:01 108                        /memfd:pipewire-memfd:flags=0x0000000f,type=2,size=32832 (deleted)
71d43402d000-71d434036000 rw-s 00000000 00:01 107                        /memfd:pipewire-memfd:flags=0x0000000f,type=2,size=32832 (deleted)
71d434036000-71d434037000 rw-s 00000000 00:01 5156                       /memfd:pipewire-memfd:flags=0x0000000f,type=2,size=2312 (deleted)
71d434037000-71d434038000 rw-s 00000000 00:01 3179                       /memfd:pipewire-memfd:flags=0x0000000f,type=2,size=2312 (deleted)
71d434038000-71d434039000 rw-s 00000000 00:01 106                        /memfd:pipewire-memfd:flags=0x0000000f,type=2,size=2312 (deleted)
71d434039000-71d43403a000 rw-s 00000000 00:01 7287                       /memfd:pipewire-memfd:flags=0x0000000f,type=2,size=4096 (deleted)
71d43403a000-71d434043000 rw-s 00000000 00:01 7289                       /memfd:pipewire-memfd:flags=0x0000000f,type=2,size=32832 (deleted)
71d434043000-71d43404c000 rw-s 00000000 00:01 7288                       /memfd:pipewire-memfd:flags=0x0000000f,type=2,size=32832 (deleted)
71d43404c000-71d43404d000 rw-s 00000000 00:01 5156                       /memfd:pipewire-memfd:flags=0x0000000f,type=2,size=2312 (deleted)
71d43404d000-71d43404e000 rw-s 00000000 00:01 7286                       /memfd:pipewire-memfd:flags=0x0000000f,type=2,size=2312 (deleted)
71d43404e000-71d43404f000 rw-s 00000000 00:01 1125                       /memfd:pipewire-memfd:flags=0x0000000f,type=2,size=2312 (deleted)
71d43404f000-71d434050000 rw-s 00000000 00:01 6243                       /memfd:pipewire-memfd:flags=0x0000000f,type=2,size=4096 (deleted)
71d434050000-71d434059000 rw-s 00000000 00:01 7285                       /memfd:pipewire-memfd:flags=0x0000000f,type=2,size=32832 (deleted)
71d434059000-71d434062000 rw-s 00000000 00:01 7284                       /memfd:pipewire-memfd:flags=0x0000000f,type=2,size=32832 (deleted)
71d434062000-71d434063000 rw-s 00000000 00:01 5156                       /memfd:pipewire-memfd:flags=0x0000000f,type=2,size=2312 (deleted)
71d434063000-71d434064000 rw-s 00000000 00:01 6242                       /memfd:pipewire-memfd:flags=0x0000000f,type=2,size=2312 (deleted)
71d434064000-71d434065000 rw-s 00000000 00:01 5208                       /memfd:pipewire-memfd:flags=0x0000000f,type=2,size=2312 (deleted)
71d434065000-71d434066000 rw-s 00000000 00:01 6239                       /memfd:pipewire-memfd:flags=0x0000000f,type=2,size=4096 (deleted)
71d434066000-71d43406f000 rw-s 00000000 00:01 6241                       /memfd:pipewire-memfd:flags=0x0000000f,type=2,size=32832 (deleted)
71d43406f000-71d434078000 rw-s 00000000 00:01 6240                       /memfd:pipewire-memfd:flags=0x0000000f,type=2,size=32832 (deleted)
71d434078000-71d434079000 rw-s 00000000 00:01 5156                       /memfd:pipewire-memfd:flags=0x0000000f,type=2,size=2312 (deleted)
71d434079000-71d43407a000 rw-s 00000000 00:01 6238                       /memfd:pipewire-memfd:flags=0x0000000f,type=2,size=2312 (deleted)
71d43407a000-71d43407b000 rw-s 00000000 00:01 4200                       /memfd:pipewire-memfd:flags=0x0000000f,type=2,size=2312 (deleted)
71d43407b000-71d43407c000 rw-s 00000000 00:01 1122                       /memfd:pipewire-memfd:flags=0x0000000f,type=2,size=4096 (deleted)
71d43407c000-71d434085000 rw-s 00000000 00:01 1124                       /memfd:pipewire-memfd:flags=0x0000000f,type=2,size=32832 (deleted)
71d434085000-71d43408e000 rw-s 00000000 00:01 1123                       /memfd:pipewire-memfd:flags=0x0000000f,type=2,size=32832 (deleted)
71d43408e000-71d43408f000 rw-s 00000000 00:01 5156                       /memfd:pipewire-memfd:flags=0x0000000f,type=2,size=2312 (deleted)
71d43408f000-71d434090000 rw-s 00000000 00:01 1121                       /memfd:pipewire-memfd:flags=0x0000000f,type=2,size=2312 (deleted)
71d434090000-71d434091000 rw-s 00000000 00:01 105                        /memfd:pipewire-memfd:flags=0x0000000f,type=2,size=2312 (deleted)
71d434091000-71d434092000 rw-s 00000000 00:01 1118                       /memfd:pipewire-memfd:flags=0x0000000f,type=2,size=4096 (deleted)
71d434092000-71d43409b000 rw-s 00000000 00:01 1120                       /memfd:pipewire-memfd:flags=0x0000000f,type=2,size=32832 (deleted)
71d43409b000-71d4340a4000 rw-s 00000000 00:01 1119                       /memfd:pipewire-memfd:flags=0x0000000f,type=2,size=32832 (deleted)
71d4340a4000-71d4340a5000 rw-s 00000000 00:01 5156                       /memfd:pipewire-memfd:flags=0x0000000f,type=2,size=2312 (deleted)
71d4340a5000-71d4340a6000 rw-s 00000000 00:01 6237                       /memfd:pipewire-memfd:flags=0x0000000f,type=2,size=2312 (deleted)
71d4340a6000-71d4340a7000 rw-s 00000000 00:01 2141                       /memfd:pipewire-memfd:flags=0x0000000f,type=2,size=2312 (deleted)
71d4340a7000-71d4340a8000 rw-s 00000000 00:01 104                        /memfd:pipewire-memfd:flags=0x0000000f,type=2,size=4096 (deleted)
71d4340a8000-71d4340b1000 rw-s 00000000 00:01 6236                       /memfd:pipewire-memfd:flags=0x0000000f,type=2,size=32832 (deleted)
71d4340b1000-71d4340ba000 rw-s 00000000 00:01 6235                       /memfd:pipewire-memfd:flags=0x0000000f,type=2,size=32832 (deleted)
71d4340ba000-71d4340bb000 rw-s 00000000 00:01 5156                       /memfd:pipewire-memfd:flags=0x0000000f,type=2,size=2312 (deleted)
71d4340bb000-71d4340bc000 rw-s 00000000 00:01 103                        /memfd:pipewire-memfd:flags=0x0000000f,type=2,size=2312 (deleted)
71d4340bc000-71d4340bd000 rw-s 00000000 00:01 2140                       /memfd:pipewire-memfd:flags=0x0000000f,type=2,size=2312 (deleted)
71d4340bd000-71d4340be000 rw-s 00000000 00:01 4197                       /memfd:pipewire-memfd:flags=0x0000000f,type=2,size=4096 (deleted)
71d4340be000-71d4340c7000 rw-s 00000000 00:01 4199                       /memfd:pipewire-memfd:flags=0x0000000f,type=2,size=32832 (deleted)
71d4340c7000-71d4340d0000 rw-s 00000000 00:01 4198                       /memfd:pipewire-memfd:flags=0x0000000f,type=2,size=32832 (deleted)
71d4340d0000-71d4340d1000 rw-s 00000000 00:01 5156                       /memfd:pipewire-memfd:flags=0x0000000f,type=2,size=2312 (deleted)
71d4340d1000-71d4340d2000 rw-s 00000000 00:01 4196                       /memfd:pipewire-memfd:flags=0x0000000f,type=2,size=2312 (deleted)
71d4340d2000-71d4340d3000 rw-s 00000000 00:01 2139                       /memfd:pipewire-memfd:flags=0x0000000f,type=2,size=2312 (deleted)
71d4340d3000-71d4340d4000 rw-s 00000000 00:01 1115                       /memfd:pipewire-memfd:flags=0x0000000f,type=2,size=4096 (deleted)
71d4340d4000-71d4340dd000 rw-s 00000000 00:01 1117                       /memfd:pipewire-memfd:flags=0x0000000f,type=2,size=32832 (deleted)
71d4340dd000-71d4340e6000 rw-s 00000000 00:01 1116                       /memfd:pipewire-memfd:flags=0x0000000f,type=2,size=32832 (deleted)
71d4340e6000-71d4340e7000 rw-s 00000000 00:01 5156                       /memfd:pipewire-memfd:flags=0x0000000f,type=2,size=2312 (deleted)
71d4340e7000-71d4340f0000 rw-s 00000000 00:01 2138                       /memfd:pipewire-memfd:flags=0x0000000f,type=2,size=32832 (deleted)
71d4340f0000-71d4340f9000 rw-s 00000000 00:01 2137                       /memfd:pipewire-memfd:flags=0x0000000f,type=2,size=32832 (deleted)
71d4340f9000-71d4340fd000 ---p 00000000 00:00 0 
71d4340fd000-71d4341f9000 rw-p 00000000 00:00 0 
71d4341f9000-71d4341fd000 ---p 00000000 00:00 0 
71d4341fd000-71d4342f9000 rw-p 00000000 00:00 0 
71d4342f9000-71d4342fd000 ---p 00000000 00:00 0 
71d4342fd000-71d4343f9000 rw-p 00000000 00:00 0 
71d4343f9000-71d4343fd000 ---p 00000000 00:00 0 
71d4343fd000-71d4344f9000 rw-p 00000000 00:00 0 
71d4344f9000-71d4344fd000 ---p 00000000 00:00 0 
71d4344fd000-71d4345f9000 rw-p 00000000 00:00 0 
71d4345f9000-71d4345fd000 ---p 00000000 00:00 0 
71d4345fd000-71d4346f9000 rw-p 00000000 00:00 0 
71d4346f9000-71d4346fd000 ---p 00000000 00:00 0 
71d4346fd000-71d4347f9000 rw-p 00000000 00:00 0 
71d4347f9000-71d4347fa000 ---p 00000000 00:00 0 
71d4347fa000-71d434ffa000 rw-p 00000000 00:00 0 
71d434ffa000-71d434ffb000 ---p 00000000 00:00 0 
71d434ffb000-71d4357fb000 rw-p 00000000 00:00 0 
71d4357fb000-71d4357fc000 ---p 00000000 00:00 0 
71d4357fc000-71d435ffc000 rw-p 00000000 00:00 0 
71d435ffc000-71d435ffd000 ---p 00000000 00:00 0 
71d435ffd000-71d4367fd000 rw-p 00000000 00:00 0 
71d4367fd000-71d4367fe000 ---p 00000000 00:00 0 
71d4367fe000-71d436ffe000 rw-p 00000000 00:00 0 
71d436ffe000-71d436fff000 ---p 00000000 00:00 0 
71d436fff000-71d4377ff000 rw-p 00000000 00:00 0 
71d4377ff000-71d437800000 ---p 00000000 00:00 0 
71d437800000-71d438000000 rw-p 00000000 00:00 0 
71d438000000-71d438520000 rw-p 00000000 00:00 0 
71d438520000-71d43c000000 ---p 00000000 00:00 0 
71d43c000000-71d43c0a4000 rw-p 00000000 00:00 0 
71d43c0a4000-71d440000000 ---p 00000000 00:00 0 
71d440000000-71d4400a3000 rw-p 00000000 00:00 0 
71d4400a3000-71d444000000 ---p 00000000 00:00 0 
71d444000000-71d444099000 rw-p 00000000 00:00 0 
71d444099000-71d448000000 ---p 00000000 00:00 0 
71d448000000-71d448533000 rw-p 00000000 00:00 0 
71d448533000-71d44c000000 ---p 00000000 00:00 0 
71d44c000000-71d44c021000 rw-p 00000000 00:00 0 
71d44c021000-71d450000000 ---p 00000000 00:00 0 
71d450000000-71d45013b000 rw-p 00000000 00:00 0 
71d45013b000-71d454000000 ---p 00000000 00:00 0 
71d454000000-71d454021000 rw-p 00000000 00:00 0 
71d454021000-71d458000000 ---p 00000000 00:00 0 
71d458000000-71d458001000 rw-s 00000000 00:01 6234                       /memfd:pipewire-memfd:flags=0x0000000f,type=2,size=2312 (deleted)
71d458001000-71d458002000 rw-s 00000000 00:01 5207                       /memfd:pipewire-memfd:flags=0x0000000f,type=2,size=2312 (deleted)
71d458002000-71d458003000 rw-s 00000000 00:01 2136                       /memfd:pipewire-memfd:flags=0x0000000f,type=2,size=4096 (deleted)
71d458003000-71d458004000 rw-s 00000000 00:01 5156                       /memfd:pipewire-memfd:flags=0x0000000f,type=2,size=2312 (deleted)
71d458004000-71d458005000 rw-s 00000000 00:01 2135                       /memfd:pipewire-memfd:flags=0x0000000f,type=2,size=2312 (deleted)
71d458005000-71d458006000 rw-s 00000000 00:01 7283                       /memfd:pipewire-memfd:flags=0x0000000f,type=2,size=2312 (deleted)
71d458006000-71d458007000 rw-s 00000000 00:01 3178                       /memfd:pipewire-memfd:flags=0x0000000f,type=2,size=4096 (deleted)
71d458007000-71d458010000 rw-s 00000000 00:01 4195                       /memfd:pipewire-memfd:flags=0x0000000f,type=2,size=32832 (deleted)
71d458010000-71d458019000 rw-s 00000000 00:01 4194                       /memfd:pipewire-memfd:flags=0x0000000f,type=2,size=32832 (deleted)
71d458019000-71d45801a000 rw-s 00000000 00:01 5156                       /memfd:pipewire-memfd:flags=0x0000000f,type=2,size=2312 (deleted)
71d45801a000-71d45801b000 rw-s 00000000 00:01 3177                       /memfd:pipewire-memfd:flags=0x0000000f,type=2,size=2312 (deleted)
71d45801b000-71d45801c000 rw-s 00000000 00:01 6233                       /memfd:pipewire-memfd:flags=0x0000000f,type=2,size=2312 (deleted)
71d45801c000-71d45801d000 rw-s 00000000 00:01 3176                       /memfd:pipewire-memfd:flags=0x0000000f,type=2,size=4096 (deleted)
71d45801d000-71d458026000 rw-s 00000000 00:01 7282                       /memfd:pipewire-memfd:flags=0x0000000f,type=2,size=32832 (deleted)
71d458026000-71d45802f000 rw-s 00000000 00:01 7281                       /memfd:pipewire-memfd:flags=0x0000000f,type=2,size=32832 (deleted)
71d45802f000-71d458030000 rw-s 00000000 00:01 5156                       /memfd:pipewire-memfd:flags=0x0000000f,type=2,size=2312 (deleted)
71d458030000-71d458031000 rw-s 00000000 00:01 3175                       /memfd:pipewire-memfd:flags=0x0000000f,type=2,size=2312 (deleted)
71d458031000-71d458032000 rw-s 00000000 00:01 6232                       /memfd:pipewire-memfd:flags=0x0000000f,type=2,size=2312 (deleted)
71d458032000-71d458033000 rw-s 00000000 00:01 7280                       /memfd:pipewire-memfd:flags=0x0000000f,type=2,size=4096 (deleted)
71d458033000-71d45803c000 rw-s 00000000 00:01 1114                       /memfd:pipewire-memfd:flags=0x0000000f,type=2,size=32832 (deleted)
71d45803c000-71d458045000 rw-s 00000000 00:01 1113                       /memfd:pipewire-memfd:flags=0x0000000f,type=2,size=32832 (deleted)
71d458045000-71d458046000 rw-s 00000000 00:01 5156                       /memfd:pipewire-memfd:flags=0x0000000f,type=2,size=2312 (deleted)
71d458046000-71d458047000 rw-s 00000000 00:01 3174                       /memfd:pipewire-memfd:flags=0x0000000f,type=2,size=2312 (deleted)
71d458047000-71d458048000 rw-s 00000000 00:01 102                        /memfd:pipewire-memfd:flags=0x0000000f,type=2,size=2312 (deleted)
71d458048000-71d458049000 rw-s 00000000 00:01 7277                       /memfd:pipewire-memfd:flags=0x0000000f,type=2,size=4096 (deleted)
71d458049000-71d458052000 rw-s 00000000 00:01 7279                       /memfd:pipewire-memfd:flags=0x0000000f,type=2,size=32832 (deleted)
71d458052000-71d45805b000 rw-s 00000000 00:01 7278                       /memfd:pipewire-memfd:flags=0x0000000f,type=2,size=32832 (deleted)
71d45805b000-71d45805c000 rw-s 00000000 00:01 5156                       /memfd:pipewire-memfd:flags=0x0000000f,type=2,size=2312 (deleted)
71d45805c000-71d45805d000 rw-s 00000000 00:01 7276                       /memfd:pipewire-memfd:flags=0x0000000f,type=2,size=2312 (deleted)
71d45805d000-71d45805e000 rw-s 00000000 00:01 101                        /memfd:pipewire-memfd:flags=0x0000000f,type=2,size=2312 (deleted)
71d45805e000-71d45805f000 rw-s 00000000 00:01 6231                       /memfd:pipewire-memfd:flags=0x0000000f,type=2,size=4096 (deleted)
71d45805f000-71d458068000 rw-s 00000000 00:01 3173                       /memfd:pipewire-memfd:flags=0x0000000f,type=2,size=32832 (deleted)
71d458068000-71d458071000 rw-s 00000000 00:01 3172                       /memfd:pipewire-memfd:flags=0x0000000f,type=2,size=32832 (deleted)
71d458071000-71d458072000 rw-s 00000000 00:01 5156                       /memfd:pipewire-memfd:flags=0x0000000f,type=2,size=2312 (deleted)
71d458072000-71d458073000 rw-s 00000000 00:01 6230                       /memfd:pipewire-memfd:flags=0x0000000f,type=2,size=2312 (deleted)
71d458073000-71d458074000 rw-s 00000000 00:01 7275                       /memfd:pipewire-memfd:flags=0x0000000f,type=2,size=2312 (deleted)
71d458074000-71d458075000 rw-s 00000000 00:01 5206                       /memfd:pipewire-memfd:flags=0x0000000f,type=2,size=4096 (deleted)
71d458075000-71d45807e000 rw-s 00000000 00:01 100                        /memfd:pipewire-memfd:flags=0x0000000f,type=2,size=32832 (deleted)
71d45807e000-71d458087000 rw-s 00000000 00:01 99                         /memfd:pipewire-memfd:flags=0x0000000f,type=2,size=32832 (deleted)
71d458087000-71d458088000 rw-s 00000000 00:01 5156                       /memfd:pipewire-memfd:flags=0x0000000f,type=2,size=2312 (deleted)
71d458088000-71d458089000 rw-s 00000000 00:01 5205                       /memfd:pipewire-memfd:flags=0x0000000f,type=2,size=2312 (deleted)
71d458089000-71d45808a000 rw-s 00000000 00:01 7274                       /memfd:pipewire-memfd:flags=0x0000000f,type=2,size=2312 (deleted)
71d45808a000-71d45808b000 rw-s 00000000 00:01 3171                       /memfd:pipewire-memfd:flags=0x0000000f,type=2,size=4096 (deleted)
71d45808b000-71d458094000 rw-s 00000000 00:01 6229                       /memfd:pipewire-memfd:flags=0x0000000f,type=2,size=32832 (deleted)
71d458094000-71d45809d000 rw-s 00000000 00:01 6228                       /memfd:pipewire-memfd:flags=0x0000000f,type=2,size=32832 (deleted)
71d45809d000-71d45809e000 rw-s 00000000 00:01 5156                       /memfd:pipewire-memfd:flags=0x0000000f,type=2,size=2312 (deleted)
71d45809e000-71d45809f000 rw-s 00000000 00:01 3170                       /memfd:pipewire-memfd:flags=0x0000000f,type=2,size=2312 (deleted)
71d45809f000-71d4580a0000 rw-s 00000000 00:01 1112                       /memfd:pipewire-memfd:flags=0x0000000f,type=2,size=2312 (deleted)
71d4580a0000-71d4580a1000 rw-s 00000000 00:01 2134                       /memfd:pipewire-memfd:flags=0x0000000f,type=2,size=4096 (deleted)
71d4580a1000-71d4580aa000 rw-s 00000000 00:01 5204                       /memfd:pipewire-memfd:flags=0x0000000f,type=2,size=32832 (deleted)
71d4580aa000-71d4580b3000 rw-s 00000000 00:01 5203                       /memfd:pipewire-memfd:flags=0x0000000f,type=2,size=32832 (deleted)
71d4580b3000-71d4580b4000 rw-s 00000000 00:01 5156                       /memfd:pipewire-memfd:flags=0x0000000f,type=2,size=2312 (deleted)
71d4580b4000-71d4580b5000 rw-s 00000000 00:01 4193                       /memfd:pipewire-memfd:flags=0x0000000f,type=2,size=2312 (deleted)
71d4580b5000-71d4580b6000 rw-s 00000000 00:01 1111                       /memfd:pipewire-memfd:flags=0x0000000f,type=2,size=2312 (deleted)
71d4580b6000-71d4580b7000 rw-s 00000000 00:01 7273                       /memfd:pipewire-memfd:flags=0x0000000f,type=2,size=4096 (deleted)
71d4580b7000-71d4580c0000 rw-s 00000000 00:01 3169                       /memfd:pipewire-memfd:flags=0x0000000f,type=2,size=32832 (deleted)
71d4580c0000-71d4580c9000 rw-s 00000000 00:01 3168                       /memfd:pipewire-memfd:flags=0x0000000f,type=2,size=32832 (deleted)
71d4580c9000-71d4580ca000 rw-s 00000000 00:01 5156                       /memfd:pipewire-memfd:flags=0x0000000f,type=2,size=2312 (deleted)
71d4580ca000-71d4580cb000 rw-s 00000000 00:01 7272                       /memfd:pipewire-memfd:flags=0x0000000f,type=2,size=2312 (deleted)
71d4580cb000-71d4580cc000 rw-s 00000000 00:01 1110                       /memfd:pipewire-memfd:flags=0x0000000f,type=2,size=2312 (deleted)
71d4580cc000-71d4580cd000 rw-s 00000000 00:01 6225                       /memfd:pipewire-memfd:flags=0x0000000f,type=2,size=4096 (deleted)
71d4580cd000-71d4580d6000 rw-s 00000000 00:01 6227                       /memfd:pipewire-memfd:flags=0x0000000f,type=2,size=32832 (deleted)
71d4580d6000-71d4580df000 rw-s 00000000 00:01 6226                       /memfd:pipewire-memfd:flags=0x0000000f,type=2,size=32832 (deleted)
71d4580df000-71d4580e0000 rw-s 00000000 00:01 5156                       /memfd:pipewire-memfd:flags=0x0000000f,type=2,size=2312 (deleted)
71d4580e0000-71d4580e1000 rw-s 00000000 00:01 6224                       /memfd:pipewire-memfd:flags=0x0000000f,type=2,size=2312 (deleted)
71d4580e1000-71d4580e2000 rw-s 00000000 00:01 7271                       /memfd:pipewire-memfd:flags=0x0000000f,type=2,size=2312 (deleted)
71d4580e2000-71d4580e3000 rw-s 00000000 00:01 98                         /memfd:pipewire-memfd:flags=0x0000000f,type=2,size=4096 (deleted)
71d4580e3000-71d4580ec000 rw-s 00000000 00:01 2133                       /memfd:pipewire-memfd:flags=0x0000000f,type=2,size=32832 (deleted)
71d4580ec000-71d4580f5000 rw-s 00000000 00:01 2132                       /memfd:pipewire-memfd:flags=0x0000000f,type=2,size=32832 (deleted)
71d4580f5000-71d4580f6000 rw-s 00000000 00:01 5156                       /memfd:pipewire-memfd:flags=0x0000000f,type=2,size=2312 (deleted)
71d4580f6000-71d4580f7000 rw-s 00000000 00:01 97                         /memfd:pipewire-memfd:flags=0x0000000f,type=2,size=2312 (deleted)
71d4580f7000-71d4580f8000 rw-s 00000000 00:01 7270                       /memfd:pipewire-memfd:flags=0x0000000f,type=2,size=2312 (deleted)
71d4580f8000-71d4580f9000 rw-s 00000000 00:01 5202                       /memfd:pipewire-memfd:flags=0x0000000f,type=2,size=4096 (deleted)
71d4580f9000-71d4580fd000 ---p 00000000 00:00 0 
71d4580fd000-71d4581f9000 rw-p 00000000 00:00 0 
71d4581f9000-71d4581fd000 ---p 00000000 00:00 0 
71d4581fd000-71d4582f9000 rw-p 00000000 00:00 0 
71d4582f9000-71d4582fd000 ---p 00000000 00:00 0 
71d4582fd000-71d4583f9000 rw-p 00000000 00:00 0 
71d4583f9000-71d4583fd000 ---p 00000000 00:00 0 
71d4583fd000-71d4584f9000 rw-p 00000000 00:00 0 
71d4584f9000-71d4584fd000 ---p 00000000 00:00 0 
71d4584fd000-71d4585f9000 rw-p 00000000 00:00 0 
71d4585f9000-71d4585fd000 ---p 00000000 00:00 0 
71d4585fd000-71d4586f9000 rw-p 00000000 00:00 0 
71d4586f9000-71d4586fd000 ---p 00000000 00:00 0 
71d4586fd000-71d4587f9000 rw-p 00000000 00:00 0 
71d4587f9000-71d4587fa000 ---p 00000000 00:00 0 
71d4587fa000-71d458ffa000 rw-p 00000000 00:00 0 
71d458ffa000-71d458ffb000 ---p 00000000 00:00 0 
71d458ffb000-71d4597fb000 rw-p 00000000 00:00 0 
71d4597fb000-71d4597fc000 ---p 00000000 00:00 0 
71d4597fc000-71d459ffc000 rw-p 00000000 00:00 0 
71d459ffc000-71d459ffd000 ---p 00000000 00:00 0 
71d459ffd000-71d45a7fd000 rw-p 00000000 00:00 0 
71d45a7fd000-71d45a7fe000 ---p 00000000 00:00 0 
71d45a7fe000-71d45affe000 rw-p 00000000 00:00 0 
71d45affe000-71d45afff000 ---p 00000000 00:00 0 
71d45afff000-71d45b7ff000 rw-p 00000000 00:00 0 
71d45b7ff000-71d45b800000 ---p 00000000 00:00 0 
71d45b800000-71d45c000000 rw-p 00000000 00:00 0 
71d45c000000-71d45c5c0000 rw-p 00000000 00:00 0 
71d45c5c0000-71d460000000 ---p 00000000 00:00 0 
71d460000000-71d460021000 rw-p 00000000 00:00 0 
71d460021000-71d464000000 ---p 00000000 00:00 0 
71d464000000-71d464021000 rw-p 00000000 00:00 0 
71d464021000-71d468000000 ---p 00000000 00:00 0 
71d468000000-71d468099000 rw-p 00000000 00:00 0 
71d468099000-71d46c000000 ---p 00000000 00:00 0 
71d46c000000-71d46c0a4000 rw-p 00000000 00:00 0 
71d46c0a4000-71d470000000 ---p 00000000 00:00 0 
71d470000000-71d47053a000 rw-p 00000000 00:00 0 
71d47053a000-71d474000000 ---p 00000000 00:00 0 
71d474000000-71d474009000 rw-s 00000000 00:01 6223                       /memfd:pipewire-memfd:flags=0x0000000f,type=2,size=32832 (deleted)
71d474009000-71d474012000 rw-s 00000000 00:01 6222                       /memfd:pipewire-memfd:flags=0x0000000f,type=2,size=32832 (deleted)
71d474012000-71d474013000 rw-s 00000000 00:01 5156                       /memfd:pipewire-memfd:flags=0x0000000f,type=2,size=2312 (deleted)
71d474013000-71d474014000 rw-s 00000000 00:01 5201                       /memfd:pipewire-memfd:flags=0x0000000f,type=2,size=2312 (deleted)
71d474014000-71d474015000 rw-s 00000000 00:01 96                         /memfd:pipewire-memfd:flags=0x0000000f,type=2,size=2312 (deleted)
71d474015000-71d474016000 rw-s 00000000 00:01 95                         /memfd:pipewire-memfd:flags=0x0000000f,type=2,size=4096 (deleted)
71d474016000-71d47401f000 rw-s 00000000 00:01 3167                       /memfd:pipewire-memfd:flags=0x0000000f,type=2,size=32832 (deleted)
71d47401f000-71d474028000 rw-s 00000000 00:01 3166                       /memfd:pipewire-memfd:flags=0x0000000f,type=2,size=32832 (deleted)
71d474028000-71d474029000 rw-s 00000000 00:01 5156                       /memfd:pipewire-memfd:flags=0x0000000f,type=2,size=2312 (deleted)
71d474029000-71d47402a000 rw-s 00000000 00:01 94                         /memfd:pipewire-memfd:flags=0x0000000f,type=2,size=2312 (deleted)
71d47402a000-71d47402b000 rw-s 00000000 00:01 1109                       /memfd:pipewire-memfd:flags=0x0000000f,type=2,size=2312 (deleted)
71d47402b000-71d47402c000 rw-s 00000000 00:01 91                         /memfd:pipewire-memfd:flags=0x0000000f,type=2,size=4096 (deleted)
71d47402c000-71d474035000 rw-s 00000000 00:01 93                         /memfd:pipewire-memfd:flags=0x0000000f,type=2,size=32832 (deleted)
71d474035000-71d47403e000 rw-s 00000000 00:01 92                         /memfd:pipewire-memfd:flags=0x0000000f,type=2,size=32832 (deleted)
71d47403e000-71d47403f000 rw-s 00000000 00:01 5156                       /memfd:pipewire-memfd:flags=0x0000000f,type=2,size=2312 (deleted)
71d47403f000-71d474040000 rw-s 00000000 00:01 90                         /memfd:pipewire-memfd:flags=0x0000000f,type=2,size=2312 (deleted)
71d474040000-71d474041000 rw-s 00000000 00:01 1108                       /memfd:pipewire-memfd:flags=0x0000000f,type=2,size=2312 (deleted)
71d474041000-71d474042000 rw-s 00000000 00:01 4190                       /memfd:pipewire-memfd:flags=0x0000000f,type=2,size=4096 (deleted)
71d474042000-71d47404b000 rw-s 00000000 00:01 4192                       /memfd:pipewire-memfd:flags=0x0000000f,type=2,size=32832 (deleted)
71d47404b000-71d474054000 rw-s 00000000 00:01 4191                       /memfd:pipewire-memfd:flags=0x0000000f,type=2,size=32832 (deleted)
71d474054000-71d474055000 rw-s 00000000 00:01 5156                       /memfd:pipewire-memfd:flags=0x0000000f,type=2,size=2312 (deleted)
71d474055000-71d474056000 rw-s 00000000 00:01 4189                       /memfd:pipewire-memfd:flags=0x0000000f,type=2,size=2312 (deleted)
71d474056000-71d474057000 rw-s 00000000 00:01 3165                       /memfd:pipewire-memfd:flags=0x0000000f,type=2,size=2312 (deleted)
71d474057000-71d474058000 rw-s 00000000 00:01 89                         /memfd:pipewire-memfd:flags=0x0000000f,type=2,size=4096 (deleted)
71d474058000-71d474061000 rw-s 00000000 00:01 7269                       /memfd:pipewire-memfd:flags=0x0000000f,type=2,size=32832 (deleted)
71d474061000-71d47406a000 rw-s 00000000 00:01 7268                       /memfd:pipewire-memfd:flags=0x0000000f,type=2,size=32832 (deleted)
71d47406a000-71d47406b000 rw-s 00000000 00:01 5156                       /memfd:pipewire-memfd:flags=0x0000000f,type=2,size=2312 (deleted)
71d47406b000-71d47406c000 rw-s 00000000 00:01 88                         /memfd:pipewire-memfd:flags=0x0000000f,type=2,size=2312 (deleted)
71d47406c000-71d47406d000 rw-s 00000000 00:01 6221                       /memfd:pipewire-memfd:flags=0x0000000f,type=2,size=2312 (deleted)
71d47406d000-71d47406e000 rw-s 00000000 00:01 6220                       /memfd:pipewire-memfd:flags=0x0000000f,type=2,size=4096 (deleted)
71d47406e000-71d474077000 rw-s 00000000 00:01 4188                       /memfd:pipewire-memfd:flags=0x0000000f,type=2,size=32832 (deleted)
71d474077000-71d474080000 rw-s 00000000 00:01 4187                       /memfd:pipewire-memfd:flags=0x0000000f,type=2,size=32832 (deleted)
71d474080000-71d474081000 rw-s 00000000 00:01 5156                       /memfd:pipewire-memfd:flags=0x0000000f,type=2,size=2312 (deleted)
71d474081000-71d474082000 rw-s 00000000 00:01 6219                       /memfd:pipewire-memfd:flags=0x0000000f,type=2,size=2312 (deleted)
71d474082000-71d474083000 rw-s 00000000 00:01 87                         /memfd:pipewire-memfd:flags=0x0000000f,type=2,size=2312 (deleted)
71d474083000-71d474084000 rw-s 00000000 00:01 7267                       /memfd:pipewire-memfd:flags=0x0000000f,type=2,size=4096 (deleted)
71d474084000-71d47408d000 rw-s 00000000 00:01 3164                       /memfd:pipewire-memfd:flags=0x0000000f,type=2,size=32832 (deleted)
71d47408d000-71d474096000 rw-s 00000000 00:01 3163                       /memfd:pipewire-memfd:flags=0x0000000f,type=2,size=32832 (deleted)
71d474096000-71d474097000 rw-s 00000000 00:01 5156                       /memfd:pipewire-memfd:flags=0x0000000f,type=2,size=2312 (deleted)
71d474097000-71d474098000 rw-s 00000000 00:01 7266                       /memfd:pipewire-memfd:flags=0x0000000f,type=2,size=2312 (deleted)
71d474098000-71d474099000 rw-s 00000000 00:01 86                         /memfd:pipewire-memfd:flags=0x0000000f,type=2,size=2312 (deleted)
71d474099000-71d47409a000 rw-s 00000000 00:01 4184                       /memfd:pipewire-memfd:flags=0x0000000f,type=2,size=4096 (deleted)
71d47409a000-71d4740a3000 rw-s 00000000 00:01 4186                       /memfd:pipewire-memfd:flags=0x0000000f,type=2,size=32832 (deleted)
71d4740a3000-71d4740ac000 rw-s 00000000 00:01 4185                       /memfd:pipewire-memfd:flags=0x0000000f,type=2,size=32832 (deleted)
71d4740ac000-71d4740ad000 rw-s 00000000 00:01 5156                       /memfd:pipewire-memfd:flags=0x0000000f,type=2,size=2312 (deleted)
71d4740ad000-71d4740ae000 rw-s 00000000 00:01 4183                       /memfd:pipewire-memfd:flags=0x0000000f,type=2,size=2312 (deleted)
71d4740ae000-71d4740af000 rw-s 00000000 00:01 5200                       /memfd:pipewire-memfd:flags=0x0000000f,type=2,size=2312 (deleted)
71d4740af000-71d4740b0000 rw-s 00000000 00:01 1105                       /memfd:pipewire-memfd:flags=0x0000000f,type=2,size=4096 (deleted)
71d4740b0000-71d4740b9000 rw-s 00000000 00:01 1107                       /memfd:pipewire-memfd:flags=0x0000000f,type=2,size=32832 (deleted)
71d4740b9000-71d4740c2000 rw-s 00000000 00:01 1106                       /memfd:pipewire-memfd:flags=0x0000000f,type=2,size=32832 (deleted)
71d4740c2000-71d4740c3000 rw-s 00000000 00:01 5156                       /memfd:pipewire-memfd:flags=0x0000000f,type=2,size=2312 (deleted)
71d4740c3000-71d4740c4000 rw-s 00000000 00:01 1104                       /memfd:pipewire-memfd:flags=0x0000000f,type=2,size=2312 (deleted)
71d4740c4000-71d4740c5000 rw-s 00000000 00:01 3162                       /memfd:pipewire-memfd:flags=0x0000000f,type=2,size=2312 (deleted)
71d4740c5000-71d4740c6000 rw-s 00000000 00:01 3161                       /memfd:pipewire-memfd:flags=0x0000000f,type=2,size=4096 (deleted)
71d4740c6000-71d4740cf000 rw-s 00000000 00:01 7265                       /memfd:pipewire-memfd:flags=0x0000000f,type=2,size=32832 (deleted)
71d4740cf000-71d4740d8000 rw-s 00000000 00:01 7264                       /memfd:pipewire-memfd:flags=0x0000000f,type=2,size=32832 (deleted)
71d4740d8000-71d4740d9000 rw-s 00000000 00:01 5156                       /memfd:pipewire-memfd:flags=0x0000000f,type=2,size=2312 (deleted)
71d4740d9000-71d4740da000 rw-s 00000000 00:01 3160                       /memfd:pipewire-memfd:flags=0x0000000f,type=2,size=2312 (deleted)
71d4740da000-71d4740db000 rw-s 00000000 00:01 4182                       /memfd:pipewire-memfd:flags=0x0000000f,type=2,size=2312 (deleted)
71d4740db000-71d4740dc000 rw-s 00000000 00:01 85                         /memfd:pipewire-memfd:flags=0x0000000f,type=2,size=4096 (deleted)
71d4740dc000-71d4740e5000 rw-s 00000000 00:01 7263                       /memfd:pipewire-memfd:flags=0x0000000f,type=2,size=32832 (deleted)
71d4740e5000-71d4740ee000 rw-s 00000000 00:01 7262                       /memfd:pipewire-memfd:flags=0x0000000f,type=2,size=32832 (deleted)
71d4740ee000-71d4740ef000 rw-s 00000000 00:01 5156                       /memfd:pipewire-memfd:flags=0x0000000f,type=2,size=2312 (deleted)
71d4740ef000-71d4740f0000 rw-s 00000000 00:01 84                         /memfd:pipewire-memfd:flags=0x0000000f,type=2,size=2312 (deleted)
71d4740f0000-71d4740f9000 rw-s 00000000 00:01 2131                       /memfd:pipewire-memfd:flags=0x0000000f,type=2,size=32832 (deleted)
71d4740f9000-71d4740fd000 ---p 00000000 00:00 0 
71d4740fd000-71d4741f9000 rw-p 00000000 00:00 0 
71d4741f9000-71d4741fd000 ---p 00000000 00:00 0 
71d4741fd000-71d4742f9000 rw-p 00000000 00:00 0 
71d4742f9000-71d4742fd000 ---p 00000000 00:00 0 
71d4742fd000-71d4743f9000 rw-p 00000000 00:00 0 
71d4743f9000-71d4743fd000 ---p 00000000 00:00 0 
71d4743fd000-71d4744f9000 rw-p 00000000 00:00 0 
71d4744f9000-71d4744fd000 ---p 00000000 00:00 0 
71d4744fd000-71d4745f9000 rw-p 00000000 00:00 0 
71d4745f9000-71d4745fd000 ---p 00000000 00:00 0 
71d4745fd000-71d4746f9000 rw-p 00000000 00:00 0 
71d4746f9000-71d4746fd000 ---p 00000000 00:00 0 
71d4746fd000-71d4747f9000 rw-p 00000000 00:00 0 
71d4747f9000-71d4747fa000 ---p 00000000 00:00 0 
71d4747fa000-71d474ffa000 rw-p 00000000 00:00 0 
71d474ffa000-71d474ffb000 ---p 00000000 00:00 0 
71d474ffb000-71d4757fb000 rw-p 00000000 00:00 0 
71d4757fb000-71d4757fc000 ---p 00000000 00:00 0 
71d4757fc000-71d475ffc000 rw-p 00000000 00:00 0 
71d475ffc000-71d475ffd000 ---p 00000000 00:00 0 
71d475ffd000-71d4767fd000 rw-p 00000000 00:00 0 
71d4767fd000-71d4767fe000 ---p 00000000 00:00 0 
71d4767fe000-71d476ffe000 rw-p 00000000 00:00 0 
71d476ffe000-71d476fff000 ---p 00000000 00:00 0 
71d476fff000-71d4777ff000 rw-p 00000000 00:00 0 
71d4777ff000-71d477800000 ---p 00000000 00:00 0 
71d477800000-71d478000000 rw-p 00000000 00:00 0 
71d478000000-71d4780a9000 rw-p 00000000 00:00 0 
71d4780a9000-71d47c000000 ---p 00000000 00:00 0 
71d47c000000-71d47c931000 rw-p 00000000 00:00 0 
71d47c931000-71d480000000 ---p 00000000 00:00 0 
71d480000000-71d480521000 rw-p 00000000 00:00 0 
71d480521000-71d484000000 ---p 00000000 00:00 0 
71d484000000-71d487d23000 rw-p 00000000 00:00 0 
71d487d23000-71d488000000 ---p 00000000 00:00 0 
71d488000000-71d48944e000 rw-p 00000000 00:00 0 
71d48944e000-71d48c000000 ---p 00000000 00:00 0 
71d48c000000-71d48c02d000 rw-p 00000000 00:00 0 
71d48c02d000-71d490000000 ---p 00000000 00:00 0 
71d490000000-71d490536000 rw-p 00000000 00:00 0 
71d490536000-71d494000000 ---p 00000000 00:00 0 
71d494000000-71d494021000 rw-p 00000000 00:00 0 
71d494021000-71d498000000 ---p 00000000 00:00 0 
71d498000000-71d49802e000 rw-p 00000000 00:00 0 
71d49802e000-71d49c000000 ---p 00000000 00:00 0 
71d49c000000-71d49c09b000 rw-p 00000000 00:00 0 
71d49c09b000-71d4a0000000 ---p 00000000 00:00 0 
71d4a0000000-71d4a0529000 rw-p 00000000 00:00 0 
71d4a0529000-71d4a4000000 ---p 00000000 00:00 0 
71d4a4000000-71d4a4021000 rw-p 00000000 00:00 0 
71d4a4021000-71d4a8000000 ---p 00000000 00:00 0 
71d4a8000000-71d4a8021000 rw-p 00000000 00:00 0 
71d4a8021000-71d4ac000000 ---p 00000000 00:00 0 
71d4ac000000-71d4acd87000 rw-p 00000000 00:00 0 
71d4acd87000-71d4b0000000 ---p 00000000 00:00 0 
71d4b0000000-71d4b090f000 rw-p 00000000 00:00 0 
71d4b090f000-71d4b4000000 ---p 00000000 00:00 0 
71d4b4000000-71d4b4021000 rw-p 00000000 00:00 0 
71d4b4021000-71d4b8000000 ---p 00000000 00:00 0 
71d4b8000000-71d4b809e000 rw-p 00000000 00:00 0 
71d4b809e000-71d4bc000000 ---p 00000000 00:00 0 
71d4bc000000-71d4bc001000 rw-s 00000000 00:01 3159                       /memfd:pipewire-memfd:flags=0x0000000f,type=2,size=2312 (deleted)
71d4bc001000-71d4bc002000 rw-s 00000000 00:01 2129                       /memfd:pipewire-memfd:flags=0x0000000f,type=2,size=4096 (deleted)
71d4bc002000-71d4bc00b000 rw-s 00000000 00:01 2130                       /memfd:pipewire-memfd:flags=0x0000000f,type=2,size=32832 (deleted)
71d4bc00b000-71d4bc00c000 rw-s 00000000 00:01 5156                       /memfd:pipewire-memfd:flags=0x0000000f,type=2,size=2312 (deleted)
71d4bc00c000-71d4bc00d000 rw-s 00000000 00:01 2128                       /memfd:pipewire-memfd:flags=0x0000000f,type=2,size=2312 (deleted)
71d4bc00d000-71d4bc00e000 rw-s 00000000 00:01 1103                       /memfd:pipewire-memfd:flags=0x0000000f,type=2,size=2312 (deleted)
71d4bc00e000-71d4bc00f000 rw-s 00000000 00:01 83                         /memfd:pipewire-memfd:flags=0x0000000f,type=2,size=4096 (deleted)
71d4bc00f000-71d4bc018000 rw-s 00000000 00:01 6218                       /memfd:pipewire-memfd:flags=0x0000000f,type=2,size=32832 (deleted)
71d4bc018000-71d4bc021000 rw-s 00000000 00:01 6217                       /memfd:pipewire-memfd:flags=0x0000000f,type=2,size=32832 (deleted)
71d4bc021000-71d4bc022000 rw-s 00000000 00:01 5156                       /memfd:pipewire-memfd:flags=0x0000000f,type=2,size=2312 (deleted)
71d4bc022000-71d4bc023000 rw-s 00000000 00:01 82                         /memfd:pipewire-memfd:flags=0x0000000f,type=2,size=2312 (deleted)
71d4bc023000-71d4bc024000 rw-s 00000000 00:01 4181                       /memfd:pipewire-memfd:flags=0x0000000f,type=2,size=2312 (deleted)
71d4bc024000-71d4bc025000 rw-s 00000000 00:01 1100                       /memfd:pipewire-memfd:flags=0x0000000f,type=2,size=4096 (deleted)
71d4bc025000-71d4bc02e000 rw-s 00000000 00:01 1102                       /memfd:pipewire-memfd:flags=0x0000000f,type=2,size=32832 (deleted)
71d4bc02e000-71d4bc037000 rw-s 00000000 00:01 1101                       /memfd:pipewire-memfd:flags=0x0000000f,type=2,size=32832 (deleted)
71d4bc037000-71d4bc038000 rw-s 00000000 00:01 5156                       /memfd:pipewire-memfd:flags=0x0000000f,type=2,size=2312 (deleted)
71d4bc038000-71d4bc039000 rw-s 00000000 00:01 1099                       /memfd:pipewire-memfd:flags=0x0000000f,type=2,size=2312 (deleted)
71d4bc039000-71d4bc03a000 rw-s 00000000 00:01 7261                       /memfd:pipewire-memfd:flags=0x0000000f,type=2,size=2312 (deleted)
71d4bc03a000-71d4bc03b000 rw-s 00000000 00:01 2127                       /memfd:pipewire-memfd:flags=0x0000000f,type=2,size=4096 (deleted)
71d4bc03b000-71d4bc044000 rw-s 00000000 00:01 81                         /memfd:pipewire-memfd:flags=0x0000000f,type=2,size=32832 (deleted)
71d4bc044000-71d4bc04d000 rw-s 00000000 00:01 80                         /memfd:pipewire-memfd:flags=0x0000000f,type=2,size=32832 (deleted)
71d4bc04d000-71d4bc04e000 rw-s 00000000 00:01 5156                       /memfd:pipewire-memfd:flags=0x0000000f,type=2,size=2312 (deleted)
71d4bc04e000-71d4bc04f000 rw-s 00000000 00:01 2126                       /memfd:pipewire-memfd:flags=0x0000000f,type=2,size=2312 (deleted)
71d4bc04f000-71d4bc050000 rw-s 00000000 00:01 4180                       /memfd:pipewire-memfd:flags=0x0000000f,type=2,size=2312 (deleted)
71d4bc050000-71d4bc051000 rw-s 00000000 00:01 2125                       /memfd:pipewire-memfd:flags=0x0000000f,type=2,size=4096 (deleted)
71d4bc051000-71d4bc05a000 rw-s 00000000 00:01 5199                       /memfd:pipewire-memfd:flags=0x0000000f,type=2,size=32832 (deleted)
71d4bc05a000-71d4bc063000 rw-s 00000000 00:01 5198                       /memfd:pipewire-memfd:flags=0x0000000f,type=2,size=32832 (deleted)
71d4bc063000-71d4bc064000 rw-s 00000000 00:01 5156                       /memfd:pipewire-memfd:flags=0x0000000f,type=2,size=2312 (deleted)
71d4bc064000-71d4bc065000 rw-s 00000000 00:01 2124                       /memfd:pipewire-memfd:flags=0x0000000f,type=2,size=2312 (deleted)
71d4bc065000-71d4bc066000 rw-s 00000000 00:01 6216                       /memfd:pipewire-memfd:flags=0x0000000f,type=2,size=2312 (deleted)
71d4bc066000-71d4bc067000 rw-s 00000000 00:01 5197                       /memfd:pipewire-memfd:flags=0x0000000f,type=2,size=4096 (deleted)
71d4bc067000-71d4bc070000 rw-s 00000000 00:01 2123                       /memfd:pipewire-memfd:flags=0x0000000f,type=2,size=32832 (deleted)
71d4bc070000-71d4bc079000 rw-s 00000000 00:01 2122                       /memfd:pipewire-memfd:flags=0x0000000f,type=2,size=32832 (deleted)
71d4bc079000-71d4bc07a000 rw-s 00000000 00:01 5156                       /memfd:pipewire-memfd:flags=0x0000000f,type=2,size=2312 (deleted)
71d4bc07a000-71d4bc07b000 rw-s 00000000 00:01 5196                       /memfd:pipewire-memfd:flags=0x0000000f,type=2,size=2312 (deleted)
71d4bc07b000-71d4bc07c000 rw-s 00000000 00:01 6215                       /memfd:pipewire-memfd:flags=0x0000000f,type=2,size=2312 (deleted)
71d4bc07c000-71d4bc07d000 rw-s 00000000 00:01 79                         /memfd:pipewire-memfd:flags=0x0000000f,type=2,size=4096 (deleted)
71d4bc07d000-71d4bc086000 rw-s 00000000 00:01 7260                       /memfd:pipewire-memfd:flags=0x0000000f,type=2,size=32832 (deleted)
71d4bc086000-71d4bc08f000 rw-s 00000000 00:01 7259                       /memfd:pipewire-memfd:flags=0x0000000f,type=2,size=32832 (deleted)
71d4bc08f000-71d4bc090000 rw-s 00000000 00:01 5156                       /memfd:pipewire-memfd:flags=0x0000000f,type=2,size=2312 (deleted)
71d4bc090000-71d4bc091000 rw-s 00000000 00:01 78                         /memfd:pipewire-memfd:flags=0x0000000f,type=2,size=2312 (deleted)
71d4bc091000-71d4bc092000 rw-s 00000000 00:01 7258                       /memfd:pipewire-memfd:flags=0x0000000f,type=2,size=2312 (deleted)
71d4bc092000-71d4bc093000 rw-s 00000000 00:01 3158                       /memfd:pipewire-memfd:flags=0x0000000f,type=2,size=4096 (deleted)
71d4bc093000-71d4bc09c000 rw-s 00000000 00:01 7257                       /memfd:pipewire-memfd:flags=0x0000000f,type=2,size=32832 (deleted)
71d4bc09c000-71d4bc0a5000 rw-s 00000000 00:01 7256                       /memfd:pipewire-memfd:flags=0x0000000f,type=2,size=32832 (deleted)
71d4bc0a5000-71d4bc0a6000 rw-s 00000000 00:01 5156                       /memfd:pipewire-memfd:flags=0x0000000f,type=2,size=2312 (deleted)
71d4bc0a6000-71d4bc0a7000 rw-s 00000000 00:01 3157                       /memfd:pipewire-memfd:flags=0x0000000f,type=2,size=2312 (deleted)
71d4bc0a7000-71d4bc0a8000 rw-s 00000000 00:01 2121                       /memfd:pipewire-memfd:flags=0x0000000f,type=2,size=2312 (deleted)
71d4bc0a8000-71d4bc0a9000 rw-s 00000000 00:01 5195                       /memfd:pipewire-memfd:flags=0x0000000f,type=2,size=4096 (deleted)
71d4bc0a9000-71d4bc0b2000 rw-s 00000000 00:01 4179                       /memfd:pipewire-memfd:flags=0x0000000f,type=2,size=32832 (deleted)
71d4bc0b2000-71d4bc0bb000 rw-s 00000000 00:01 4178                       /memfd:pipewire-memfd:flags=0x0000000f,type=2,size=32832 (deleted)
71d4bc0bb000-71d4bc0bc000 rw-s 00000000 00:01 5156                       /memfd:pipewire-memfd:flags=0x0000000f,type=2,size=2312 (deleted)
71d4bc0bc000-71d4bc0bd000 rw-s 00000000 00:01 5194                       /memfd:pipewire-memfd:flags=0x0000000f,type=2,size=2312 (deleted)
71d4bc0bd000-71d4bc0be000 rw-s 00000000 00:01 4177                       /memfd:pipewire-memfd:flags=0x0000000f,type=2,size=2312 (deleted)
71d4bc0be000-71d4bc0bf000 rw-s 00000000 00:01 4176                       /memfd:pipewire-memfd:flags=0x0000000f,type=2,size=4096 (deleted)
71d4bc0bf000-71d4bc0c8000 rw-s 00000000 00:01 2120                       /memfd:pipewire-memfd:flags=0x0000000f,type=2,size=32832 (deleted)
71d4bc0c8000-71d4bc0d1000 rw-s 00000000 00:01 2119                       /memfd:pipewire-memfd:flags=0x0000000f,type=2,size=32832 (deleted)
71d4bc0d1000-71d4bc0d2000 rw-s 00000000 00:01 5156                       /memfd:pipewire-memfd:flags=0x0000000f,type=2,size=2312 (deleted)
71d4bc0d2000-71d4bc0d3000 rw-s 00000000 00:01 4175                       /memfd:pipewire-memfd:flags=0x0000000f,type=2,size=2312 (deleted)
71d4bc0d3000-71d4bc0d4000 rw-s 00000000 00:01 1098                       /memfd:pipewire-memfd:flags=0x0000000f,type=2,size=2312 (deleted)
71d4bc0d4000-71d4bc0d5000 rw-s 00000000 00:01 2116                       /memfd:pipewire-memfd:flags=0x0000000f,type=2,size=4096 (deleted)
71d4bc0d5000-71d4bc0de000 rw-s 00000000 00:01 2118                       /memfd:pipewire-memfd:flags=0x0000000f,type=2,size=32832 (deleted)
71d4bc0de000-71d4bc0e7000 rw-s 00000000 00:01 2117                       /memfd:pipewire-memfd:flags=0x0000000f,type=2,size=32832 (deleted)
71d4bc0e7000-71d4bc0e8000 rw-s 00000000 00:01 5156                       /memfd:pipewire-memfd:flags=0x0000000f,type=2,size=2312 (deleted)
71d4bc0e8000-71d4bc0e9000 rw-s 00000000 00:01 2115                       /memfd:pipewire-memfd:flags=0x0000000f,type=2,size=2312 (deleted)
71d4bc0e9000-71d4bc0ea000 rw-s 00000000 00:01 4174                       /memfd:pipewire-memfd:flags=0x0000000f,type=2,size=2312 (deleted)
71d4bc0ea000-71d4bc0eb000 rw-s 00000000 00:01 6214                       /memfd:pipewire-memfd:flags=0x0000000f,type=2,size=4096 (deleted)
71d4bc0eb000-71d4bc0f4000 rw-s 00000000 00:01 77                         /memfd:pipewire-memfd:flags=0x0000000f,type=2,size=32832 (deleted)
71d4bc0f4000-71d4bc0fd000 rw-s 00000000 00:01 76                         /memfd:pipewire-memfd:flags=0x0000000f,type=2,size=32832 (deleted)
71d4bc0fd000-71d4bc0fe000 rw-s 00000000 00:01 5156                       /memfd:pipewire-memfd:flags=0x0000000f,type=2,size=2312 (deleted)
71d4bc0fe000-71d4bc0ff000 rw-s 00000000 00:01 6213                       /memfd:pipewire-memfd:flags=0x0000000f,type=2,size=2312 (deleted)
71d4bc0ff000-71d4bc100000 rw-s 00000000 00:01 3156                       /memfd:pipewire-memfd:flags=0x0000000f,type=2,size=2312 (deleted)
71d4bc100000-71d4bc104000 ---p 00000000 00:00 0 
71d4bc104000-71d4bc200000 rw-p 00000000 00:00 0 
71d4bc200000-71d4bc209000 rw-s 00000000 00:01 6212                       /memfd:pipewire-memfd:flags=0x0000000f,type=2,size=32832 (deleted)
71d4bc209000-71d4bc212000 rw-s 00000000 00:01 6211                       /memfd:pipewire-memfd:flags=0x0000000f,type=2,size=32832 (deleted)
71d4bc212000-71d4bc216000 ---p 00000000 00:00 0 
71d4bc216000-71d4bc312000 rw-p 00000000 00:00 0 
71d4bc312000-71d4bc31b000 rw-s 00000000 00:01 5193                       /memfd:pipewire-memfd:flags=0x0000000f,type=2,size=32832 (deleted)
71d4bc31b000-71d4bc324000 rw-s 00000000 00:01 5192                       /memfd:pipewire-memfd:flags=0x0000000f,type=2,size=32832 (deleted)
71d4bc324000-71d4bc328000 ---p 00000000 00:00 0 
71d4bc328000-71d4bc424000 rw-p 00000000 00:00 0 
71d4bc424000-71d4bc42d000 rw-s 00000000 00:01 1094                       /memfd:pipewire-memfd:flags=0x0000000f,type=2,size=32832 (deleted)
71d4bc42d000-71d4bc436000 rw-s 00000000 00:01 1093                       /memfd:pipewire-memfd:flags=0x0000000f,type=2,size=32832 (deleted)
71d4bc436000-71d4bc43a000 ---p 00000000 00:00 0 
71d4bc43a000-71d4bc536000 rw-p 00000000 00:00 0 
71d4bc536000-71d4bc53f000 rw-s 00000000 00:01 3153                       /memfd:pipewire-memfd:flags=0x0000000f,type=2,size=32832 (deleted)
71d4bc53f000-71d4bc548000 rw-s 00000000 00:01 3152                       /memfd:pipewire-memfd:flags=0x0000000f,type=2,size=32832 (deleted)
71d4bc548000-71d4bc54c000 ---p 00000000 00:00 0 
71d4bc54c000-71d4bc648000 rw-p 00000000 00:00 0 
71d4bc648000-71d4bc651000 rw-s 00000000 00:01 4171                       /memfd:pipewire-memfd:flags=0x0000000f,type=2,size=32832 (deleted)
71d4bc651000-71d4bc65a000 rw-s 00000000 00:01 4170                       /memfd:pipewire-memfd:flags=0x0000000f,type=2,size=32832 (deleted)
71d4bc65a000-71d4bc65e000 ---p 00000000 00:00 0 
71d4bc65e000-71d4bc75a000 rw-p 00000000 00:00 0 
71d4bc75a000-71d4bc763000 rw-s 00000000 00:01 1092                       /memfd:pipewire-memfd:flags=0x0000000f,type=2,size=32832 (deleted)
71d4bc763000-71d4bc76c000 rw-s 00000000 00:01 1091                       /memfd:pipewire-memfd:flags=0x0000000f,type=2,size=32832 (deleted)
71d4bc76c000-71d4bc76d000 ---p 00000000 00:00 0 
71d4bc76d000-71d4bcf6d000 rw-p 00000000 00:00 0 
71d4bcf6d000-71d4bcf76000 rw-s 00000000 00:01 4168                       /memfd:pipewire-memfd:flags=0x0000000f,type=2,size=32832 (deleted)
71d4bcf76000-71d4bcf7f000 rw-s 00000000 00:01 4167                       /memfd:pipewire-memfd:flags=0x0000000f,type=2,size=32832 (deleted)
71d4bcf7f000-71d4bcf90000 r--p 00000000 103:05 1050771                   /usr/lib/x86_64-linux-gnu/spa-0.2/audioconvert/libspa-audioconvert.so
71d4bcf90000-71d4bcfd8000 r-xp 00011000 103:05 1050771                   /usr/lib/x86_64-linux-gnu/spa-0.2/audioconvert/libspa-audioconvert.so
71d4bcfd8000-71d4bcfec000 r--p 00059000 103:05 1050771                   /usr/lib/x86_64-linux-gnu/spa-0.2/audioconvert/libspa-audioconvert.so
71d4bcfec000-71d4bcffa000 r--p 0006c000 103:05 1050771                   /usr/lib/x86_64-linux-gnu/spa-0.2/audioconvert/libspa-audioconvert.so
71d4bcffa000-71d4bcffc000 rw-p 0007a000 103:05 1050771                   /usr/lib/x86_64-linux-gnu/spa-0.2/audioconvert/libspa-audioconvert.so
71d4bcffc000-71d4bcffd000 ---p 00000000 00:00 0 
71d4bcffd000-71d4bd7fd000 rw-p 00000000 00:00 0 
71d4bd7fd000-71d4bd7fe000 ---p 00000000 00:00 0 
71d4bd7fe000-71d4bdffe000 rw-p 00000000 00:00 0 
71d4bdffe000-71d4be002000 r--p 00000000 103:05 921641                    /usr/lib/x86_64-linux-gnu/pipewire-0.3/libpipewire-module-session-manager.so
71d4be002000-71d4be01f000 r-xp 00004000 103:05 921641                    /usr/lib/x86_64-linux-gnu/pipewire-0.3/libpipewire-module-session-manager.so
71d4be01f000-71d4be024000 r--p 00021000 103:05 921641                    /usr/lib/x86_64-linux-gnu/pipewire-0.3/libpipewire-module-session-manager.so
71d4be024000-71d4be026000 r--p 00026000 103:05 921641                    /usr/lib/x86_64-linux-gnu/pipewire-0.3/libpipewire-module-session-manager.so
71d4be026000-71d4be027000 rw-p 00028000 103:05 921641                    /usr/lib/x86_64-linux-gnu/pipewire-0.3/libpipewire-module-session-manager.so
71d4be027000-71d4be029000 r--p 00000000 103:05 918794                    /usr/lib/x86_64-linux-gnu/pipewire-0.3/libpipewire-module-metadata.so
71d4be029000-71d4be031000 r-xp 00002000 103:05 918794                    /usr/lib/x86_64-linux-gnu/pipewire-0.3/libpipewire-module-metadata.so
71d4be031000-71d4be032000 r--p 0000a000 103:05 918794                    /usr/lib/x86_64-linux-gnu/pipewire-0.3/libpipewire-module-metadata.so
71d4be032000-71d4be033000 r--p 0000b000 103:05 918794                    /usr/lib/x86_64-linux-gnu/pipewire-0.3/libpipewire-module-metadata.so
71d4be033000-71d4be034000 rw-p 0000c000 103:05 918794                    /usr/lib/x86_64-linux-gnu/pipewire-0.3/libpipewire-module-metadata.so
71d4be034000-71d4be03e000 r--p 00000000 103:05 918782                    /usr/lib/x86_64-linux-gnu/pipewire-0.3/libpipewire-module-adapter.so
71d4be03e000-71d4be049000 r-xp 0000a000 103:05 918782                    /usr/lib/x86_64-linux-gnu/pipewire-0.3/libpipewire-module-adapter.so
71d4be049000-71d4be04f000 r--p 00015000 103:05 918782                    /usr/lib/x86_64-linux-gnu/pipewire-0.3/libpipewire-module-adapter.so
71d4be04f000-71d4be058000 r--p 0001b000 103:05 918782                    /usr/lib/x86_64-linux-gnu/pipewire-0.3/libpipewire-module-adapter.so
71d4be058000-71d4be059000 rw-p 00024000 103:05 918782                    /usr/lib/x86_64-linux-gnu/pipewire-0.3/libpipewire-module-adapter.so
71d4be059000-71d4be065000 r--p 00000000 103:05 918785                    /usr/lib/x86_64-linux-gnu/pipewire-0.3/libpipewire-module-client-node.so
71d4be065000-71d4be086000 r-xp 0000c000 103:05 918785                    /usr/lib/x86_64-linux-gnu/pipewire-0.3/libpipewire-module-client-node.so
71d4be086000-71d4be090000 r--p 0002d000 103:05 918785                    /usr/lib/x86_64-linux-gnu/pipewire-0.3/libpipewire-module-client-node.so
71d4be090000-71d4be09a000 r--p 00037000 103:05 918785                    /usr/lib/x86_64-linux-gnu/pipewire-0.3/libpipewire-module-client-node.so
71d4be09a000-71d4be09b000 rw-p 00041000 103:05 918785                    /usr/lib/x86_64-linux-gnu/pipewire-0.3/libpipewire-module-client-node.so
71d4be09b000-71d4be09d000 r--p 00000000 103:05 933484                    /usr/lib/x86_64-linux-gnu/libpcre2-8.so.0.11.2
71d4be09d000-71d4be10b000 r-xp 00002000 103:05 933484                    /usr/lib/x86_64-linux-gnu/libpcre2-8.so.0.11.2
71d4be10b000-71d4be133000 r--p 00070000 103:05 933484                    /usr/lib/x86_64-linux-gnu/libpcre2-8.so.0.11.2
71d4be133000-71d4be134000 r--p 00097000 103:05 933484                    /usr/lib/x86_64-linux-gnu/libpcre2-8.so.0.11.2
71d4be134000-71d4be135000 rw-p 00098000 103:05 933484                    /usr/lib/x86_64-linux-gnu/libpcre2-8.so.0.11.2
71d4be135000-71d4be13b000 r--p 00000000 103:05 933566                    /usr/lib/x86_64-linux-gnu/libselinux.so.1
71d4be13b000-71d4be158000 r-xp 00006000 103:05 933566                    /usr/lib/x86_64-linux-gnu/libselinux.so.1
71d4be158000-71d4be15e000 r--p 00023000 103:05 933566                    /usr/lib/x86_64-linux-gnu/libselinux.so.1
71d4be15e000-71d4be15f000 r--p 00029000 103:05 933566                    /usr/lib/x86_64-linux-gnu/libselinux.so.1
71d4be15f000-71d4be160000 rw-p 0002a000 103:05 933566                    /usr/lib/x86_64-linux-gnu/libselinux.so.1
71d4be160000-71d4be162000 rw-p 00000000 00:00 0 
71d4be162000-71d4be175000 r--p 00000000 103:05 921620                    /usr/lib/x86_64-linux-gnu/pipewire-0.3/libpipewire-module-protocol-native.so
71d4be175000-71d4be194000 r-xp 00013000 103:05 921620                    /usr/lib/x86_64-linux-gnu/pipewire-0.3/libpipewire-module-protocol-native.so
71d4be194000-71d4be19f000 r--p 00032000 103:05 921620                    /usr/lib/x86_64-linux-gnu/pipewire-0.3/libpipewire-module-protocol-native.so
71d4be19f000-71d4be1af000 r--p 0003c000 103:05 921620                    /usr/lib/x86_64-linux-gnu/pipewire-0.3/libpipewire-module-protocol-native.so
71d4be1af000-71d4be1b0000 rw-p 0004c000 103:05 921620                    /usr/lib/x86_64-linux-gnu/pipewire-0.3/libpipewire-module-protocol-native.so
71d4be1b0000-71d4be1b1000 ---p 00000000 00:00 0 
71d4be1b1000-71d4be9b1000 rw-p 00000000 00:00 0 
71d4be9b1000-71d4be9bd000 r--p 00000000 103:05 933062                    /usr/lib/x86_64-linux-gnu/libdbus-1.so.3.32.4
71d4be9bd000-71d4be9ed000 r-xp 0000c000 103:05 933062                    /usr/lib/x86_64-linux-gnu/libdbus-1.so.3.32.4
71d4be9ed000-71d4be9fe000 r--p 0003c000 103:05 933062                    /usr/lib/x86_64-linux-gnu/libdbus-1.so.3.32.4
71d4be9fe000-71d4be9ff000 r--p 0004c000 103:05 933062                    /usr/lib/x86_64-linux-gnu/libdbus-1.so.3.32.4
71d4be9ff000-71d4bea00000 rw-p 0004d000 103:05 933062                    /usr/lib/x86_64-linux-gnu/libdbus-1.so.3.32.4
71d4bea00000-71d4bea01000 rw-s 00000000 00:01 6210                       /memfd:pipewire-memfd:flags=0x0000000f,type=2,size=4096 (deleted)
71d4bea01000-71d4bea02000 rw-s 00000000 00:01 5156                       /memfd:pipewire-memfd:flags=0x0000000f,type=2,size=2312 (deleted)
71d4bea02000-71d4bea03000 rw-s 00000000 00:01 6209                       /memfd:pipewire-memfd:flags=0x0000000f,type=2,size=2312 (deleted)
71d4bea03000-71d4bea04000 rw-s 00000000 00:01 7255                       /memfd:pipewire-memfd:flags=0x0000000f,type=2,size=2312 (deleted)
71d4bea04000-71d4bea06000 r--p 00000000 103:05 918784                    /usr/lib/x86_64-linux-gnu/pipewire-0.3/libpipewire-module-client-device.so
71d4bea06000-71d4bea0f000 r-xp 00002000 103:05 918784                    /usr/lib/x86_64-linux-gnu/pipewire-0.3/libpipewire-module-client-device.so
71d4bea0f000-71d4bea10000 r--p 0000b000 103:05 918784                    /usr/lib/x86_64-linux-gnu/pipewire-0.3/libpipewire-module-client-device.so
71d4bea10000-71d4bea11000 r--p 0000c000 103:05 918784                    /usr/lib/x86_64-linux-gnu/pipewire-0.3/libpipewire-module-client-device.so
71d4bea11000-71d4bea12000 rw-p 0000d000 103:05 918784                    /usr/lib/x86_64-linux-gnu/pipewire-0.3/libpipewire-module-client-device.so
71d4bea12000-71d4bea16000 r--p 00000000 103:05 933751                    /usr/lib/x86_64-linux-gnu/libzstd.so.1.5.5
71d4bea16000-71d4beabd000 r-xp 00004000 103:05 933751                    /usr/lib/x86_64-linux-gnu/libzstd.so.1.5.5
71d4beabd000-71d4beaca000 r--p 000ab000 103:05 933751                    /usr/lib/x86_64-linux-gnu/libzstd.so.1.5.5
71d4beaca000-71d4beacb000 r--p 000b7000 103:05 933751                    /usr/lib/x86_64-linux-gnu/libzstd.so.1.5.5
71d4beacb000-71d4beacc000 rw-p 000b8000 103:05 933751                    /usr/lib/x86_64-linux-gnu/libzstd.so.1.5.5
71d4beacc000-71d4beadb000 r--p 00000000 103:05 920869                    /usr/lib/x86_64-linux-gnu/libgcrypt.so.20.4.3
71d4beadb000-71d4bebcf000 r-xp 0000f000 103:05 920869                    /usr/lib/x86_64-linux-gnu/libgcrypt.so.20.4.3
71d4bebcf000-71d4bec0a000 r--p 00103000 103:05 920869                    /usr/lib/x86_64-linux-gnu/libgcrypt.so.20.4.3
71d4bec0a000-71d4bec0f000 r--p 0013e000 103:05 920869                    /usr/lib/x86_64-linux-gnu/libgcrypt.so.20.4.3
71d4bec0f000-71d4bec13000 rw-p 00143000 103:05 920869                    /usr/lib/x86_64-linux-gnu/libgcrypt.so.20.4.3
71d4bec13000-71d4bec14000 rw-p 00000000 00:00 0 
71d4bec14000-71d4bec2a000 r--p 00000000 103:05 918075                    /usr/lib/x86_64-linux-gnu/libsystemd.so.0.38.0
71d4bec2a000-71d4becb9000 r-xp 00016000 103:05 918075                    /usr/lib/x86_64-linux-gnu/libsystemd.so.0.38.0
71d4becb9000-71d4bece7000 r--p 000a5000 103:05 918075                    /usr/lib/x86_64-linux-gnu/libsystemd.so.0.38.0
71d4bece7000-71d4becf2000 r--p 000d2000 103:05 918075                    /usr/lib/x86_64-linux-gnu/libsystemd.so.0.38.0
71d4becf2000-71d4becf3000 rw-p 000dd000 103:05 918075                    /usr/lib/x86_64-linux-gnu/libsystemd.so.0.38.0
71d4becf3000-71d4becf4000 rw-p 00000000 00:00 0 
71d4becf4000-71d4bed27000 r--p 00000000 103:05 917635                    /usr/lib/x86_64-linux-gnu/libpipewire-0.3.so.0.1005.0
71d4bed27000-71d4bed8e000 r-xp 00033000 103:05 917635                    /usr/lib/x86_64-linux-gnu/libpipewire-0.3.so.0.1005.0
71d4bed8e000-71d4beda7000 r--p 0009a000 103:05 917635                    /usr/lib/x86_64-linux-gnu/libpipewire-0.3.so.0.1005.0
71d4beda7000-71d4bedd2000 r--p 000b2000 103:05 917635                    /usr/lib/x86_64-linux-gnu/libpipewire-0.3.so.0.1005.0
71d4bedd2000-71d4bedd3000 rw-p 000dd000 103:05 917635                    /usr/lib/x86_64-linux-gnu/libpipewire-0.3.so.0.1005.0
71d4bedd3000-71d4bedd4000 rw-p 00000000 00:00 0 
71d4bedd4000-71d4bedff000 r--p 00000000 103:05 920192                    /usr/lib/x86_64-linux-gnu/libasound.so.2.0.0
71d4bedff000-71d4bee9e000 r-xp 0002b000 103:05 920192                    /usr/lib/x86_64-linux-gnu/libasound.so.2.0.0
71d4bee9e000-71d4beed6000 r--p 000ca000 103:05 920192                    /usr/lib/x86_64-linux-gnu/libasound.so.2.0.0
71d4beed6000-71d4beedd000 r--p 00101000 103:05 920192                    /usr/lib/x86_64-linux-gnu/libasound.so.2.0.0
71d4beedd000-71d4beede000 rw-p 00108000 103:05 920192                    /usr/lib/x86_64-linux-gnu/libasound.so.2.0.0
71d4beede000-71d4bf0fa000 rw-s 00000000 00:01 57                         /SYSV00000000 (deleted)
71d4bf0fa000-71d4bf0fe000 ---p 00000000 00:00 0 
71d4bf0fe000-71d4bf1fa000 rw-p 00000000 00:00 0 
71d4bf1fa000-71d4bf1fb000 ---p 00000000 00:00 0 
71d4bf1fb000-71d4bf2fb000 rw-p 00000000 00:00 0 
71d4bf2fb000-71d4bf2fc000 ---p 00000000 00:00 0 
71d4bf2fc000-71d4bf3fc000 rw-p 00000000 00:00 0 
71d4bf3fc000-71d4bf400000 ---p 00000000 00:00 0 
71d4bf400000-71d4bf4fc000 rw-p 00000000 00:00 0 
71d4bf4fc000-71d4bf500000 ---p 00000000 00:00 0 
71d4bf500000-71d4bf5fc000 rw-p 00000000 00:00 0 
71d4bf5fc000-71d4bf600000 ---p 00000000 00:00 0 
71d4bf600000-71d4bf6fc000 rw-p 00000000 00:00 0 
71d4bf6fc000-71d4bf700000 ---p 00000000 00:00 0 
71d4bf700000-71d4bf7fc000 rw-p 00000000 00:00 0 
71d4bf7fc000-71d4bf800000 ---p 00000000 00:00 0 
71d4bf800000-71d4bf8fc000 rw-p 00000000 00:00 0 
71d4bf8fc000-71d4bf900000 ---p 00000000 00:00 0 
71d4bf900000-71d4bf9fc000 rw-p 00000000 00:00 0 
71d4bf9fc000-71d4bf9fd000 ---p 00000000 00:00 0 
71d4bf9fd000-71d4bfafd000 rw-p 00000000 00:00 0 
71d4bfafd000-71d4bfb01000 ---p 00000000 00:00 0 
71d4bfb01000-71d4bfbfd000 rw-p 00000000 00:00 0 
71d4bfbfd000-71d4bfbfe000 ---p 00000000 00:00 0 
71d4bfbfe000-71d4bfcfe000 rw-p 00000000 00:00 0 
71d4bfcfe000-71d4bfcff000 ---p 00000000 00:00 0 
71d4bfcff000-71d4bfdff000 rw-p 00000000 00:00 0 
71d4bfdff000-71d4bfe03000 ---p 00000000 00:00 0 
71d4bfe03000-71d4bfeff000 rw-p 00000000 00:00 0 
71d4bfeff000-71d4bff00000 ---p 00000000 00:00 0 
71d4bff00000-71d4c0000000 rw-p 00000000 00:00 0 
71d4c0000000-71d4c0021000 rw-p 00000000 00:00 0 
71d4c0021000-71d4c4000000 ---p 00000000 00:00 0 
71d4c4000000-71d4c4021000 rw-p 00000000 00:00 0 
71d4c4021000-71d4c8000000 ---p 00000000 00:00 0 
71d4c8000000-71d4c8021000 rw-p 00000000 00:00 0 
71d4c8021000-71d4cc000000 ---p 00000000 00:00 0 
71d4cc000000-71d4cc520000 rw-p 00000000 00:00 0 
71d4cc520000-71d4d0000000 ---p 00000000 00:00 0 
71d4d0000000-71d4d0167000 rw-p 00000000 00:00 0 
71d4d0167000-71d4d4000000 ---p 00000000 00:00 0 
71d4d4000000-71d4d4021000 rw-p 00000000 00:00 0 
71d4d4021000-71d4d8000000 ---p 00000000 00:00 0 
71d4d8000000-71d4d86d9000 rw-p 00000000 00:00 0 
71d4d86d9000-71d4dc000000 ---p 00000000 00:00 0 
71d4dc000000-71d4dc533000 rw-p 00000000 00:00 0 
71d4dc533000-71d4e0000000 ---p 00000000 00:00 0 
71d4e0000000-71d4e0021000 rw-p 00000000 00:00 0 
71d4e0021000-71d4e4000000 ---p 00000000 00:00 0 
71d4e4000000-71d4e69ad000 rw-p 00000000 00:00 0 
71d4e69ad000-71d4e8000000 ---p 00000000 00:00 0 
71d4e8000000-71d4e8032000 rw-p 00000000 00:00 0 
71d4e8032000-71d4ec000000 ---p 00000000 00:00 0 
71d4ec000000-71d4ec520000 rw-p 00000000 00:00 0 
71d4ec520000-71d4f0000000 ---p 00000000 00:00 0 
71d4f0000000-71d4f0400000 rw-p 00000000 00:00 0 
71d4f0400000-71d4f0440000 rw-p 00000000 00:00 0 
71d4f0440000-71d4f0480000 rw-p 00000000 00:00 0 
71d4f0480000-71d4f0500000 rw-p 00000000 00:00 0 
71d4f0500000-71d4f0800000 rw-p 00000000 00:00 0 
71d4f0800000-71d4f0840000 rw-p 00000000 00:00 0 
71d4f0840000-71d4f0880000 rw-p 00000000 00:00 0 
71d4f0880000-71d4f0900000 rw-p 00000000 00:00 0 
71d4f0900000-71d4f0a40000 rw-p 00000000 00:00 0 
71d4f0a40000-71d4f0a80000 rw-p 00000000 00:00 0 
71d4f0a80000-71d4f0b00000 rw-p 00000000 00:00 0 
71d4f0b00000-71d4f0d00000 rw-p 00000000 00:00 0 
71d4f0d00000-71d4f0d40000 rw-p 00000000 00:00 0 
71d4f0d40000-71d4f0d80000 rw-p 00000000 00:00 0 
71d4f0d80000-71d4f0e40000 rw-p 00000000 00:00 0 
71d4f0e40000-71d4f0f00000 ---p 00000000 00:00 0 
71d4f0f00000-71d4f0f10000 rw-p 00000000 00:00 0 
71d4f0f10000-71d4f4000000 ---p 00000000 00:00 0 
71d4f4000000-71d4f4021000 rw-p 00000000 00:00 0 
71d4f4021000-71d4f8000000 ---p 00000000 00:00 0 
71d4f8000000-71d4f8021000 rw-p 00000000 00:00 0 
71d4f8021000-71d4fc000000 ---p 00000000 00:00 0 
71d4fc000000-71d4fc09b000 rw-p 00000000 00:00 0 
71d4fc09b000-71d500000000 ---p 00000000 00:00 0 
71d500000000-71d50054e000 rw-p 00000000 00:00 0 
71d50054e000-71d504000000 ---p 00000000 00:00 0 
71d504000000-71d504021000 rw-p 00000000 00:00 0 
71d504021000-71d508000000 ---p 00000000 00:00 0 
71d508000000-71d508021000 rw-p 00000000 00:00 0 
71d508021000-71d50c000000 ---p 00000000 00:00 0 
71d50c000000-71d50c526000 rw-p 00000000 00:00 0 
71d50c526000-71d510000000 ---p 00000000 00:00 0 
71d510000000-71d510001000 rw-s 00000000 00:01 1097                       /memfd:pipewire-memfd:flags=0x0000000f,type=2,size=4096 (deleted)
71d510001000-71d510002000 rw-s 00000000 00:01 5156                       /memfd:pipewire-memfd:flags=0x0000000f,type=2,size=2312 (deleted)
71d510002000-71d510003000 rw-s 00000000 00:01 1096                       /memfd:pipewire-memfd:flags=0x0000000f,type=2,size=2312 (deleted)
71d510003000-71d510004000 rw-s 00000000 00:01 1095                       /memfd:pipewire-memfd:flags=0x0000000f,type=2,size=2312 (deleted)
71d510004000-71d510005000 rw-s 00000000 00:01 3155                       /memfd:pipewire-memfd:flags=0x0000000f,type=2,size=4096 (deleted)
71d510005000-71d510006000 rw-s 00000000 00:01 5156                       /memfd:pipewire-memfd:flags=0x0000000f,type=2,size=2312 (deleted)
71d510006000-71d510007000 rw-s 00000000 00:01 3154                       /memfd:pipewire-memfd:flags=0x0000000f,type=2,size=2312 (deleted)
71d510007000-71d510008000 rw-s 00000000 00:01 75                         /memfd:pipewire-memfd:flags=0x0000000f,type=2,size=2312 (deleted)
71d510008000-71d51000c000 r--p 00000000 103:05 933211                    /usr/lib/x86_64-linux-gnu/libgpg-error.so.0.34.0
71d51000c000-71d510022000 r-xp 00004000 103:05 933211                    /usr/lib/x86_64-linux-gnu/libgpg-error.so.0.34.0
71d510022000-71d51002b000 r--p 0001a000 103:05 933211                    /usr/lib/x86_64-linux-gnu/libgpg-error.so.0.34.0
71d51002b000-71d51002c000 r--p 00023000 103:05 933211                    /usr/lib/x86_64-linux-gnu/libgpg-error.so.0.34.0
71d51002c000-71d51002d000 rw-p 00024000 103:05 933211                    /usr/lib/x86_64-linux-gnu/libgpg-error.so.0.34.0
71d51002d000-71d510030000 r--p 00000000 103:05 919991                    /usr/lib/x86_64-linux-gnu/liblzma.so.5.4.5
71d510030000-71d510052000 r-xp 00003000 103:05 919991                    /usr/lib/x86_64-linux-gnu/liblzma.so.5.4.5
71d510052000-71d51005d000 r--p 00025000 103:05 919991                    /usr/lib/x86_64-linux-gnu/liblzma.so.5.4.5
71d51005d000-71d51005e000 r--p 00030000 103:05 919991                    /usr/lib/x86_64-linux-gnu/liblzma.so.5.4.5
71d51005e000-71d51005f000 rw-p 00031000 103:05 919991                    /usr/lib/x86_64-linux-gnu/liblzma.so.5.4.5
71d51005f000-71d510062000 r--p 00000000 103:05 933355                    /usr/lib/x86_64-linux-gnu/liblz4.so.1.9.4
71d510062000-71d51007d000 r-xp 00003000 103:05 933355                    /usr/lib/x86_64-linux-gnu/liblz4.so.1.9.4
71d51007d000-71d51007f000 r--p 0001e000 103:05 933355                    /usr/lib/x86_64-linux-gnu/liblz4.so.1.9.4
71d51007f000-71d510080000 r--p 00020000 103:05 933355                    /usr/lib/x86_64-linux-gnu/liblz4.so.1.9.4
71d510080000-71d510081000 rw-p 00021000 103:05 933355                    /usr/lib/x86_64-linux-gnu/liblz4.so.1.9.4
71d510081000-71d510084000 r--p 00000000 103:05 918653                    /usr/lib/x86_64-linux-gnu/libcap.so.2.66
71d510084000-71d51008a000 r-xp 00003000 103:05 918653                    /usr/lib/x86_64-linux-gnu/libcap.so.2.66
71d51008a000-71d51008c000 r--p 00009000 103:05 918653                    /usr/lib/x86_64-linux-gnu/libcap.so.2.66
71d51008c000-71d51008d000 r--p 0000b000 103:05 918653                    /usr/lib/x86_64-linux-gnu/libcap.so.2.66
71d51008d000-71d51008e000 rw-p 0000c000 103:05 918653                    /usr/lib/x86_64-linux-gnu/libcap.so.2.66
71d51008e000-71d51008f000 rw-s 00000000 00:01 4173                       /memfd:pipewire-memfd:flags=0x0000000f,type=2,size=4096 (deleted)
71d51008f000-71d510091000 r--p 00000000 103:05 921635                    /usr/lib/x86_64-linux-gnu/pipewire-0.3/libpipewire-module-rt.so
71d510091000-71d510095000 r-xp 00002000 103:05 921635                    /usr/lib/x86_64-linux-gnu/pipewire-0.3/libpipewire-module-rt.so
71d510095000-71d510097000 r--p 00006000 103:05 921635                    /usr/lib/x86_64-linux-gnu/pipewire-0.3/libpipewire-module-rt.so
71d510097000-71d510098000 r--p 00007000 103:05 921635                    /usr/lib/x86_64-linux-gnu/pipewire-0.3/libpipewire-module-rt.so
71d510098000-71d510099000 rw-p 00008000 103:05 921635                    /usr/lib/x86_64-linux-gnu/pipewire-0.3/libpipewire-module-rt.so
71d510099000-71d51009a000 r--p 00000000 103:05 1050794                   /usr/lib/x86_64-linux-gnu/spa-0.2/support/libspa-dbus.so
71d51009a000-71d51009d000 r-xp 00001000 103:05 1050794                   /usr/lib/x86_64-linux-gnu/spa-0.2/support/libspa-dbus.so
71d51009d000-71d51009e000 r--p 00004000 103:05 1050794                   /usr/lib/x86_64-linux-gnu/spa-0.2/support/libspa-dbus.so
71d51009e000-71d51009f000 r--p 00004000 103:05 1050794                   /usr/lib/x86_64-linux-gnu/spa-0.2/support/libspa-dbus.so
71d51009f000-71d5100a0000 rw-p 00005000 103:05 1050794                   /usr/lib/x86_64-linux-gnu/spa-0.2/support/libspa-dbus.so
71d5100a0000-71d5100a4000 r--p 00000000 103:05 1050803                   /usr/lib/x86_64-linux-gnu/spa-0.2/support/libspa-support.so
71d5100a4000-71d5100ba000 r-xp 00004000 103:05 1050803                   /usr/lib/x86_64-linux-gnu/spa-0.2/support/libspa-support.so
71d5100ba000-71d5100bf000 r--p 0001a000 103:05 1050803                   /usr/lib/x86_64-linux-gnu/spa-0.2/support/libspa-support.so
71d5100bf000-71d5100c1000 r--p 0001f000 103:05 1050803                   /usr/lib/x86_64-linux-gnu/spa-0.2/support/libspa-support.so
71d5100c1000-71d5100c2000 rw-p 00021000 103:05 1050803                   /usr/lib/x86_64-linux-gnu/spa-0.2/support/libspa-support.so
71d5100c2000-71d5100c9000 r--p 00000000 103:05 917626                    /usr/lib/x86_64-linux-gnu/alsa-lib/libasound_module_pcm_pipewire.so
71d5100c9000-71d5100d2000 r-xp 00007000 103:05 917626                    /usr/lib/x86_64-linux-gnu/alsa-lib/libasound_module_pcm_pipewire.so
71d5100d2000-71d5100d9000 r--p 00010000 103:05 917626                    /usr/lib/x86_64-linux-gnu/alsa-lib/libasound_module_pcm_pipewire.so
71d5100d9000-71d5100de000 r--p 00016000 103:05 917626                    /usr/lib/x86_64-linux-gnu/alsa-lib/libasound_module_pcm_pipewire.so
71d5100de000-71d5100df000 rw-p 0001b000 103:05 917626                    /usr/lib/x86_64-linux-gnu/alsa-lib/libasound_module_pcm_pipewire.so
71d5100df000-71d5100ee000 r-xp 00000000 103:05 2767867                   /home/alexender19/.jdks/openjdk-26.0.1/lib/libjsound.so
71d5100ee000-71d5100ef000 r--p 0000e000 103:05 2767867                   /home/alexender19/.jdks/openjdk-26.0.1/lib/libjsound.so
71d5100ef000-71d5100f0000 rw-p 0000f000 103:05 2767867                   /home/alexender19/.jdks/openjdk-26.0.1/lib/libjsound.so
71d5100f0000-71d5100f1000 ---p 00000000 00:00 0 
71d5100f1000-71d5101f1000 rw-p 00000000 00:00 0 
71d5101f1000-71d5101f5000 ---p 00000000 00:00 0 
71d5101f5000-71d5102f1000 rw-p 00000000 00:00 0 
71d5102f1000-71d5102f5000 ---p 00000000 00:00 0 
71d5102f5000-71d5103f1000 rw-p 00000000 00:00 0 
71d5103f1000-71d5103f2000 r--p 00000000 103:05 933008                    /usr/lib/x86_64-linux-gnu/libbrotlicommon.so.1.1.0
71d5103f2000-71d5103f3000 r-xp 00001000 103:05 933008                    /usr/lib/x86_64-linux-gnu/libbrotlicommon.so.1.1.0
71d5103f3000-71d510412000 r--p 00002000 103:05 933008                    /usr/lib/x86_64-linux-gnu/libbrotlicommon.so.1.1.0
71d510412000-71d510413000 r--p 00021000 103:05 933008                    /usr/lib/x86_64-linux-gnu/libbrotlicommon.so.1.1.0
71d510413000-71d510414000 rw-p 00022000 103:05 933008                    /usr/lib/x86_64-linux-gnu/libbrotlicommon.so.1.1.0
71d510414000-71d510415000 r--p 00000000 103:05 933009                    /usr/lib/x86_64-linux-gnu/libbrotlidec.so.1.1.0
71d510415000-71d51041d000 r-xp 00001000 103:05 933009                    /usr/lib/x86_64-linux-gnu/libbrotlidec.so.1.1.0
71d51041d000-71d510420000 r--p 00009000 103:05 933009                    /usr/lib/x86_64-linux-gnu/libbrotlidec.so.1.1.0
71d510420000-71d510421000 r--p 0000b000 103:05 933009                    /usr/lib/x86_64-linux-gnu/libbrotlidec.so.1.1.0
71d510421000-71d510422000 rw-p 0000c000 103:05 933009                    /usr/lib/x86_64-linux-gnu/libbrotlidec.so.1.1.0
71d510422000-71d510427000 r--p 00000000 103:05 933051                    /usr/lib/x86_64-linux-gnu/libpng16.so.16.43.0
71d510427000-71d51044f000 r-xp 00005000 103:05 933051                    /usr/lib/x86_64-linux-gnu/libpng16.so.16.43.0
71d51044f000-71d510458000 r--p 0002d000 103:05 933051                    /usr/lib/x86_64-linux-gnu/libpng16.so.16.43.0
71d510458000-71d510459000 r--p 00035000 103:05 933051                    /usr/lib/x86_64-linux-gnu/libpng16.so.16.43.0
71d510459000-71d51045a000 rw-p 00036000 103:05 933051                    /usr/lib/x86_64-linux-gnu/libpng16.so.16.43.0
71d51045a000-71d51045c000 r--p 00000000 103:05 933014                    /usr/lib/x86_64-linux-gnu/libbz2.so.1.0.4
71d51045c000-71d51046a000 r-xp 00002000 103:05 933014                    /usr/lib/x86_64-linux-gnu/libbz2.so.1.0.4
71d51046a000-71d51046c000 r--p 00010000 103:05 933014                    /usr/lib/x86_64-linux-gnu/libbz2.so.1.0.4
71d51046c000-71d51046d000 r--p 00011000 103:05 933014                    /usr/lib/x86_64-linux-gnu/libbz2.so.1.0.4
71d51046d000-71d51046e000 rw-p 00012000 103:05 933014                    /usr/lib/x86_64-linux-gnu/libbz2.so.1.0.4
71d51046e000-71d51047b000 r--p 00000000 103:05 920198                    /usr/lib/x86_64-linux-gnu/libfreetype.so.6.20.1
71d51047b000-71d51050c000 r-xp 0000d000 103:05 920198                    /usr/lib/x86_64-linux-gnu/libfreetype.so.6.20.1
71d51050c000-71d510532000 r--p 0009e000 103:05 920198                    /usr/lib/x86_64-linux-gnu/libfreetype.so.6.20.1
71d510532000-71d510539000 r--p 000c4000 103:05 920198                    /usr/lib/x86_64-linux-gnu/libfreetype.so.6.20.1
71d510539000-71d51053a000 rw-p 000cb000 103:05 920198                    /usr/lib/x86_64-linux-gnu/libfreetype.so.6.20.1
71d51053a000-71d51053b000 rw-s 00000000 00:01 5156                       /memfd:pipewire-memfd:flags=0x0000000f,type=2,size=2312 (deleted)
71d51053b000-71d51053c000 rw-s 00000000 00:01 4172                       /memfd:pipewire-memfd:flags=0x0000000f,type=2,size=2312 (deleted)
71d51053c000-71d51053d000 rw-s 00000000 00:01 3151                       /memfd:pipewire-memfd:flags=0x0000000f,type=2,size=2312 (deleted)
71d51053d000-71d51053e000 rw-s 00000000 00:01 4169                       /memfd:pipewire-memfd:flags=0x0000000f,type=2,size=4096 (deleted)
71d51053e000-71d51053f000 r--p 00000000 103:05 1050798                   /usr/lib/x86_64-linux-gnu/spa-0.2/support/libspa-journal.so
71d51053f000-71d510541000 r-xp 00001000 103:05 1050798                   /usr/lib/x86_64-linux-gnu/spa-0.2/support/libspa-journal.so
71d510541000-71d510542000 r--p 00003000 103:05 1050798                   /usr/lib/x86_64-linux-gnu/spa-0.2/support/libspa-journal.so
71d510542000-71d510543000 r--p 00003000 103:05 1050798                   /usr/lib/x86_64-linux-gnu/spa-0.2/support/libspa-journal.so
71d510543000-71d510544000 rw-p 00004000 103:05 1050798                   /usr/lib/x86_64-linux-gnu/spa-0.2/support/libspa-journal.so
71d510544000-71d51054a000 r-xp 00000000 103:05 2767872                   /home/alexender19/.jdks/openjdk-26.0.1/lib/libmanagement_ext.so
71d51054a000-71d51054b000 r--p 00005000 103:05 2767872                   /home/alexender19/.jdks/openjdk-26.0.1/lib/libmanagement_ext.so
71d51054b000-71d51054c000 rw-p 00006000 103:05 2767872                   /home/alexender19/.jdks/openjdk-26.0.1/lib/libmanagement_ext.so
71d51054c000-71d510709000 r-xp 00000000 103:05 2767854                   /home/alexender19/.jdks/openjdk-26.0.1/lib/libfontmanager.so
71d510709000-71d51070a000 ---p 001bd000 103:05 2767854                   /home/alexender19/.jdks/openjdk-26.0.1/lib/libfontmanager.so
71d51070a000-71d51070c000 r--p 001bd000 103:05 2767854                   /home/alexender19/.jdks/openjdk-26.0.1/lib/libfontmanager.so
71d51070c000-71d51070d000 rw-p 001bf000 103:05 2767854                   /home/alexender19/.jdks/openjdk-26.0.1/lib/libfontmanager.so
71d51070d000-71d51070e000 rw-p 00000000 00:00 0 
71d51070e000-71d510710000 r--p 00000000 103:05 933370                    /usr/lib/x86_64-linux-gnu/libmd.so.0.1.0
71d510710000-71d510719000 r-xp 00002000 103:05 933370                    /usr/lib/x86_64-linux-gnu/libmd.so.0.1.0
71d510719000-71d51071b000 r--p 0000b000 103:05 933370                    /usr/lib/x86_64-linux-gnu/libmd.so.0.1.0
71d51071b000-71d51071c000 r--p 0000c000 103:05 933370                    /usr/lib/x86_64-linux-gnu/libmd.so.0.1.0
71d51071c000-71d51071d000 rw-p 0000d000 103:05 933370                    /usr/lib/x86_64-linux-gnu/libmd.so.0.1.0
71d51071d000-71d510721000 r--p 00000000 103:05 933011                    /usr/lib/x86_64-linux-gnu/libbsd.so.0.12.1
71d510721000-71d51072d000 r-xp 00004000 103:05 933011                    /usr/lib/x86_64-linux-gnu/libbsd.so.0.12.1
71d51072d000-71d510730000 r--p 00010000 103:05 933011                    /usr/lib/x86_64-linux-gnu/libbsd.so.0.12.1
71d510730000-71d510731000 r--p 00012000 103:05 933011                    /usr/lib/x86_64-linux-gnu/libbsd.so.0.12.1
71d510731000-71d510732000 rw-p 00013000 103:05 933011                    /usr/lib/x86_64-linux-gnu/libbsd.so.0.12.1
71d510732000-71d510733000 rw-p 00000000 00:00 0 
71d510733000-71d51073e000 r--p 00000000 103:05 933732                    /usr/lib/x86_64-linux-gnu/libxcb.so.1.1.0
71d51073e000-71d510751000 r-xp 0000b000 103:05 933732                    /usr/lib/x86_64-linux-gnu/libxcb.so.1.1.0
71d510751000-71d51075a000 r--p 0001e000 103:05 933732                    /usr/lib/x86_64-linux-gnu/libxcb.so.1.1.0
71d51075a000-71d51075b000 r--p 00026000 103:05 933732                    /usr/lib/x86_64-linux-gnu/libxcb.so.1.1.0
71d51075b000-71d51075c000 rw-p 00027000 103:05 933732                    /usr/lib/x86_64-linux-gnu/libxcb.so.1.1.0
71d51075c000-71d510775000 r--p 00000000 103:05 932857                    /usr/lib/x86_64-linux-gnu/libX11.so.6.4.0
71d510775000-71d510805000 r-xp 00019000 103:05 932857                    /usr/lib/x86_64-linux-gnu/libX11.so.6.4.0
71d510805000-71d510894000 r--p 000a9000 103:05 932857                    /usr/lib/x86_64-linux-gnu/libX11.so.6.4.0
71d510894000-71d510895000 r--p 00138000 103:05 932857                    /usr/lib/x86_64-linux-gnu/libX11.so.6.4.0
71d510895000-71d510899000 rw-p 00139000 103:05 932857                    /usr/lib/x86_64-linux-gnu/libX11.so.6.4.0
71d510899000-71d510900000 r-xp 00000000 103:05 2767851                   /home/alexender19/.jdks/openjdk-26.0.1/lib/libawt_xawt.so
71d510900000-71d510902000 r--p 00066000 103:05 2767851                   /home/alexender19/.jdks/openjdk-26.0.1/lib/libawt_xawt.so
71d510902000-71d510904000 rw-p 00068000 103:05 2767851                   /home/alexender19/.jdks/openjdk-26.0.1/lib/libawt_xawt.so
71d510904000-71d510906000 rw-p 00000000 00:00 0 
71d510906000-71d5109cf000 r-xp 00000000 103:05 2767849                   /home/alexender19/.jdks/openjdk-26.0.1/lib/libawt.so
71d5109cf000-71d5109d0000 r--p 000c8000 103:05 2767849                   /home/alexender19/.jdks/openjdk-26.0.1/lib/libawt.so
71d5109d0000-71d5109db000 rw-p 000c9000 103:05 2767849                   /home/alexender19/.jdks/openjdk-26.0.1/lib/libawt.so
71d5109db000-71d510a00000 rw-p 00000000 00:00 0 
71d510a00000-71d510a04000 ---p 00000000 00:00 0 
71d510a04000-71d510b00000 rw-p 00000000 00:00 0 
71d510b00000-71d510b04000 ---p 00000000 00:00 0 
71d510b04000-71d510c00000 rw-p 00000000 00:00 0 
71d510c00000-71d510c04000 ---p 00000000 00:00 0 
71d510c04000-71d510d00000 rw-p 00000000 00:00 0 
71d510d00000-71d510d04000 ---p 00000000 00:00 0 
71d510d04000-71d510e00000 rw-p 00000000 00:00 0 
71d510e00000-71d510e04000 ---p 00000000 00:00 0 
71d510e04000-71d510f00000 rw-p 00000000 00:00 0 
71d510f00000-71d510f04000 ---p 00000000 00:00 0 
71d510f04000-71d511000000 rw-p 00000000 00:00 0 
71d511000000-71d511004000 ---p 00000000 00:00 0 
71d511004000-71d511100000 rw-p 00000000 00:00 0 
71d511100000-71d511104000 ---p 00000000 00:00 0 
71d511104000-71d511200000 rw-p 00000000 00:00 0 
71d511200000-71d511fec000 r--p 00000000 103:05 923508                    /usr/lib/locale/locale-archive
71d511fec000-71d511fee000 r--p 00000000 103:05 932862                    /usr/lib/x86_64-linux-gnu/libXcursor.so.1.0.2
71d511fee000-71d511ff4000 r-xp 00002000 103:05 932862                    /usr/lib/x86_64-linux-gnu/libXcursor.so.1.0.2
71d511ff4000-71d511ff6000 r--p 00008000 103:05 932862                    /usr/lib/x86_64-linux-gnu/libXcursor.so.1.0.2
71d511ff6000-71d511ff7000 r--p 00009000 103:05 932862                    /usr/lib/x86_64-linux-gnu/libXcursor.so.1.0.2
71d511ff7000-71d511ff8000 rw-p 0000a000 103:05 932862                    /usr/lib/x86_64-linux-gnu/libXcursor.so.1.0.2
71d511ff8000-71d511ffa000 r--p 00000000 103:05 932864                    /usr/lib/x86_64-linux-gnu/libXdmcp.so.6.0.0
71d511ffa000-71d511ffc000 r-xp 00002000 103:05 932864                    /usr/lib/x86_64-linux-gnu/libXdmcp.so.6.0.0
71d511ffc000-71d511ffe000 r--p 00004000 103:05 932864                    /usr/lib/x86_64-linux-gnu/libXdmcp.so.6.0.0
71d511ffe000-71d511fff000 r--p 00005000 103:05 932864                    /usr/lib/x86_64-linux-gnu/libXdmcp.so.6.0.0
71d511fff000-71d512000000 rw-p 00006000 103:05 932864                    /usr/lib/x86_64-linux-gnu/libXdmcp.so.6.0.0
71d512000000-71d514021000 rw-p 00000000 00:00 0 
71d514021000-71d518000000 ---p 00000000 00:00 0 
71d518000000-71d518021000 rw-p 00000000 00:00 0 
71d518021000-71d51c000000 ---p 00000000 00:00 0 
71d51c000000-71d51c021000 rw-p 00000000 00:00 0 
71d51c021000-71d520000000 ---p 00000000 00:00 0 
71d520000000-71d520001000 rw-s 00000000 00:01 5156                       /memfd:pipewire-memfd:flags=0x0000000f,type=2,size=2312 (deleted)
71d520001000-71d520005000 r-xp 00000000 103:05 2767870                   /home/alexender19/.jdks/openjdk-26.0.1/lib/libmanagement.so
71d520005000-71d520006000 r--p 00003000 103:05 2767870                   /home/alexender19/.jdks/openjdk-26.0.1/lib/libmanagement.so
71d520006000-71d520007000 rw-p 00004000 103:05 2767870                   /home/alexender19/.jdks/openjdk-26.0.1/lib/libmanagement.so
71d520007000-71d520045000 r-xp 00000000 103:05 2767880                   /home/alexender19/.jdks/openjdk-26.0.1/lib/libsimdsort.so
71d520045000-71d520046000 ---p 0003e000 103:05 2767880                   /home/alexender19/.jdks/openjdk-26.0.1/lib/libsimdsort.so
71d520046000-71d520047000 r--p 0003e000 103:05 2767880                   /home/alexender19/.jdks/openjdk-26.0.1/lib/libsimdsort.so
71d520047000-71d520048000 rw-p 0003f000 103:05 2767880                   /home/alexender19/.jdks/openjdk-26.0.1/lib/libsimdsort.so
71d520048000-71d52004c000 ---p 00000000 00:00 0 
71d52004c000-71d520148000 rw-p 00000000 00:00 0 
71d520148000-71d52014c000 ---p 00000000 00:00 0 
71d52014c000-71d520248000 rw-p 00000000 00:00 0 
71d520248000-71d5202e4000 rw-p 00000000 00:00 0 
71d5202e4000-71d5202e5000 ---p 00000000 00:00 0 
71d5202e5000-71d5203e5000 rw-p 00000000 00:00 0 
71d5203e5000-71d5203e6000 ---p 00000000 00:00 0 
71d5203e6000-71d5204e6000 rw-p 00000000 00:00 0 
71d5204e6000-71d520646000 rw-p 00000000 00:00 0 
71d520646000-71d5241f6000 ---p 00000000 00:00 0 
71d5241f6000-71d5241fe000 rw-p 00000000 00:00 0 
71d5241fe000-71d5247ce000 rwxp 00000000 00:00 0 
71d5247ce000-71d52b736000 ---p 00000000 00:00 0 
71d52b736000-71d52b9a6000 rwxp 00000000 00:00 0 
71d52b9a6000-71d52bcc8000 ---p 00000000 00:00 0 
71d52bcc8000-71d52bf38000 rwxp 00000000 00:00 0 
71d52bf38000-71d533200000 ---p 00000000 00:00 0 
71d533200000-71d53bec7000 r--s 00000000 103:05 2767885                   /home/alexender19/.jdks/openjdk-26.0.1/lib/modules
71d53bec7000-71d53bec8000 rw-s 00000000 00:01 5191                       /memfd:pipewire-memfd:flags=0x0000000f,type=2,size=2312 (deleted)
71d53bec8000-71d53bec9000 rw-s 00000000 00:01 5190                       /memfd:pipewire-memfd:flags=0x0000000f,type=2,size=2312 (deleted)
71d53bec9000-71d53beca000 rw-s 00000000 00:01 1090                       /memfd:pipewire-memfd:flags=0x0000000f,type=2,size=4096 (deleted)
71d53beca000-71d53becb000 r--p 00000000 103:05 932859                    /usr/lib/x86_64-linux-gnu/libXau.so.6.0.0
71d53becb000-71d53becd000 r-xp 00001000 103:05 932859                    /usr/lib/x86_64-linux-gnu/libXau.so.6.0.0
71d53becd000-71d53bece000 r--p 00003000 103:05 932859                    /usr/lib/x86_64-linux-gnu/libXau.so.6.0.0
71d53bece000-71d53becf000 r--p 00003000 103:05 932859                    /usr/lib/x86_64-linux-gnu/libXau.so.6.0.0
71d53becf000-71d53bed0000 rw-p 00004000 103:05 932859                    /usr/lib/x86_64-linux-gnu/libXau.so.6.0.0
71d53bed0000-71d53bed2000 r--p 00000000 103:05 932878                    /usr/lib/x86_64-linux-gnu/libXtst.so.6.1.0
71d53bed2000-71d53bed5000 r-xp 00002000 103:05 932878                    /usr/lib/x86_64-linux-gnu/libXtst.so.6.1.0
71d53bed5000-71d53bed6000 r--p 00005000 103:05 932878                    /usr/lib/x86_64-linux-gnu/libXtst.so.6.1.0
71d53bed6000-71d53bed7000 r--p 00005000 103:05 932878                    /usr/lib/x86_64-linux-gnu/libXtst.so.6.1.0
71d53bed7000-71d53bed8000 rw-p 00006000 103:05 932878                    /usr/lib/x86_64-linux-gnu/libXtst.so.6.1.0
71d53bed8000-71d53bedb000 r--p 00000000 103:05 932869                    /usr/lib/x86_64-linux-gnu/libXi.so.6.1.0
71d53bedb000-71d53bee7000 r-xp 00003000 103:05 932869                    /usr/lib/x86_64-linux-gnu/libXi.so.6.1.0
71d53bee7000-71d53bee9000 r--p 0000f000 103:05 932869                    /usr/lib/x86_64-linux-gnu/libXi.so.6.1.0
71d53bee9000-71d53beea000 r--p 00011000 103:05 932869                    /usr/lib/x86_64-linux-gnu/libXi.so.6.1.0
71d53beea000-71d53beeb000 rw-p 00012000 103:05 932869                    /usr/lib/x86_64-linux-gnu/libXi.so.6.1.0
71d53beeb000-71d53beef000 r--p 00000000 103:05 932865                    /usr/lib/x86_64-linux-gnu/libXext.so.6.4.0
71d53beef000-71d53befa000 r-xp 00004000 103:05 932865                    /usr/lib/x86_64-linux-gnu/libXext.so.6.4.0
71d53befa000-71d53befd000 r--p 0000f000 103:05 932865                    /usr/lib/x86_64-linux-gnu/libXext.so.6.4.0
71d53befd000-71d53befe000 r--p 00011000 103:05 932865                    /usr/lib/x86_64-linux-gnu/libXext.so.6.4.0
71d53befe000-71d53beff000 rw-p 00012000 103:05 932865                    /usr/lib/x86_64-linux-gnu/libXext.so.6.4.0
71d53beff000-71d53bf00000 ---p 00000000 00:00 0 
71d53bf00000-71d53bf04000 ---p 00000000 00:00 0 
71d53bf04000-71d53c000000 rw-p 00000000 00:00 0 
71d53c000000-71d53c709000 rw-p 00000000 00:00 0 
71d53c709000-71d540000000 ---p 00000000 00:00 0 
71d540000000-71d540001000 rw-s 00000000 00:01 5156                       /memfd:pipewire-memfd:flags=0x0000000f,type=2,size=2312 (deleted)
71d540001000-71d540003000 r--p 00000000 103:05 932866                    /usr/lib/x86_64-linux-gnu/libXfixes.so.3.1.0
71d540003000-71d540006000 r-xp 00002000 103:05 932866                    /usr/lib/x86_64-linux-gnu/libXfixes.so.3.1.0
71d540006000-71d540007000 r--p 00005000 103:05 932866                    /usr/lib/x86_64-linux-gnu/libXfixes.so.3.1.0
71d540007000-71d540008000 r--p 00005000 103:05 932866                    /usr/lib/x86_64-linux-gnu/libXfixes.so.3.1.0
71d540008000-71d540009000 rw-p 00006000 103:05 932866                    /usr/lib/x86_64-linux-gnu/libXfixes.so.3.1.0
71d540009000-71d54000a000 r--p 00000000 103:05 932870                    /usr/lib/x86_64-linux-gnu/libXinerama.so.1.0.0
71d54000a000-71d54000b000 r-xp 00001000 103:05 932870                    /usr/lib/x86_64-linux-gnu/libXinerama.so.1.0.0
71d54000b000-71d54000c000 r--p 00002000 103:05 932870                    /usr/lib/x86_64-linux-gnu/libXinerama.so.1.0.0
71d54000c000-71d54000d000 r--p 00002000 103:05 932870                    /usr/lib/x86_64-linux-gnu/libXinerama.so.1.0.0
71d54000d000-71d54000e000 rw-p 00003000 103:05 932870                    /usr/lib/x86_64-linux-gnu/libXinerama.so.1.0.0
71d54000e000-71d540015000 r--s 00000000 103:05 934772                    /usr/lib/x86_64-linux-gnu/gconv/gconv-modules.cache
71d540015000-71d540029000 r-xp 00000000 103:05 2767875                   /home/alexender19/.jdks/openjdk-26.0.1/lib/libnio.so
71d540029000-71d54002a000 r--p 00013000 103:05 2767875                   /home/alexender19/.jdks/openjdk-26.0.1/lib/libnio.so
71d54002a000-71d54002b000 rw-p 00014000 103:05 2767875                   /home/alexender19/.jdks/openjdk-26.0.1/lib/libnio.so
71d54002b000-71d54002c000 ---p 00000000 00:00 0 
71d54002c000-71d54012c000 rw-p 00000000 00:00 0 
71d54012c000-71d54012d000 ---p 00000000 00:00 0 
71d54012d000-71d54022d000 rw-p 00000000 00:00 0 
71d54022d000-71d54022e000 ---p 00000000 00:00 0 
71d54022e000-71d54032e000 rw-p 00000000 00:00 0 
71d54032e000-71d540b36000 rw-p 00000000 00:00 0 
71d540b36000-71d540b37000 ---p 00000000 00:00 0 
71d540b37000-71d540c37000 rw-p 00000000 00:00 0 
71d540c37000-71d540c38000 ---p 00000000 00:00 0 
71d540c38000-71d540d38000 rw-p 00000000 00:00 0 
71d540d38000-71d540d39000 ---p 00000000 00:00 0 
71d540d39000-71d540e39000 rw-p 00000000 00:00 0 
71d540e39000-71d540e65000 rw-p 00000000 00:00 0 
71d540e65000-71d5415db000 ---p 00000000 00:00 0 
71d5415db000-71d541608000 rw-p 00000000 00:00 0 
71d541608000-71d541d7e000 ---p 00000000 00:00 0 
71d541d7e000-71d541dab000 rw-p 00000000 00:00 0 
71d541dab000-71d542521000 ---p 00000000 00:00 0 
71d542521000-71d542d2f000 rw-p 00000000 00:00 0 
71d542d2f000-71d542e15000 ---p 00000000 00:00 0 
71d542e15000-71d542e21000 rw-p 00000000 00:00 0 
71d542e21000-71d542f00000 ---p 00000000 00:00 0 
71d542f00000-71d542f04000 ---p 00000000 00:00 0 
71d542f04000-71d543000000 rw-p 00000000 00:00 0 
71d543000000-71d5444a9000 r-xp 00000000 103:05 2767896                   /home/alexender19/.jdks/openjdk-26.0.1/lib/server/libjvm.so
71d5444a9000-71d544598000 r--p 014a8000 103:05 2767896                   /home/alexender19/.jdks/openjdk-26.0.1/lib/server/libjvm.so
71d544598000-71d5445c1000 rw-p 01597000 103:05 2767896                   /home/alexender19/.jdks/openjdk-26.0.1/lib/server/libjvm.so
71d5445c1000-71d544644000 rw-p 00000000 00:00 0 
71d544644000-71d544645000 rw-s 00000000 00:01 1089                       /memfd:pipewire-memfd:flags=0x0000000f,type=2,size=2312 (deleted)
71d544645000-71d544647000 r--p 00000000 103:05 932875                    /usr/lib/x86_64-linux-gnu/libXrender.so.1.3.0
71d544647000-71d54464e000 r-xp 00002000 103:05 932875                    /usr/lib/x86_64-linux-gnu/libXrender.so.1.3.0
71d54464e000-71d54464f000 r--p 00009000 103:05 932875                    /usr/lib/x86_64-linux-gnu/libXrender.so.1.3.0
71d54464f000-71d544650000 r--p 00009000 103:05 932875                    /usr/lib/x86_64-linux-gnu/libXrender.so.1.3.0
71d544650000-71d544651000 rw-p 0000a000 103:05 932875                    /usr/lib/x86_64-linux-gnu/libXrender.so.1.3.0
71d544651000-71d544653000 r-xp 00000000 103:05 2767853                   /home/alexender19/.jdks/openjdk-26.0.1/lib/libextnet.so
71d544653000-71d544654000 r--p 00001000 103:05 2767853                   /home/alexender19/.jdks/openjdk-26.0.1/lib/libextnet.so
71d544654000-71d544655000 rw-p 00002000 103:05 2767853                   /home/alexender19/.jdks/openjdk-26.0.1/lib/libextnet.so
71d544655000-71d544717000 rw-p 00000000 00:00 0 
71d544717000-71d544727000 r--p 00000000 103:05 933358                    /usr/lib/x86_64-linux-gnu/libm.so.6
71d544727000-71d5447a6000 r-xp 00010000 103:05 933358                    /usr/lib/x86_64-linux-gnu/libm.so.6
71d5447a6000-71d5447fe000 r--p 0008f000 103:05 933358                    /usr/lib/x86_64-linux-gnu/libm.so.6
71d5447fe000-71d5447ff000 r--p 000e7000 103:05 933358                    /usr/lib/x86_64-linux-gnu/libm.so.6
71d5447ff000-71d544800000 rw-p 000e8000 103:05 933358                    /usr/lib/x86_64-linux-gnu/libm.so.6
71d544800000-71d544828000 r--p 00000000 103:05 933015                    /usr/lib/x86_64-linux-gnu/libc.so.6
71d544828000-71d5449b0000 r-xp 00028000 103:05 933015                    /usr/lib/x86_64-linux-gnu/libc.so.6
71d5449b0000-71d5449ff000 r--p 001b0000 103:05 933015                    /usr/lib/x86_64-linux-gnu/libc.so.6
71d5449ff000-71d544a03000 r--p 001fe000 103:05 933015                    /usr/lib/x86_64-linux-gnu/libc.so.6
71d544a03000-71d544a05000 rw-p 00202000 103:05 933015                    /usr/lib/x86_64-linux-gnu/libc.so.6
71d544a05000-71d544a12000 rw-p 00000000 00:00 0 
71d544a12000-71d544a13000 rw-s 00000000 00:01 3150                       /memfd:pipewire-memfd:flags=0x0000000f,type=2,size=2312 (deleted)
71d544a13000-71d544a14000 rw-s 00000000 00:01 4166                       /memfd:pipewire-memfd:flags=0x0000000f,type=2,size=4096 (deleted)
71d544a14000-71d544a15000 rw-s 00000000 00:01 5156                       /memfd:pipewire-memfd:flags=0x0000000f,type=2,size=2312 (deleted)
71d544a15000-71d544a20000 r-xp 00000000 103:05 2767874                   /home/alexender19/.jdks/openjdk-26.0.1/lib/libnet.so
71d544a20000-71d544a21000 ---p 0000b000 103:05 2767874                   /home/alexender19/.jdks/openjdk-26.0.1/lib/libnet.so
71d544a21000-71d544a22000 r--p 0000b000 103:05 2767874                   /home/alexender19/.jdks/openjdk-26.0.1/lib/libnet.so
71d544a22000-71d544a23000 rw-p 0000c000 103:05 2767874                   /home/alexender19/.jdks/openjdk-26.0.1/lib/libnet.so
71d544a23000-71d544a44000 r--p 00000000 103:05 1312912                   /usr/share/locale-langpack/es/LC_MESSAGES/libc.mo
71d544a44000-71d544a4b000 r-xp 00000000 103:05 2767884                   /home/alexender19/.jdks/openjdk-26.0.1/lib/libzip.so
71d544a4b000-71d544a4c000 ---p 00007000 103:05 2767884                   /home/alexender19/.jdks/openjdk-26.0.1/lib/libzip.so
71d544a4c000-71d544a4d000 r--p 00007000 103:05 2767884                   /home/alexender19/.jdks/openjdk-26.0.1/lib/libzip.so
71d544a4d000-71d544a4e000 rw-p 00008000 103:05 2767884                   /home/alexender19/.jdks/openjdk-26.0.1/lib/libzip.so
71d544a4e000-71d544a53000 rw-p 00000000 00:00 0 
71d544a53000-71d544a5a000 ---p 00000000 00:00 0 
71d544a5a000-71d544a62000 rw-s 00000000 103:05 786489                    /tmp/hsperfdata_alexender19/6428
71d544a62000-71d544a82000 r-xp 00000000 103:05 2767860                   /home/alexender19/.jdks/openjdk-26.0.1/lib/libjava.so
71d544a82000-71d544a83000 r--p 0001f000 103:05 2767860                   /home/alexender19/.jdks/openjdk-26.0.1/lib/libjava.so
71d544a83000-71d544a84000 rw-p 00020000 103:05 2767860                   /home/alexender19/.jdks/openjdk-26.0.1/lib/libjava.so
71d544a84000-71d544a85000 rw-p 00000000 00:00 0 
71d544a85000-71d544aa5000 r-xp 00000000 103:05 2767864                   /home/alexender19/.jdks/openjdk-26.0.1/lib/libjimage.so
71d544aa5000-71d544aa6000 ---p 00020000 103:05 2767864                   /home/alexender19/.jdks/openjdk-26.0.1/lib/libjimage.so
71d544aa6000-71d544aa8000 r--p 00020000 103:05 2767864                   /home/alexender19/.jdks/openjdk-26.0.1/lib/libjimage.so
71d544aa8000-71d544aa9000 rw-p 00022000 103:05 2767864                   /home/alexender19/.jdks/openjdk-26.0.1/lib/libjimage.so
71d544aa9000-71d544aaa000 r--p 00000000 103:05 933548                    /usr/lib/x86_64-linux-gnu/librt.so.1
71d544aaa000-71d544aab000 r-xp 00001000 103:05 933548                    /usr/lib/x86_64-linux-gnu/librt.so.1
71d544aab000-71d544aac000 r--p 00002000 103:05 933548                    /usr/lib/x86_64-linux-gnu/librt.so.1
71d544aac000-71d544aad000 r--p 00002000 103:05 933548                    /usr/lib/x86_64-linux-gnu/librt.so.1
71d544aad000-71d544aae000 rw-p 00003000 103:05 933548                    /usr/lib/x86_64-linux-gnu/librt.so.1
71d544aae000-71d544ab2000 rw-p 00000000 00:00 0 
71d544ab2000-71d544ab3000 r--p 00000000 103:05 933520                    /usr/lib/x86_64-linux-gnu/libpthread.so.0
71d544ab3000-71d544ab4000 r-xp 00001000 103:05 933520                    /usr/lib/x86_64-linux-gnu/libpthread.so.0
71d544ab4000-71d544ab5000 r--p 00002000 103:05 933520                    /usr/lib/x86_64-linux-gnu/libpthread.so.0
71d544ab5000-71d544ab6000 r--p 00002000 103:05 933520                    /usr/lib/x86_64-linux-gnu/libpthread.so.0
71d544ab6000-71d544ab7000 rw-p 00003000 103:05 933520                    /usr/lib/x86_64-linux-gnu/libpthread.so.0
71d544ab7000-71d544ab8000 r--p 00000000 103:05 933081                    /usr/lib/x86_64-linux-gnu/libdl.so.2
71d544ab8000-71d544ab9000 r-xp 00001000 103:05 933081                    /usr/lib/x86_64-linux-gnu/libdl.so.2
71d544ab9000-71d544aba000 r--p 00002000 103:05 933081                    /usr/lib/x86_64-linux-gnu/libdl.so.2
71d544aba000-71d544abb000 r--p 00002000 103:05 933081                    /usr/lib/x86_64-linux-gnu/libdl.so.2
71d544abb000-71d544abc000 rw-p 00003000 103:05 933081                    /usr/lib/x86_64-linux-gnu/libdl.so.2
71d544abc000-71d544abe000 r--p 00000000 103:05 933750                    /usr/lib/x86_64-linux-gnu/libz.so.1.3
71d544abe000-71d544ad0000 r-xp 00002000 103:05 933750                    /usr/lib/x86_64-linux-gnu/libz.so.1.3
71d544ad0000-71d544ad6000 r--p 00014000 103:05 933750                    /usr/lib/x86_64-linux-gnu/libz.so.1.3
71d544ad6000-71d544ad7000 r--p 0001a000 103:05 933750                    /usr/lib/x86_64-linux-gnu/libz.so.1.3
71d544ad7000-71d544ad8000 rw-p 0001b000 103:05 933750                    /usr/lib/x86_64-linux-gnu/libz.so.1.3
71d544ad8000-71d544ad9000 rw-s 00000000 00:01 4165                       /memfd:pipewire-memfd:flags=0x0000000f,type=2,size=2312 (deleted)
71d544ad9000-71d544ada000 rw-s 00000000 00:01 4164                       /memfd:pipewire-memfd:flags=0x0000000f,type=2,size=2312 (deleted)
71d544ada000-71d544ae4000 r-xp 00000000 103:05 2767855                   /home/alexender19/.jdks/openjdk-26.0.1/lib/libinstrument.so
71d544ae4000-71d544ae5000 ---p 0000a000 103:05 2767855                   /home/alexender19/.jdks/openjdk-26.0.1/lib/libinstrument.so
71d544ae5000-71d544ae6000 r--p 0000a000 103:05 2767855                   /home/alexender19/.jdks/openjdk-26.0.1/lib/libinstrument.so
71d544ae6000-71d544ae7000 rw-p 0000b000 103:05 2767855                   /home/alexender19/.jdks/openjdk-26.0.1/lib/libinstrument.so
71d544ae7000-71d544ae8000 ---p 00000000 00:00 0 
71d544ae8000-71d544ae9000 r--p 00000000 00:00 0 
71d544ae9000-71d544aea000 ---p 00000000 00:00 0 
71d544aea000-71d544af9000 r-xp 00000000 103:05 2767865                   /home/alexender19/.jdks/openjdk-26.0.1/lib/libjli.so
71d544af9000-71d544afa000 r--p 0000e000 103:05 2767865                   /home/alexender19/.jdks/openjdk-26.0.1/lib/libjli.so
71d544afa000-71d544afb000 rw-p 0000f000 103:05 2767865                   /home/alexender19/.jdks/openjdk-26.0.1/lib/libjli.so
71d544afb000-71d544afd000 rw-p 00000000 00:00 0 
71d544afd000-71d544b01000 r--p 00000000 00:00 0                          [vvar]
71d544b01000-71d544b03000 r--p 00000000 00:00 0                          [vvar_vclock]
71d544b03000-71d544b05000 r-xp 00000000 00:00 0                          [vdso]
71d544b05000-71d544b06000 r--p 00000000 103:05 932801                    /usr/lib/x86_64-linux-gnu/ld-linux-x86-64.so.2
71d544b06000-71d544b31000 r-xp 00001000 103:05 932801                    /usr/lib/x86_64-linux-gnu/ld-linux-x86-64.so.2
71d544b31000-71d544b3b000 r--p 0002c000 103:05 932801                    /usr/lib/x86_64-linux-gnu/ld-linux-x86-64.so.2
71d544b3b000-71d544b3d000 r--p 00036000 103:05 932801                    /usr/lib/x86_64-linux-gnu/ld-linux-x86-64.so.2
71d544b3d000-71d544b3f000 rw-p 00038000 103:05 932801                    /usr/lib/x86_64-linux-gnu/ld-linux-x86-64.so.2
7ffcba858000-7ffcba879000 rw-p 00000000 00:00 0                          [stack]
ffffffffff600000-ffffffffff601000 --xp 00000000 00:00 0                  [vsyscall]
Total number of mappings: 2501

JVMTI agents:
/snap/intellij-idea/98/lib/idea_rt.jar path:none, loaded, initialized, instrumentlib options:46387


VM Arguments:
jvm_args: -javaagent:/snap/intellij-idea/98/lib/idea_rt.jar=46387 -Dfile.encoding=UTF-8 -Dsun.stdout.encoding=UTF-8 -Dsun.stderr.encoding=UTF-8 
java_command: main.Main
java_class_path (initial): /home/alexender19/Documentos/Proyectos/Juego_2D/out/production/Juego_2D
Launcher Type: SUN_STANDARD

[Global flags]
     bool AOTAdapterCaching                        = false                                  {diagnostic} {ergonomic}
     bool AOTInvokeDynamicLinking                  = false                                  {diagnostic} {ergonomic}
     bool AOTRecordTraining                        = false                                  {diagnostic} {ergonomic}
     bool AOTReplayTraining                        = false                                  {diagnostic} {ergonomic}
     bool AOTStubCaching                           = false                                  {diagnostic} {ergonomic}
     intx CICompilerCount                          = 4                                         {product} {ergonomic}
     uint ConcGCThreads                            = 2                                         {product} {ergonomic}
     uint G1ConcRefinementThreads                  = 8                                         {product} {ergonomic}
     uint G1EagerReclaimRemSetThreshold            = 16                                   {experimental} {ergonomic}
   size_t G1HeapRegionSize                         = 2097152                                   {product} {ergonomic}
     uint G1RemSetArrayOfCardsEntries              = 16                                   {experimental} {ergonomic}
     uint G1RemSetHowlMaxNumBuckets                = 8                                    {experimental} {ergonomic}
     uint G1RemSetHowlNumBuckets                   = 8                                    {experimental} {ergonomic}
   size_t InitialHeapSize                          = 8388608                                   {product} {ergonomic}
     bool IntelJccErratumMitigation                = false                             {ARCH diagnostic} {ergonomic}
   size_t MarkStackSize                            = 4194304                                   {product} {ergonomic}
   size_t MarkStackSizeMax                         = 536870912                                 {product} {ergonomic}
   size_t MaxHeapSize                              = 4099932160                                {product} {ergonomic}
   size_t MaxNewSize                               = 2459959296                                {product} {ergonomic}
 uint64_t MaxRAM                                   = 16395165696                               {product} {ergonomic}
   size_t MinHeapDeltaBytes                        = 2097152                                   {product} {ergonomic}
   size_t MinHeapSize                              = 8388608                                   {product} {ergonomic}
   size_t NonNMethodCodeHeapSize                   = 5840896                                {pd product} {ergonomic}
   size_t NonProfiledCodeHeapSize                  = 122912768                              {pd product} {ergonomic}
   size_t ProfiledCodeHeapSize                     = 122912768                              {pd product} {ergonomic}
   size_t ReservedCodeCacheSize                    = 251666432                              {pd product} {ergonomic}
     bool SegmentedCodeCache                       = true                                      {product} {ergonomic}
   size_t SoftMaxHeapSize                          = 4099932160                             {manageable} {ergonomic}
     bool THPStackMitigation                       = false                                  {diagnostic} {ergonomic}
     bool UseCompressedOops                        = true                           {product lp64_product} {ergonomic}
     bool UseCondCardMark                          = true                                      {product} {ergonomic}
     bool UseFastUnorderedTimeStamps               = true                                 {experimental} {ergonomic}
     bool UseG1GC                                  = true                                      {product} {ergonomic}
      int X86ICacheSync                            = 3                                 {ARCH diagnostic} {ergonomic}

Logging:
Log output configuration:
 #0: stdout all=warning uptime,level,tags foldmultilines=false
 #1: stderr all=off uptime,level,tags foldmultilines=false

Release file:
IMPLEMENTOR="Oracle Corporation"
JAVA_RUNTIME_VERSION="26.0.1+8-34"
JAVA_VERSION="26.0.1"
JAVA_VERSION_DATE="2026-04-21"
LIBC="gnu"
MODULES="java.base java.compiler java.datatransfer java.xml java.prefs java.desktop java.instrument java.logging java.management java.security.sasl java.naming java.rmi java.management.rmi java.net.http java.scripting java.security.jgss java.transaction.xa java.sql java.sql.rowset java.xml.crypto java.se java.smartcardio jdk.accessibility jdk.internal.jvmstat jdk.attach jdk.charsets jdk.internal.opt jdk.zipfs jdk.compiler jdk.crypto.cryptoki jdk.crypto.ec jdk.dynalink jdk.internal.ed jdk.editpad jdk.internal.vm.ci jdk.graal.compiler jdk.graal.compiler.management jdk.hotspot.agent jdk.httpserver jdk.incubator.vector jdk.internal.le jdk.internal.md jdk.jartool jdk.javadoc jdk.jcmd jdk.management jdk.management.agent jdk.jconsole jdk.jdeps jdk.jdwp.agent jdk.jdi jdk.jfr jdk.jlink jdk.jpackage jdk.jshell jdk.jstatd jdk.localedata jdk.management.jfr jdk.naming.dns jdk.naming.rmi jdk.net jdk.nio.mapmode jdk.sctp jdk.security.auth jdk.security.jgss jdk.unsupported jdk.unsupported.desktop jdk.xml.dom"
OS_ARCH="x86_64"
OS_NAME="Linux"
SOURCE=".:git:fcc00fc4aee7"

Environment Variables:
PATH=/usr/local/sbin:/usr/local/bin:/usr/sbin:/usr/bin:/sbin:/bin:/usr/games:/usr/local/games:/snap/bin:/snap/bin
USERNAME=alexender19
SHELL=/bin/bash
DISPLAY=:0
WAYLAND_DISPLAY=wayland-0
LANG=es_ES.UTF-8

Active Locale:
LC_ALL=es_ES.UTF-8
LC_COLLATE=es_ES.UTF-8
LC_CTYPE=es_ES.UTF-8
LC_MESSAGES=es_ES.UTF-8
LC_MONETARY=es_ES.UTF-8
LC_NUMERIC=es_ES.UTF-8
LC_TIME=es_ES.UTF-8

Signal Handlers:
   SIGSEGV: crash_handler in libjvm.so, mask=11100100010111111101111111111110, flags=SA_RESTART|SA_SIGINFO, unblocked
    SIGBUS: crash_handler in libjvm.so, mask=11100100010111111101111111111110, flags=SA_RESTART|SA_SIGINFO, unblocked
    SIGFPE: crash_handler in libjvm.so, mask=11100100010111111101111111111110, flags=SA_RESTART|SA_SIGINFO, unblocked
   SIGPIPE: javaSignalHandler in libjvm.so, mask=11100100010111111101111111111110, flags=SA_RESTART|SA_SIGINFO, blocked
   SIGXFSZ: javaSignalHandler in libjvm.so, mask=11100100010111111101111111111110, flags=SA_RESTART|SA_SIGINFO, blocked
    SIGILL: crash_handler in libjvm.so, mask=11100100010111111101111111111110, flags=SA_RESTART|SA_SIGINFO, unblocked
   SIGUSR2: SR_handler in libjvm.so, mask=00000000000000000000000000000000, flags=SA_RESTART|SA_SIGINFO, blocked
    SIGHUP: UserHandler in libjvm.so, mask=11100100010111111101111111111110, flags=SA_RESTART|SA_SIGINFO, blocked
    SIGINT: UserHandler in libjvm.so, mask=11100100010111111101111111111110, flags=SA_RESTART|SA_SIGINFO, blocked
   SIGTERM: UserHandler in libjvm.so, mask=11100100010111111101111111111110, flags=SA_RESTART|SA_SIGINFO, blocked
   SIGQUIT: UserHandler in libjvm.so, mask=11100100010111111101111111111110, flags=SA_RESTART|SA_SIGINFO, blocked
   SIGTRAP: crash_handler in libjvm.so, mask=11100100010111111101111111111110, flags=SA_RESTART|SA_SIGINFO, unblocked

Compilation memory statistics disabled.

Periodic native trim disabled

---------------  S Y S T E M  ---------------

OS:
DISTRIB_ID=Ubuntu
DISTRIB_RELEASE=24.04
DISTRIB_CODENAME=noble
DISTRIB_DESCRIPTION="Ubuntu 24.04.4 LTS"
uname: Linux 6.17.0-40-generic #40~24.04.1-Ubuntu SMP PREEMPT_DYNAMIC Tue Jun 23 16:48:12 UTC 2 x86_64
OS uptime: 0 days 0:08 hours
libc: glibc 2.39 NPTL 2.39 
rlimit (soft/hard): STACK 8192k/infinity , CORE 0k/infinity , NPROC 61989/61989 , NOFILE 1048576/1048576 , AS infinity/infinity , CPU infinity/infinity , DATA infinity/infinity , FSIZE infinity/infinity , MEMLOCK 2001360k/2001360k
load average: 1,36 1,39 0,88

/proc/meminfo:
MemTotal:       16010904 kB
MemFree:         6513208 kB
MemAvailable:   11755044 kB
Buffers:          121344 kB
Cached:          5646336 kB
SwapCached:            0 kB
Active:          5737572 kB
Inactive:        2944872 kB
Active(anon):    3225948 kB
Inactive(anon):        0 kB
Active(file):    2511624 kB
Inactive(file):  2944872 kB
Unevictable:      248292 kB
Mlocked:            9840 kB
SwapTotal:       4194300 kB
SwapFree:        4194300 kB
Zswap:                 0 kB
Zswapped:              0 kB
Dirty:              6772 kB
Writeback:             0 kB
AnonPages:       3163512 kB
Mapped:          1545536 kB
Shmem:            311180 kB
KReclaimable:      85176 kB
Slab:             315308 kB
SReclaimable:      85176 kB
SUnreclaim:       230132 kB
KernelStack:       25264 kB
PageTables:        38048 kB
SecPageTables:      3280 kB
NFS_Unstable:          0 kB
Bounce:                0 kB
WritebackTmp:          0 kB
CommitLimit:    12199752 kB
Committed_AS:   13900996 kB
VmallocTotal:   34359738367 kB
VmallocUsed:       71344 kB
VmallocChunk:          0 kB
Percpu:             8000 kB
HardwareCorrupted:     0 kB
AnonHugePages:         0 kB
ShmemHugePages:   217088 kB
ShmemPmdMapped:        0 kB
FileHugePages:         0 kB
FilePmdMapped:         0 kB
CmaTotal:              0 kB
CmaFree:               0 kB
Unaccepted:            0 kB
Balloon:               0 kB
HugePages_Total:       0
HugePages_Free:        0
HugePages_Rsvd:        0
HugePages_Surp:        0
Hugepagesize:       2048 kB
Hugetlb:               0 kB
DirectMap4k:      197548 kB
DirectMap2M:     5728256 kB
DirectMap1G:    10485760 kB

/sys/kernel/mm/transparent_hugepage/enabled: always [madvise] never
/sys/kernel/mm/transparent_hugepage/hpage_pmd_size: 2097152
/sys/kernel/mm/transparent_hugepage/shmem_enabled: always within_size advise [never] deny force
/sys/kernel/mm/transparent_hugepage/defrag (defrag/compaction efforts parameter): always defer defer+madvise [madvise] never

Process Memory:
Virtual Size: 13409216K (peak: 13409220K)
Resident Set Size: 341072K (peak: 341072K) (anon: 292288K, file: 34652K, shmem: 14132K)
Swapped out: 0K
C-Heap outstanding allocations: 210454K, retained: 76153K
glibc malloc tunables: (default)

/proc/sys/kernel/threads-max (system-wide limit on the number of threads): 123978
/proc/sys/vm/max_map_count (maximum number of memory map areas a process may have): 1048576
/proc/sys/vm/swappiness (control to define how aggressively the kernel swaps out anonymous memory): 60
/proc/sys/kernel/pid_max (system-wide limit on number of process identifiers): 4194304

container information not found.
Steal ticks since vm start: 0
Steal ticks percentage since vm start:  0,000

CPU: total 8 (initial active 8) (4 cores per cpu, 2 threads per core) family 6 model 140 stepping 1 microcode 0xbe, cx8, cmov, fxsr, ht, mmx, 3dnowpref, sse, sse2, sse3, ssse3, sse4.1, sse4.2, popcnt, lzcnt, tsc, tscinvbit, avx, avx2, aes, erms, clmul, bmi1, bmi2, adx, avx512f, avx512dq, avx512cd, avx512bw, avx512vl, sha, fma, vzeroupper, avx512_vpopcntdq, avx512_vpclmulqdq, avx512_vaes, avx512_vnni, clflush, clflushopt, clwb, avx512_vbmi2, avx512_vbmi, rdtscp, rdpid, fsrm, gfni, avx512_bitalg, f16c, pku, ospke, cet_ibt, cet_ss, avx512_ifma
CPU Model and flags from /proc/cpuinfo:
model name	: 11th Gen Intel(R) Core(TM) i7-1165G7 @ 2.80GHz
flags		: fpu vme de pse tsc msr pae mce cx8 apic sep mtrr pge mca cmov pat pse36 clflush dts acpi mmx fxsr sse sse2 ss ht tm pbe syscall nx pdpe1gb rdtscp lm constant_tsc art arch_perfmon pebs bts rep_good nopl xtopology nonstop_tsc cpuid aperfmperf tsc_known_freq pni pclmulqdq dtes64 monitor ds_cpl vmx est tm2 ssse3 sdbg fma cx16 xtpr pdcm pcid sse4_1 sse4_2 x2apic movbe popcnt tsc_deadline_timer aes xsave avx f16c rdrand lahf_lm abm 3dnowprefetch cpuid_fault epb cat_l2 cdp_l2 ssbd ibrs ibpb stibp ibrs_enhanced tpr_shadow flexpriority ept vpid ept_ad fsgsbase tsc_adjust bmi1 avx2 smep bmi2 erms invpcid rdt_a avx512f avx512dq rdseed adx smap avx512ifma clflushopt clwb intel_pt avx512cd sha_ni avx512bw avx512vl xsaveopt xsavec xgetbv1 xsaves split_lock_detect user_shstk dtherm ida arat pln pts hwp hwp_notify hwp_act_window hwp_epp hwp_pkg_req vnmi avx512vbmi umip pku ospke avx512_vbmi2 gfni vaes vpclmulqdq avx512_vnni avx512_bitalg avx512_vpopcntdq rdpid movdiri movdir64b fsrm avx512_vp2intersect md_clear ibt flush_l1d arch_capabilities

Online cpus: 0-7
Offline cpus: 
BIOS frequency limitation: <Not Available>
Frequency switch latency (ns): 0
Available cpu frequencies: <Not Available>
Current governor: powersave
Core performance/turbo boost: <Not Available>

Memory: 4k page, physical 16010904k(11755044k free), swap 4194300k(4194300k free)
Page Sizes: 4k

vm_info: OpenJDK 64-Bit Server VM (26.0.1+8-34) for linux-amd64 JRE (26.0.1+8-34), built on 2026-03-10T17:24:10Z with gcc 14.2.0

END.
